{
    "_id": "JG7p7yI12cAPuJ8X",
    "img": "icons/equipment/chest/breastplate-banded-simple-leather-brown.webp",
    "name": "Arachnid Harness",
    "system": {
        "acBonus": 1,
        "baseItem": "leather-armor",
        "bulk": {
            "value": 1
        },
        "category": "light",
        "checkPenalty": -1,
        "containerId": null,
        "description": {
            "value": "<p>This <em>+1 leather armor</em> has four knobbed ribs that wrap around the torso. The armor grants you resistance 2 to poison damage.</p>\n<hr />\n<p><strong>Activate</strong> <span class=\"action-glyph\">1</span> command</p>\n<p><strong>Frequency</strong> once per day</p>\n<p><strong>Effect</strong> The ribs from the armor spread into functional spider limbs. For 1 minute, you gain a climb Speed equal to half your land Speed and have your limbs free as you climb. If you use all your free limbs to help you Climb, your climb Speed equals your land Speed.</p>\n<p>@UUID[Compendium.pf2e.equipment-effects.Item.Effect: Arachnid Harness]</p>\n<hr />\n<p><strong>Craft Requirements</strong> The initial raw materials must include four intact legs from an ogre spider.</p>"
        },
        "dexCap": 4,
        "group": "leather",
        "hardness": 0,
        "hp": {
            "max": 0,
            "value": 0
        },
        "level": {
            "value": 7
        },
        "material": {
            "grade": null,
            "type": null
        },
        "price": {
            "value": {
                "gp": 360
            }
        },
        "publication": {
            "license": "OGL",
            "remaster": false,
            "title": "Pathfinder Treasure Vault"
        },
        "quantity": 1,
        "rules": [
            {
                "key": "Resistance",
                "type": "poison",
                "value": 2
            }
        ],
        "runes": {
            "potency": 1,
            "property": [],
            "resilient": 0
        },
        "size": "med",
        "specific": {
            "material": {
                "grade": null,
                "type": null
            },
            "runes": {
                "potency": 1,
                "property": [],
                "resilient": 0
            }
        },
        "speedPenalty": 0,
        "strength": 0,
        "traits": {
            "rarity": "common",
            "value": []
        }
    },
    "type": "armor"
}
