{
    "_id": "GvAGrcl14Ywcgm2I",
    "img": "icons/equipment/back/cape-layered-red.webp",
    "name": "Armored Cloak",
    "system": {
        "acBonus": 1,
        "baseItem": "armored-cloak",
        "bulk": {
            "value": 0.1
        },
        "category": "light",
        "checkPenalty": -1,
        "containerId": null,
        "description": {
            "value": "<p>This large, thick cloak is fitted with thin strips of metal at key locations along its length. A pair of straps attaches the cloak to your arms, giving you greater control over the cloak's movements. Using these straps, you can constantly move the cloak or keep it wrapped around yourself to block and intercept attacks. Many Firebrands favor wearing armored cloaks over traditional armor for style reasons, such as matching the cloak to the rest of their outfit.</p>"
        },
        "dexCap": 3,
        "group": null,
        "hardness": 0,
        "hp": {
            "max": 0,
            "value": 0
        },
        "level": {
            "value": 0
        },
        "material": {
            "grade": null,
            "type": null
        },
        "price": {
            "value": {
                "gp": 2
            }
        },
        "publication": {
            "license": "OGL",
            "remaster": false,
            "title": "Pathfinder Lost Omens Firebrands"
        },
        "quantity": 1,
        "rules": [],
        "runes": {
            "potency": 0,
            "property": [],
            "resilient": 0
        },
        "size": "med",
        "speedPenalty": 0,
        "strength": 1,
        "traits": {
            "rarity": "common",
            "value": [
                "comfort",
                "flexible"
            ]
        }
    },
    "type": "armor"
}
