{
    "_id": "l3BVdNdtv3486bOk",
    "img": "icons/equipment/chest/breastplate-collared-steel-green.webp",
    "name": "Autumn's Embrace",
    "system": {
        "acBonus": 1,
        "baseItem": "leaf-weave",
        "bulk": {
            "value": 1
        },
        "category": "light",
        "checkPenalty": -1,
        "containerId": null,
        "description": {
            "value": "<p>Woven by fey seamstresses as rewards for servants of nature, countless leaves continually changing colors in autumnal hues comprise <em>autumn's embrace</em>, a suit of <em>+2 invisibility resilient leaf weave</em>. Leaves shed from the armor as they might fall in autumn. When activating the armor's @UUID[Compendium.pf2e.equipment-srd.Item.Invisibility] property rune, you disappear in a swirl of colorful leaves.</p>\n<hr />\n<p><strong>Activate</strong> <span class=\"action-glyph\">2</span> command, envision (aura)</p>\n<p><strong>Frequency</strong> once per day</p>\n<p><strong>Effect</strong> You call forth a storm of leaves from <em>autumn's embrace</em>. These leaves swirl in a @Template[emanation|distance:20] for 1 minute. Creatures within the area are @UUID[Compendium.pf2e.conditionitems.Item.Concealed], and creatures outside the area are concealed to creatures within the leaves. However, you can see through this concealment. You can Dismiss the activation.</p>"
        },
        "dexCap": 4,
        "group": "wood",
        "hardness": 0,
        "hp": {
            "max": 0,
            "value": 0
        },
        "level": {
            "value": 12
        },
        "material": {
            "grade": null,
            "type": null
        },
        "price": {
            "value": {
                "gp": 2000
            }
        },
        "publication": {
            "license": "OGL",
            "remaster": false,
            "title": "Pathfinder Treasure Vault"
        },
        "quantity": 1,
        "rules": [],
        "runes": {
            "potency": 2,
            "property": [
                "invisibility"
            ],
            "resilient": 1
        },
        "size": "med",
        "specific": {
            "material": {
                "grade": null,
                "type": null
            },
            "runes": {
                "potency": 2,
                "property": [
                    "invisibility"
                ],
                "resilient": 1
            }
        },
        "speedPenalty": 0,
        "strength": 0,
        "traits": {
            "rarity": "common",
            "value": [
                "laminar"
            ]
        }
    },
    "type": "armor"
}
