{
    "_id": "oqqHMA3eHBwJ2BlB",
    "img": "icons/containers/bags/satchel-leather-white-tan.webp",
    "name": "Barding Saddle",
    "system": {
        "acBonus": 3,
        "baseItem": null,
        "bulk": {
            "value": 4
        },
        "category": "heavy-barding",
        "checkPenalty": -3,
        "containerId": null,
        "description": {
            "value": "<p>This saddle is covered with well-polished metal plates on the outside and adjusts itself to fit any mount.</p>\n<p><strong>Activate</strong> <span class=\"action-glyph\">2</span> Interact</p><hr /><p><strong>Effect</strong> You touch the metal plates of the saddle, and they begin to unfold and adapt to the creature, covering your mount in heavy barding. This leaves the mount covered with the barding and wearing a simple-looking saddle. The bulk of the saddle is unchanged in either form, but your mount is not affected by the restrictions, nor the benefits, of wearing barding while in saddle form. If the mount is already wearing any barding, this has no effect. You can make the barding return to its saddle form by following the same process.</p>"
        },
        "dexCap": 3,
        "group": null,
        "hardness": 0,
        "hp": {
            "max": 0,
            "value": 0
        },
        "level": {
            "value": 7
        },
        "material": {
            "grade": null,
            "type": null
        },
        "price": {
            "value": {
                "gp": 330
            }
        },
        "publication": {
            "license": "OGL",
            "remaster": false,
            "title": "Pathfinder Lost Omens Knights of Lastwall"
        },
        "quantity": 1,
        "rules": [],
        "runes": {
            "potency": 0,
            "property": [],
            "resilient": 0
        },
        "size": "med",
        "speedPenalty": -10,
        "strength": 5,
        "traits": {
            "rarity": "uncommon",
            "value": [
                "companion",
                "invested",
                "magical"
            ]
        }
    },
    "type": "armor"
}
