{
    "_id": "oGVtymwknrJS8gWW",
    "img": "systems/pf2e/icons/equipment/armor/bastion-plate.webp",
    "name": "Bastion Plate",
    "system": {
        "acBonus": 6,
        "baseItem": "bastion-plate",
        "bulk": {
            "value": 5
        },
        "category": "heavy",
        "checkPenalty": -3,
        "containerId": null,
        "description": {
            "value": "<p>This cumbersome and sturdy plate armor has fluting and additional protection built into the cuirass, helm, pauldrons, and vambraces. Bastion plate was invented for protection in combat tournaments meant to be sporting rather than lethal.</p>"
        },
        "dexCap": 0,
        "group": "plate",
        "hardness": 0,
        "hp": {
            "max": 0,
            "value": 0
        },
        "level": {
            "value": 2
        },
        "material": {
            "grade": null,
            "type": null
        },
        "price": {
            "value": {
                "gp": 33
            }
        },
        "publication": {
            "license": "OGL",
            "remaster": false,
            "title": "Pathfinder Treasure Vault"
        },
        "quantity": 1,
        "rules": [],
        "runes": {
            "potency": 0,
            "property": [],
            "resilient": 0
        },
        "size": "med",
        "speedPenalty": -10,
        "strength": 4,
        "traits": {
            "rarity": "common",
            "value": [
                "bulwark",
                "entrench-melee",
                "hindering"
            ]
        }
    },
    "type": "armor"
}
