{
    "_id": "DUTKrSu5iJMktfZI",
    "img": "icons/equipment/chest/breastplate-layered-gilded-black.webp",
    "name": "Black Hole Armor",
    "system": {
        "acBonus": 6,
        "baseItem": "fortress-plate",
        "bulk": {
            "value": 5
        },
        "category": "heavy",
        "checkPenalty": -3,
        "containerId": null,
        "description": {
            "value": "<p>The joints of this black <em>+2 greater resilient fortification fortress plate</em> look like swirling vortices of silver. Non-magical ammunition and thrown weapons aimed at you are destroyed after they hit you and deal damage or miss you. You also have resistance 10 to physical damage from ranged attacks.</p>\n<p>When an enemy's ranged attack misses you or hits you and deals no damage, the armor absorbs the projectile. When it has absorbed six projectiles, the armor glows at the joints.</p>\n<p><strong>Activate</strong> <span class=\"action-glyph\">r</span> Interact</p>\n<p><strong>Frequency</strong> once per minute</p>\n<p><strong>Trigger</strong> A ranged weapon Strike targets a creature within 20 feet of you and the attacker hasn't yet rolled its attack</p>\n<p><strong>Effect</strong> The triggering Strike targets you instead of its intended target.</p>\n<hr />\n<p><strong>Activate</strong> <span class=\"action-glyph\">1</span> Interact</p>\n<p><strong>Requirements</strong> The <em>black hole armor</em> has absorbed six or more projectiles</p>\n<p><strong>Effect</strong> All the projectiles absorbed by the armor appear out of thin air, as though transported there, falling in a @Template[burst|distance:10] within 120 feet of you. Each creature in the burst takes @Damage[10d8[piercing]|options:area-damage] with a @Check[reflex|dc:35|options:area-effect,damaging-effect] save. The absorbed projectiles are all expended, and the armor's joints stop glowing.</p>"
        },
        "dexCap": 0,
        "group": "plate",
        "hardness": 0,
        "hp": {
            "max": 0,
            "value": 0
        },
        "level": {
            "value": 16
        },
        "material": {
            "grade": null,
            "type": null
        },
        "price": {
            "value": {
                "gp": 8500
            }
        },
        "publication": {
            "license": "OGL",
            "remaster": false,
            "title": "Pathfinder Treasure Vault"
        },
        "quantity": 1,
        "rules": [
            {
                "definition": [
                    "damage:category:physical",
                    "item:ranged"
                ],
                "key": "Resistance",
                "label": "PF2E.IWR.Custom.PhysicalRangedAttacks",
                "type": "custom",
                "value": 10
            }
        ],
        "runes": {
            "potency": 2,
            "property": [
                "fortification"
            ],
            "resilient": 2
        },
        "size": "med",
        "specific": {
            "material": {
                "grade": null,
                "type": null
            },
            "runes": {
                "potency": 2,
                "property": [
                    "fortification"
                ],
                "resilient": 2
            }
        },
        "speedPenalty": -10,
        "strength": 4,
        "traits": {
            "rarity": "common",
            "value": [
                "bulwark",
                "entrench-ranged",
                "ponderous"
            ]
        }
    },
    "type": "armor"
}
