{
    "_id": "qdUlmO7XfBWQU3p5",
    "img": "systems/pf2e/icons/equipment/armor/chainshirt.webp",
    "name": "Blade Byrnie (Greater)",
    "system": {
        "acBonus": 2,
        "baseItem": "chain-shirt",
        "bulk": {
            "value": 1
        },
        "category": "light",
        "checkPenalty": -1,
        "containerId": null,
        "description": {
            "value": "<p>Instead of chain links, this <em>+2 resilient chain shirt</em> is assembled from metal \"leaves\" that each resemble a small blade.</p>\n<p><strong>Activate</strong> <span class=\"action-glyph\">1</span> Interact</p>\n<hr />\n<p><strong>Effect</strong> You pull a link from the armor, which transforms into a <em>+2 greater striking @UUID[Compendium.pf2e.equipment-srd.Item.Dagger]</em>. The dagger disappears and reappears as a link in the armor after you Strike with it, or at the end of this turn if you don't make a Strike. You can Activate the blade byrnie in place of an Interact action to draw a weapon for abilities such as the @UUID[Compendium.pf2e.feats-srd.Item.Quick Draw] feat.</p>\n<p>Upgrading the runes on the blade byrnie makes the daggers pulled from it more powerful. The daggers have a <em>+3 weapon potency</em> rune if the armor has a <em>+3 armor potency</em> rune.</p>"
        },
        "dexCap": 3,
        "group": "chain",
        "hardness": 0,
        "hp": {
            "max": 0,
            "value": 0
        },
        "level": {
            "value": 13
        },
        "material": {
            "grade": null,
            "type": null
        },
        "price": {
            "value": {
                "gp": 3000
            }
        },
        "publication": {
            "license": "OGL",
            "remaster": false,
            "title": "Pathfinder Treasure Vault"
        },
        "quantity": 1,
        "rules": [],
        "runes": {
            "potency": 2,
            "property": [],
            "resilient": 1
        },
        "size": "med",
        "specific": {
            "material": {
                "grade": null,
                "type": null
            },
            "runes": {
                "potency": 2,
                "property": [],
                "resilient": 1
            }
        },
        "speedPenalty": 0,
        "strength": 1,
        "traits": {
            "rarity": "common",
            "value": [
                "flexible",
                "noisy"
            ]
        }
    },
    "type": "armor"
}
