{
    "_id": "GPrjYsQiC3jKdQmO",
    "img": "icons/equipment/chest/breastplate-banded-steel-studded.webp",
    "name": "Blast Suit",
    "system": {
        "acBonus": 6,
        "baseItem": "full-plate",
        "bulk": {
            "value": 2
        },
        "category": "heavy",
        "checkPenalty": -3,
        "containerId": null,
        "description": {
            "value": "<p>Crafted from heavy steel plating and riveted together with cunning precision, this suit of +1 resilient @UUID[Compendium.pf2e.equipment-srd.Item.Full Plate] is specifically designed to protect against sudden explosions. This added layer of security comes at the cost of movement, however.</p>\n<p><strong>Activate</strong> <span class=\"action-glyph\">r</span> command</p>\n<p><strong>Trigger</strong> You're affected by an area effect that requires a Reflex save, or you would take splash damage from a scatter weapon</p>\n<hr />\n<p><strong>Effect</strong> The <em>blast suit</em> locks together into a rigid bulwark, protecting you from the blast but preventing you from moving from your position under any circumstances.</p>\n<p>You become @UUID[Compendium.pf2e.conditionitems.Item.Immobilized], gain a +2 circumstance bonus to your Reflex save against area effects, and gain resistance 5 to all damage you would normally take from area effects and scatter splash damage (this doesn't damage the <em>blast suit</em>). These effects persist for as long as the suit remains in the locked position. You can Interact with the suit to unlock it.</p>\n<p>@UUID[Compendium.pf2e.equipment-effects.Item.Effect: Blast Suit]</p>"
        },
        "dexCap": 0,
        "group": "plate",
        "hardness": 0,
        "hp": {
            "max": 0,
            "value": 0
        },
        "level": {
            "value": 9
        },
        "material": {
            "grade": null,
            "type": null
        },
        "price": {
            "value": {
                "gp": 650
            }
        },
        "publication": {
            "license": "OGL",
            "remaster": false,
            "title": "Pathfinder #180: The Smoking Gun"
        },
        "quantity": 1,
        "rules": [],
        "runes": {
            "potency": 1,
            "property": [],
            "resilient": 1
        },
        "size": "med",
        "specific": {
            "material": {
                "grade": null,
                "type": null
            },
            "runes": {
                "potency": 1,
                "property": [],
                "resilient": 1
            }
        },
        "speedPenalty": -10,
        "strength": 4,
        "traits": {
            "rarity": "uncommon",
            "value": [
                "bulwark",
                "invested",
                "magical"
            ]
        }
    },
    "type": "armor"
}
