{
    "_id": "r0ifJfoz8aqf0mwk",
    "img": "icons/equipment/chest/breastplate-collared-steel.webp",
    "name": "Breastplate",
    "system": {
        "acBonus": 4,
        "baseItem": "breastplate",
        "bulk": {
            "value": 2
        },
        "category": "medium",
        "checkPenalty": -2,
        "containerId": null,
        "description": {
            "value": "<p>Though referred to as a breastplate, this type of armor consists of several pieces of plate or @UUID[Compendium.pf2e.equipment-srd.Item.Half Plate] armor that protect the torso, chest, neck, and sometimes the hips and lower legs. It strategically grants some of the protection of plate while allowing greater flexibility and speed.</p>"
        },
        "dexCap": 1,
        "group": "plate",
        "hardness": 0,
        "hp": {
            "max": 0,
            "value": 0
        },
        "level": {
            "value": 0
        },
        "material": {
            "grade": null,
            "type": null
        },
        "price": {
            "value": {
                "gp": 8
            }
        },
        "publication": {
            "license": "ORC",
            "remaster": true,
            "title": "Pathfinder Player Core"
        },
        "quantity": 1,
        "rules": [],
        "runes": {
            "potency": 0,
            "property": [],
            "resilient": 0
        },
        "size": "med",
        "speedPenalty": -5,
        "strength": 3,
        "traits": {
            "rarity": "common",
            "value": []
        }
    },
    "type": "armor"
}
