{
    "_id": "JU6gJSmibl5Q3k6F",
    "img": "icons/equipment/chest/breastplate-banded-steel-studded.webp",
    "name": "Breastplate of the Mountain",
    "system": {
        "acBonus": 4,
        "apex": {
            "attribute": "con"
        },
        "baseItem": "breastplate",
        "bulk": {
            "value": 2
        },
        "category": "medium",
        "checkPenalty": -2,
        "containerId": null,
        "description": {
            "value": "<p>Constructed of dull gray metal, this breastplate is decorated with the symbol of a craggy black mountaintop. This breastplate functions as a <em>+3 greater resilient breastplate</em>. When you're Shoved or otherwise forced to move, you can reduce the amount you move by up to 10 feet. When you invest the breastplate, you either increase your Constitution modifier by 1 or increase it to +4, whichever is higher.</p>\n<p><strong>Activate</strong> <span class=\"action-glyph\">2</span> Interact</p>\n<p><strong>Frequency</strong> once per day</p>\n<p><strong>Effect</strong> You pound a solid and constant rhythm on your breastplate and cast a 7th-rank @UUID[Compendium.pf2e.spells-srd.Item.Regenerate] spell on yourself.</p>\n<hr />\n<p><strong>Activate</strong> <span class=\"action-glyph\">1</span> Interact</p>\n<p><strong>Frequency</strong> once per day</p>\n<p><strong>Effect</strong> With a single tap, you gain immunity to poison for 1 minute.</p>\n<p>@UUID[Compendium.pf2e.equipment-effects.Item.Effect: Breastplate of the Mountain]</p>\n<hr />\n<p><strong>Activate</strong> <span class=\"action-glyph\">R</span> envision</p>\n<p><strong>Frequency</strong> once per day</p>\n<p><strong>Trigger</strong> You fail or critically fail a Fortitude saving throw</p>\n<p><strong>Effect</strong> If you failed the saving throw, it becomes a success. If you critically failed, it becomes a failure instead.</p>"
        },
        "dexCap": 1,
        "group": "plate",
        "hardness": 0,
        "hp": {
            "max": 0,
            "value": 0
        },
        "level": {
            "value": 20
        },
        "material": {
            "grade": null,
            "type": null
        },
        "price": {
            "value": {
                "gp": 70000
            }
        },
        "publication": {
            "license": "OGL",
            "remaster": false,
            "title": "Pathfinder Treasure Vault"
        },
        "quantity": 1,
        "rules": [],
        "runes": {
            "potency": 3,
            "property": [],
            "resilient": 2
        },
        "size": "med",
        "specific": {
            "material": {
                "grade": null,
                "type": null
            },
            "runes": {
                "potency": 3,
                "property": [],
                "resilient": 2
            }
        },
        "speedPenalty": -5,
        "strength": 3,
        "traits": {
            "rarity": "common",
            "value": [
                "apex",
                "invested",
                "magical"
            ]
        }
    },
    "type": "armor"
}
