{
    "_id": "Hg7btiITMu6Zf2EU",
    "img": "systems/pf2e/icons/equipment/armor/ceramic-plate.webp",
    "name": "Ceramic Plate",
    "system": {
        "acBonus": 3,
        "baseItem": "ceramic-plate",
        "bulk": {
            "value": 2
        },
        "category": "medium",
        "checkPenalty": -2,
        "containerId": null,
        "description": {
            "value": "<p>Traditional armor from Senghor, ceramic plate alleviates the need for metallurgy and smithing, instead relying on ceramic firing, glazing, and strong cord work with a backing of leather and thick canvas. Ceramic plate that follows Senghor's style is colorful and artistic, and is built with the armor latches armor adjustment.</p>"
        },
        "dexCap": 2,
        "group": "plate",
        "hardness": 0,
        "hp": {
            "max": 0,
            "value": 0
        },
        "level": {
            "value": 0
        },
        "material": {
            "grade": null,
            "type": null
        },
        "price": {
            "value": {
                "gp": 6
            }
        },
        "publication": {
            "license": "OGL",
            "remaster": false,
            "title": "Pathfinder Treasure Vault"
        },
        "quantity": 1,
        "rules": [],
        "runes": {
            "potency": 0,
            "property": [],
            "resilient": 0
        },
        "size": "med",
        "speedPenalty": -5,
        "strength": 2,
        "traits": {
            "rarity": "common",
            "value": [
                "adjusted",
                "noisy"
            ]
        }
    },
    "type": "armor"
}
