{
    "_id": "MPcM4Wt6KmWE2kGL",
    "img": "systems/pf2e/icons/equipment/armor/chainshirt.webp",
    "name": "Chain Shirt",
    "system": {
        "acBonus": 2,
        "baseItem": "chain-shirt",
        "bulk": {
            "value": 1
        },
        "category": "light",
        "checkPenalty": -1,
        "containerId": null,
        "description": {
            "value": "<p>Sometimes called a hauberk, this is a long shirt constructed of the same metal rings as chain mail. However, it is much lighter than chain mail and protects only the torso, upper arms, and upper legs of its wearer.</p>"
        },
        "dexCap": 3,
        "group": "chain",
        "hardness": 0,
        "hp": {
            "max": 0,
            "value": 0
        },
        "level": {
            "value": 0
        },
        "material": {
            "grade": null,
            "type": null
        },
        "price": {
            "value": {
                "gp": 5
            }
        },
        "publication": {
            "license": "ORC",
            "remaster": true,
            "title": "Pathfinder Player Core"
        },
        "quantity": 1,
        "rules": [],
        "runes": {
            "potency": 0,
            "property": [],
            "resilient": 0
        },
        "size": "med",
        "speedPenalty": 0,
        "strength": 1,
        "traits": {
            "rarity": "common",
            "value": [
                "flexible",
                "noisy"
            ]
        }
    },
    "type": "armor"
}
