{
    "_id": "Kf4eJEXnFPuAsseP",
    "img": "systems/pf2e/icons/equipment/armor/chainmail.webp",
    "name": "Chain Mail",
    "system": {
        "acBonus": 4,
        "baseItem": "chain-mail",
        "bulk": {
            "value": 2
        },
        "category": "medium",
        "checkPenalty": -2,
        "containerId": null,
        "description": {
            "value": "<p>A suit of chain mail consists of several pieces of armor composed of small metal rings linked together in a protective mesh. It typically includes a chain shirt, leggings, a pair of arms, and a coif, collectively protecting most of the body.</p>"
        },
        "dexCap": 1,
        "group": "chain",
        "hardness": 0,
        "hp": {
            "max": 0,
            "value": 0
        },
        "level": {
            "value": 0
        },
        "material": {
            "grade": null,
            "type": null
        },
        "price": {
            "value": {
                "gp": 6
            }
        },
        "publication": {
            "license": "ORC",
            "remaster": true,
            "title": "Pathfinder Player Core"
        },
        "quantity": 1,
        "rules": [],
        "runes": {
            "potency": 0,
            "property": [],
            "resilient": 0
        },
        "size": "med",
        "speedPenalty": -5,
        "strength": 3,
        "traits": {
            "rarity": "common",
            "value": [
                "flexible",
                "noisy"
            ]
        }
    },
    "type": "armor"
}
