{
    "_id": "EHMRryMB3s6XdkRz",
    "img": "systems/pf2e/icons/equipment/armor/specific-magic-armor/clockwork-diving-suit.webp",
    "name": "Clockwork Diving Suit",
    "system": {
        "acBonus": 4,
        "baseItem": null,
        "bulk": {
            "value": 4
        },
        "category": "light",
        "checkPenalty": -4,
        "containerId": null,
        "description": {
            "value": "<p>The clockwork diving suit is a marvel of technology that allows its user to breathe underwater for hours at a time without the aid of magic. Compared to a more traditional magically-assisted diving suit using a bottle of air, a clockwork diving suit is both less expensive and better protected, making clockwork diving suits a good choice for characters who prefer more protection. However, they also come with a built-in time limit, which magical diving suits circumvent. A clockwork diving suit is a bulky, fully sealed suit of armor lined with a complex series of filter-equipped bladders that store and circulate air for the user to breathe. A glass faceplate on the front of the helmet allows the user to see what's going on in front of them.</p>\n<p>The suit's rigidity and mechanisms severely restrict the user's range of movement and keeps them from moving faster than a slow walk on the sea floor. To compensate for this, a clockwork water jet mechanism is installed in the suit's back. The water jet includes both a vacuum system and separate air bladder; it's activated with a simple pull of a lever on the suit's belt. When the lever is pulled, the vacuum system sucks in seawater, and seconds later, the air bladder sprays the water out and propels the user short distances. This mechanism is also necessary for the suit to surface without walking to shore-it's too heavy to float on its own. Most wearers can only swim a few feet before sinking back to the water's floor.</p>\n<p>The diving suit contains enough air for three hours of operation, and the clockwork components can operate for up to 3 hours before the suit needs winding. If you run out of air, drowning and suffocation rules begin to apply as normal. This air supply can be refilled by spending one hour in an area with air, and you can rewind the clockwork in a process that takes 10 minutes to complete. The diving suit is a suit of medium armor, and it has the following stats:</p>\n<p><strong>AC Bonus</strong> +4; <strong>Dex Cap</strong> +1; <strong>Check Penalty</strong>-4; <strong>Speed Penalty</strong>-15 ft; <strong>Strength</strong> +4</p><hr /><p><strong>Activate</strong> <span class=\"action-glyph\">2</span> (manipulate)</p>\n<p><strong>Effect</strong> The diving suit shoots out a water jet that causes you to Swim 25 feet in a straight line. The distance of this movement is unaffected by your swim Speed, if you have one, or the armor's Speed penalty. However, difficult terrain, such as the difficult terrain for moving up or down or moving against a current, still slows this movement.</p>"
        },
        "dexCap": 1,
        "group": null,
        "hardness": 0,
        "hp": {
            "max": 0,
            "value": 0
        },
        "level": {
            "value": 6
        },
        "material": {
            "grade": null,
            "type": null
        },
        "price": {
            "value": {
                "gp": 200
            }
        },
        "publication": {
            "license": "ORC",
            "remaster": true,
            "title": "Pathfinder Guns & Gears"
        },
        "quantity": 1,
        "rules": [],
        "runes": {
            "potency": 0,
            "property": [],
            "resilient": 0
        },
        "size": "med",
        "speedPenalty": -15,
        "strength": 4,
        "traits": {
            "rarity": "uncommon",
            "value": []
        }
    },
    "type": "armor"
}
