{
    "_id": "jau3C5ao3vm2gt8c",
    "img": "icons/equipment/chest/breastplate-purple.webp",
    "name": "Clockwork Disguise",
    "system": {
        "acBonus": 2,
        "baseItem": null,
        "bulk": {
            "value": 2
        },
        "category": "light",
        "checkPenalty": -1,
        "containerId": null,
        "description": {
            "value": "<p>Sometimes, just disguising one's face just isn't convincing enough. Clockwork disguises were invented to supplement regular disguise kits, which are used all across Golarion. For example, if a spy wants to infiltrate a military camp, they must be wearing the same type of armor as the soldiers stationed there-or else have a very good explanation for their commander as to why they're out of proper uniform!</p>\n<p>The clockwork disguise is intended to help avoid such awkward, potentially fatal confrontations. The clockwork disguise looks like a harness connected to hundreds of small metal plates that cover the user's torso and arms. Each of these plates is equipped with several hinges, allowing them to be shaped into a wide variety of patterns. When these shaped plates are arranged and connected, they can be made to look like almost any basic suit of light or medium metal armor, though armor embellishments such as those worn by high-ranking officers are beyond this device. The arrangement process takes some time, but once it's completed, the user need only perform a few simple adjustments to a clockwork mechanism in the disguise to make the plate arrangement into a new preset configuration. Afterwards, when the user flips a switch on the harness's belt to one of three positions, the plates shift, overlap, and connect as necessary to transform the disguise into the desired preset configuration. The clockwork disguise can have up to three preset configurations at a time, and most users use a minimum of two: the one required for their current task, and a suitably inconspicuous configuration for when the first configuration is unnecessary.</p>\n<p>Giving a clockwork disguise a new preset configuration requires 20 minutes of work. The clockwork disguise can have a maximum of three preset configurations at a time, and it can only mimic light and medium armor suits made of metal.</p>\n<p>The clockwork disguise is light armor and has the following stats, regardless of which type of armor it mimics:</p>\n<p><strong>AC Bonus</strong> +2; <strong>Dex Cap</strong> +3; <strong>Check Penalty</strong>-1; <strong>Strength</strong> 12; <strong>Group</strong> plate</p><hr /><p><strong>Activate—Deploy Disguise</strong> <span class=\"action-glyph\">1</span> (manipulate)</p>\n<p><strong>Effect</strong> Transform the clockwork disguise into any one current preset configuration of the user's choice.</p>"
        },
        "dexCap": 3,
        "group": "plate",
        "hardness": 0,
        "hp": {
            "max": 0,
            "value": 0
        },
        "level": {
            "value": 6
        },
        "material": {
            "grade": null,
            "type": null
        },
        "price": {
            "value": {
                "gp": 200
            }
        },
        "publication": {
            "license": "OGL",
            "remaster": false,
            "title": "Pathfinder Guns & Gears"
        },
        "quantity": 1,
        "rules": [],
        "runes": {
            "potency": 0,
            "property": [],
            "resilient": 0
        },
        "size": "med",
        "speedPenalty": 0,
        "strength": 1,
        "traits": {
            "rarity": "uncommon",
            "value": [
                "clockwork"
            ]
        }
    },
    "type": "armor"
}
