{
    "_id": "VMksM7bLAZW9LxH4",
    "img": "icons/equipment/chest/shirt-collared-pink.webp",
    "name": "Cloister Robe (Moderate)",
    "system": {
        "acBonus": 0,
        "baseItem": "explorers-clothing",
        "bulk": {
            "value": 0.1
        },
        "category": "unarmored",
        "checkPenalty": 0,
        "containerId": null,
        "description": {
            "value": "<p>The most devoted, cloistered clerics wear a <em>cloister robe</em>. Decorations symbolic of a specific deity adorn the robe, and the robe's colors and the complexity of its construction fit the deity's outlook. The robe serves as a religious symbol of that deity, and it doesn't need to be wielded to provide that benefit. The robe is <em>+2 resilient explorer's clothing</em> and grants a +2 item bonus to Religion checks. The robe doesn't grant any benefits to a wearer who doesn't worship the deity tied to the robe. In addition, when you cast a domain spell from one of the deity's domains, you gain resistance to damage from divine spells until the end of your next turn. This resistance is equal to half the robe's level.</p>\n<p><strong>Craft Requirements</strong> You are a cleric who worships the deity tied to the robe.</p>"
        },
        "dexCap": 5,
        "group": "cloth",
        "hardness": 0,
        "hp": {
            "max": 0,
            "value": 0
        },
        "level": {
            "value": 12
        },
        "material": {
            "grade": null,
            "type": null
        },
        "price": {
            "value": {
                "gp": 1800
            }
        },
        "publication": {
            "license": "OGL",
            "remaster": false,
            "title": "Pathfinder Treasure Vault"
        },
        "quantity": 1,
        "rules": [
            {
                "key": "FlatModifier",
                "selector": "religion",
                "type": "item",
                "value": 2
            }
        ],
        "runes": {
            "potency": 2,
            "property": [],
            "resilient": 1
        },
        "size": "med",
        "specific": {
            "material": {
                "grade": null,
                "type": null
            },
            "runes": {
                "potency": 2,
                "property": [],
                "resilient": 1
            }
        },
        "speedPenalty": 0,
        "strength": null,
        "traits": {
            "rarity": "common",
            "value": [
                "divine",
                "invested"
            ]
        }
    },
    "type": "armor"
}
