{
    "_id": "bZHqPBdQjPS02Rd4",
    "img": "systems/pf2e/icons/equipment/armor/coral-armor.webp",
    "name": "Coral Armor",
    "system": {
        "acBonus": 3,
        "baseItem": "coral-armor",
        "bulk": {
            "value": 2
        },
        "category": "medium",
        "checkPenalty": -2,
        "containerId": null,
        "description": {
            "value": "<p>A good option for undersea explorers and aquatic peoples alike, coral armor consists of panels of carved coral. If worn underwater, some of this coral can even be alive.</p>"
        },
        "dexCap": 2,
        "group": "skeletal",
        "hardness": 0,
        "hp": {
            "max": 0,
            "value": 0
        },
        "level": {
            "value": 0
        },
        "material": {
            "grade": null,
            "type": null
        },
        "price": {
            "value": {
                "gp": 5
            }
        },
        "publication": {
            "license": "OGL",
            "remaster": false,
            "title": "Pathfinder Treasure Vault"
        },
        "quantity": 1,
        "rules": [],
        "runes": {
            "potency": 0,
            "property": [],
            "resilient": 0
        },
        "size": "med",
        "speedPenalty": -5,
        "strength": 2,
        "traits": {
            "rarity": "common",
            "value": [
                "adjusted",
                "aquadynamic"
            ]
        }
    },
    "type": "armor"
}
