{
    "_id": "WOwVBsiwLQxnIJRV",
    "img": "icons/equipment/chest/breastplate-layered-leather-studded-brown.webp",
    "name": "Devil's Bargain",
    "system": {
        "acBonus": 2,
        "baseItem": "studded-leather-armor",
        "bulk": {
            "value": 0.1
        },
        "category": "light",
        "checkPenalty": -1,
        "containerId": null,
        "description": {
            "value": "<p>Those favored by Asmodeus can be found wearing this <em>+1 studded leather</em>, which is lacquered in red and black.</p>\n<p><strong>Activate</strong> <span class=\"action-glyph\">r</span> envision (fortune)</p>\n<p><strong>Frequency</strong> once per day</p>\n<p><strong>Trigger</strong> You critically fail an attack roll, check, or saving throw</p>\n<hr />\n<p><strong>Effect</strong> You offer a prayer to Asmodeus, who accepts under a reciprocal condition. Reroll the triggering roll with a +2 circumstance bonus and use the higher result.</p>\n<p>If this reroll improves your degree of success, the GM can later reroll one Strike against you, one saving throw against your abilities, or one secret check or saving throw you make. This is a fortune effect if used on a Strike or save against you, or a misfortune effect if used on your secret check or saving throw. The GM must use this reroll before the end of the last day you activated the armor.</p>"
        },
        "dexCap": 3,
        "group": "leather",
        "hardness": 0,
        "hp": {
            "max": 0,
            "value": 0
        },
        "level": {
            "value": 6
        },
        "material": {
            "grade": null,
            "type": null
        },
        "price": {
            "value": {
                "gp": 250
            }
        },
        "publication": {
            "license": "OGL",
            "remaster": false,
            "title": "Pathfinder Treasure Vault"
        },
        "quantity": 1,
        "rules": [
            {
                "domain": "all",
                "key": "RollOption",
                "option": "devils-bargain",
                "toggleable": true
            },
            {
                "key": "FlatModifier",
                "predicate": [
                    "devils-bargain"
                ],
                "selector": [
                    "strike-attack-roll",
                    "skill-check",
                    "perception",
                    "saving-throw"
                ],
                "type": "circumstance",
                "value": 2
            }
        ],
        "runes": {
            "potency": 1,
            "property": [],
            "resilient": 0
        },
        "size": "med",
        "specific": {
            "material": {
                "grade": null,
                "type": null
            },
            "runes": {
                "potency": 1,
                "property": [],
                "resilient": 0
            }
        },
        "speedPenalty": 0,
        "strength": 1,
        "traits": {
            "rarity": "uncommon",
            "value": [
                "evil"
            ]
        }
    },
    "type": "armor"
}
