{
    "_id": "u9BdrpYhJDUPQFCF",
    "img": "icons/equipment/chest/breastplate-gorget-steel-white.webp",
    "name": "Dragon Turtle Plate",
    "system": {
        "acBonus": 5,
        "baseItem": "half-plate",
        "bulk": {
            "value": 3
        },
        "category": "heavy",
        "checkPenalty": -3,
        "containerId": null,
        "description": {
            "value": "<p>This harness of <em>+1 resilient half plate</em> is made from the shell plates of a dragon turtle and has the aquadynamic trait. Fashioned from organic material, the suit is one of the few heavy armors not anathema to druids.</p>\n<p><strong>Activate</strong> <span class=\"action-glyph\">r</span> Interact</p>\n<p><strong>Trigger</strong> A creature adjacent to you targets you with a melee attack</p>\n<hr />\n<p><strong>Effect</strong> You roll the hefty plates of the <em>dragon turtle armor</em> toward the attacker to gain a +1 circumstance bonus to AC against the triggering attack.</p>\n<hr />\n<p><strong>Craft Requirements</strong> The initial raw materials must include the shell of a dragon turtle.</p>"
        },
        "dexCap": 1,
        "group": "plate",
        "hardness": 0,
        "hp": {
            "max": 0,
            "value": 0
        },
        "level": {
            "value": 9
        },
        "material": {
            "grade": null,
            "type": null
        },
        "price": {
            "value": {
                "gp": 700
            }
        },
        "publication": {
            "license": "OGL",
            "remaster": false,
            "title": "Pathfinder Treasure Vault"
        },
        "quantity": 1,
        "rules": [
            {
                "domain": "all",
                "key": "RollOption",
                "option": "dragon-turtle-plate",
                "toggleable": true
            },
            {
                "key": "FlatModifier",
                "predicate": [
                    "dragon-turtle-plate",
                    "item:melee"
                ],
                "selector": "ac",
                "type": "circumstance",
                "value": 1
            }
        ],
        "runes": {
            "potency": 1,
            "property": [],
            "resilient": 1
        },
        "size": "med",
        "specific": {
            "material": {
                "grade": null,
                "type": null
            },
            "runes": {
                "potency": 1,
                "property": [],
                "resilient": 1
            }
        },
        "speedPenalty": -10,
        "strength": 3,
        "traits": {
            "rarity": "common",
            "value": [
                "aquadynamic"
            ]
        }
    },
    "type": "armor"
}
