{
    "_id": "3xsQ1AA4dyMHLxpw",
    "img": "systems/pf2e/icons/equipment/armor/specific-magic-armor/dragonplate.webp",
    "name": "Dragonplate",
    "system": {
        "acBonus": 6,
        "baseItem": "full-plate",
        "bulk": {
            "value": 4
        },
        "category": "heavy",
        "checkPenalty": -3,
        "containerId": null,
        "description": {
            "value": "<p>This suit of +2 <em>greater resilient dragonhide full plate</em> makes you look like a fearsome dragon. The armor comes in many different varieties depending on the type of dragon from which it's made, though they usually conform to the four magical traditions.</p><hr /><p><strong>Activate—Dragon Breath</strong> <span class=\"action-glyph\">2</span> (manipulate)</p>\n<p><strong>Frequency</strong> once per day</p><hr /><p><strong>Effect</strong> You unleash a @Template[cone|distance:15] of energy with a damage type and saving throw corresponding to the tradition of the dragon used to make the armor (shown on the table below). The cone deals 14d6 damage; each creature in the area must attempt a DC 36 basic saving throw.</p><hr /><p><strong>Craft Requirements</strong> The initial raw materials must include 1,250 gp of dragonhide.</p><table class=\"pf2e remaster\"><thead><tr><th>Dragon Tradition</th><th>Damage</th></tr></thead><tbody><tr><td>Arcane</td><td>@Damage[14d6[force]|options:area-damage]{Force} (@Check[reflex|dc:36|basic|options:area-effect]{Reflex})</td></tr><tr><td>Divine</td><td>@Damage[14d6[spirit]|options:area-damage]{Spirit} (@Check[reflex|dc:36|basic|options:area-effect]{Reflex})</td></tr><tr><td>Occult</td><td>@Damage[14d6[mental]|options:area-damage]{Mental} (@Check[will|dc:36|basic|options:area-effect]{Will})</td></tr><tr><td>Primal</td><td>@Damage[14d6[poison]|options:area-damage]{Poison} (@Check[fortitude|dc:36|basic|options:area-effect]{Fortitude})</td></tr></tbody></table>"
        },
        "dexCap": 0,
        "group": "plate",
        "hardness": 0,
        "hp": {
            "max": 0,
            "value": 0
        },
        "level": {
            "value": 16
        },
        "material": {
            "grade": "standard",
            "type": "dragonhide"
        },
        "price": {
            "value": {
                "gp": 10000
            }
        },
        "publication": {
            "license": "ORC",
            "remaster": true,
            "title": "Pathfinder Player Core 2"
        },
        "quantity": 1,
        "rules": [],
        "runes": {
            "potency": 2,
            "property": [],
            "resilient": 2
        },
        "size": "med",
        "specific": {
            "material": {
                "grade": "standard",
                "type": "dragonhide"
            },
            "runes": {
                "potency": 2,
                "property": [],
                "resilient": 2
            }
        },
        "speedPenalty": -10,
        "strength": 4,
        "traits": {
            "rarity": "uncommon",
            "value": [
                "bulwark",
                "invested",
                "magical"
            ]
        }
    },
    "type": "armor"
}
