{
    "_id": "8HxM35X8DDt2gw9d",
    "img": "systems/pf2e/icons/equipment/armor/specific-magic-armor/electric-eelskin.webp",
    "name": "Electric Eelskin",
    "system": {
        "acBonus": 1,
        "baseItem": "leather-armor",
        "bulk": {
            "value": 1
        },
        "category": "light",
        "checkPenalty": 0,
        "containerId": null,
        "description": {
            "value": "<p>Shining, slippery eelskin covers the plates of this +1 <em>resilient greater slick leather armor</em>. The armor gives you the ability to breathe water and grants you a +2 item bonus to Athletics checks to Swim and Stealth checks you attempt in the water.</p>\n<hr />\n<p><strong>Activate—Unleash Charge</strong> <span class=\"action-glyph\">2</span> (manipulate)</p>\n<p><strong>Frequency</strong> once per hour</p>\n<hr />\n<p><strong>Effect</strong> You cast a 2nd-rank @UUID[Compendium.pf2e.spells-srd.Item.Thunderstrike] with a @Check[reflex|dc:29|basic|traits:electricity,sonic,spell].</p>\n<hr />\n<p><strong>Craft Requirements</strong> Supply one casting of <em>thunderstrike</em>.</p>"
        },
        "dexCap": 4,
        "group": "leather",
        "hardness": 0,
        "hp": {
            "max": 0,
            "value": 0
        },
        "level": {
            "value": 10
        },
        "material": {
            "grade": null,
            "type": null
        },
        "price": {
            "value": {
                "gp": 950
            }
        },
        "publication": {
            "license": "ORC",
            "remaster": true,
            "title": "Pathfinder GM Core"
        },
        "quantity": 1,
        "rules": [
            {
                "key": "FlatModifier",
                "label": "Electric Eelskin (Swim)",
                "predicate": [
                    "action:swim"
                ],
                "selector": "athletics",
                "type": "item",
                "value": 2
            },
            {
                "key": "FlatModifier",
                "label": "Electric Eelskin (Water)",
                "predicate": [
                    "terrain:water"
                ],
                "selector": "stealth",
                "type": "item",
                "value": 2
            }
        ],
        "runes": {
            "potency": 1,
            "property": [
                "greaterSlick"
            ],
            "resilient": 1
        },
        "size": "med",
        "specific": {
            "material": {
                "grade": null,
                "type": null
            },
            "runes": {
                "potency": 1,
                "property": [
                    "greaterSlick"
                ],
                "resilient": 1
            }
        },
        "speedPenalty": 0,
        "strength": 0,
        "traits": {
            "rarity": "common",
            "value": [
                "invested",
                "magical"
            ]
        }
    },
    "type": "armor"
}
