{
    "_id": "peAvz7u35GEfTXxp",
    "img": "systems/pf2e/icons/equipment/armor/precious-metal-armor/elven-chain.webp",
    "name": "Elven Chain (Standard-Grade)",
    "system": {
        "acBonus": 2,
        "baseItem": null,
        "bulk": {
            "value": 0.1
        },
        "category": "light",
        "checkPenalty": 0,
        "containerId": null,
        "description": {
            "value": "<p>Elven chain is a @UUID[Compendium.pf2e.equipment-srd.Item.Chain Shirt] made of dawnsilver that glitters in even the faintest light. Because it's constructed with small, supple rings, it has no check penalty.</p>\n<p>Created by elven artisans employing ancient crafting techniques, elven chain is exceptionally quiet. Unlike other chain shirts-even other dawnsilver chain shirts-elven chain does not have the noisy trait. This suit of armor can be etched with runes like any other dawnsilver chain shirt.</p>\n<p><strong>Craft Requirements</strong> The initial raw materials must include dawnsilver worth at least 3,125 sp.</p>"
        },
        "dexCap": 3,
        "group": "chain",
        "hardness": 0,
        "hp": {
            "max": 0,
            "value": 0
        },
        "level": {
            "value": 13
        },
        "material": {
            "grade": "standard",
            "type": "dawnsilver"
        },
        "price": {
            "value": {
                "gp": 740
            }
        },
        "publication": {
            "license": "ORC",
            "remaster": true,
            "title": "Pathfinder GM Core"
        },
        "quantity": 1,
        "rules": [],
        "runes": {
            "potency": 0,
            "property": [],
            "resilient": 0
        },
        "size": "med",
        "speedPenalty": 0,
        "strength": 1,
        "traits": {
            "rarity": "uncommon",
            "value": [
                "flexible"
            ]
        }
    },
    "type": "armor"
}
