{
    "_id": "AqVJOBjXbeao5An7",
    "img": "icons/equipment/chest/breastplate-layered-leather-studded.webp",
    "name": "Energizing Lattice",
    "system": {
        "acBonus": 4,
        "baseItem": "lattice-armor",
        "bulk": {
            "value": 2
        },
        "category": "medium",
        "checkPenalty": -2,
        "containerId": null,
        "description": {
            "value": "<p>This suit of <em>+2 resilient fortification lattice armor</em> has latticework of fine golden wire. After negating a critical hit with its <em>fortification</em> rune, the latticework glows for 1 minute, shedding bright light in a 20-foot radius (and dim light for the next 20 feet). You can Dismiss this light.</p>\n<p>@UUID[Compendium.pf2e.equipment-effects.Item.Effect: Energizing Lattice]</p><hr /><p><strong>Activate</strong> <span class=\"action-glyph\">2</span> envision (force)</p>\n<p><strong>Requirements</strong> The <em>energizing lattice</em> is glowing because it negated an enemy's critical hit</p><hr /><p><strong>Effect</strong> You release the lattice's energy and make a weapon or unarmed attack Strike that deals 6d6 additional force damage. If your Strike fails, but doesn't critically fail, the target still takes half the force damage. The latticework ceases glowing after the Strike.</p>"
        },
        "dexCap": 1,
        "group": "chain",
        "hardness": 0,
        "hp": {
            "max": 0,
            "value": 0
        },
        "level": {
            "value": 13
        },
        "material": {
            "grade": null,
            "type": null
        },
        "price": {
            "value": {
                "gp": 3000
            }
        },
        "publication": {
            "license": "OGL",
            "remaster": false,
            "title": "Pathfinder Treasure Vault"
        },
        "quantity": 1,
        "rules": [],
        "runes": {
            "potency": 2,
            "property": [
                "fortification"
            ],
            "resilient": 1
        },
        "size": "med",
        "specific": {
            "material": {
                "grade": null,
                "type": null
            },
            "runes": {
                "potency": 2,
                "property": [
                    "fortification"
                ],
                "resilient": 1
            }
        },
        "speedPenalty": -5,
        "strength": 3,
        "traits": {
            "rarity": "common",
            "value": [
                "light"
            ]
        }
    },
    "type": "armor"
}
