{
    "_id": "dDIPA1WE9ESF67EB",
    "img": "icons/equipment/chest/shirt-collared-pink.webp",
    "name": "Explorer's Clothing",
    "system": {
        "acBonus": 0,
        "baseItem": "explorers-clothing",
        "bulk": {
            "value": 0.1
        },
        "category": "unarmored",
        "checkPenalty": 0,
        "containerId": null,
        "description": {
            "value": "<p>Adventurers who don't wear armor travel in durable clothing. Though it's not armor and uses your unarmored defense proficiency, it still has a Dex Cap and can grant an item bonus to AC if etched with potency runes.</p>"
        },
        "dexCap": 5,
        "group": "cloth",
        "hardness": 0,
        "hp": {
            "max": 0,
            "value": 0
        },
        "level": {
            "value": 0
        },
        "material": {
            "grade": null,
            "type": null
        },
        "price": {
            "value": {
                "sp": 1
            }
        },
        "publication": {
            "license": "ORC",
            "remaster": true,
            "title": "Pathfinder Player Core"
        },
        "quantity": 1,
        "rules": [],
        "runes": {
            "potency": 0,
            "property": [],
            "resilient": 0
        },
        "size": "med",
        "speedPenalty": 0,
        "strength": null,
        "traits": {
            "rarity": "common",
            "value": [
                "comfort"
            ]
        }
    },
    "type": "armor"
}
