{
    "_id": "FSDEuHDr1I4JVIJg",
    "img": "icons/equipment/chest/breastplate-layered-gilded-black.webp",
    "name": "Fortress Plate",
    "system": {
        "acBonus": 6,
        "baseItem": "fortress-plate",
        "bulk": {
            "value": 5
        },
        "category": "heavy",
        "checkPenalty": -3,
        "containerId": null,
        "description": {
            "value": "<p>Dwarves of Dongun Hold developed fortress plate, which is still popular in Alkenstar and Dongun Hold. A trained wearer can adjust the articulated armor's overlapping layers of plates and panels to provide protection from missiles.</p>"
        },
        "dexCap": 0,
        "group": "plate",
        "hardness": 0,
        "hp": {
            "max": 0,
            "value": 0
        },
        "level": {
            "value": 2
        },
        "material": {
            "grade": null,
            "type": null
        },
        "price": {
            "value": {
                "gp": 32
            }
        },
        "publication": {
            "license": "OGL",
            "remaster": false,
            "title": "Pathfinder Treasure Vault"
        },
        "quantity": 1,
        "rules": [],
        "runes": {
            "potency": 0,
            "property": [],
            "resilient": 0
        },
        "size": "med",
        "speedPenalty": -10,
        "strength": 4,
        "traits": {
            "rarity": "common",
            "value": [
                "bulwark",
                "entrench-ranged",
                "ponderous"
            ]
        }
    },
    "type": "armor"
}
