{
    "_id": "Gq1cZWSKOtJhKd2p",
    "img": "icons/equipment/chest/breastplate-layered-steel-green.webp",
    "name": "Full Plate",
    "system": {
        "acBonus": 6,
        "baseItem": "full-plate",
        "bulk": {
            "value": 4
        },
        "category": "heavy",
        "checkPenalty": -3,
        "containerId": null,
        "description": {
            "value": "<p>Plate mail consists of interlocking plates that encase nearly the entire body in a carapace of steel. It is costly and heavy, and the wearer often requires help to don it correctly, but it provides some of the best defense armor can supply. A suit of this armor comes with an undercoat of @UUID[Compendium.pf2e.equipment-srd.Item.Padded Armor] and a pair of @UUID[Compendium.pf2e.equipment-srd.Item.Gauntlet]{gauntlets}.</p>"
        },
        "dexCap": 0,
        "group": "plate",
        "hardness": 0,
        "hp": {
            "max": 0,
            "value": 0
        },
        "level": {
            "value": 2
        },
        "material": {
            "grade": null,
            "type": null
        },
        "price": {
            "value": {
                "gp": 30
            }
        },
        "publication": {
            "license": "ORC",
            "remaster": true,
            "title": "Pathfinder Player Core"
        },
        "quantity": 1,
        "rules": [],
        "runes": {
            "potency": 0,
            "property": [],
            "resilient": 0
        },
        "size": "med",
        "speedPenalty": -10,
        "strength": 4,
        "traits": {
            "rarity": "common",
            "value": [
                "bulwark"
            ]
        }
    },
    "type": "armor"
}
