{
    "_id": "hRwnNTMj7wa8S4Ji",
    "img": "systems/pf2e/icons/equipment/armor/specific-magic-armor/ghoul-hide.webp",
    "name": "Ghoul Hide",
    "system": {
        "acBonus": 3,
        "baseItem": "hide-armor",
        "bulk": {
            "value": 2
        },
        "category": "medium",
        "checkPenalty": -2,
        "containerId": null,
        "description": {
            "value": "<p>Stitched together from pieces of ghoul skin, this suit of <em>+1 hide armor</em> grants you a +1 item bonus to saving throws against curses and makes you immune to the stench of ghouls. Ghoul hide with a resilient rune increases the resilient rune's item bonus to saving throws against curses by 1 (maximum +4).</p>"
        },
        "dexCap": 2,
        "group": "leather",
        "hardness": 0,
        "hp": {
            "max": 0,
            "value": 0
        },
        "level": {
            "value": 6
        },
        "material": {
            "grade": null,
            "type": null
        },
        "price": {
            "value": {
                "gp": 220
            }
        },
        "publication": {
            "license": "ORC",
            "remaster": true,
            "title": "Pathfinder Player Core 2"
        },
        "quantity": 1,
        "rules": [
            {
                "key": "FlatModifier",
                "predicate": [
                    "item:trait:curse"
                ],
                "selector": "saving-throw",
                "type": "item",
                "value": 1
            },
            {
                "key": "AdjustModifier",
                "mode": "add",
                "predicate": [
                    "item:trait:curse"
                ],
                "selector": "saving-throw",
                "slug": "resilient",
                "value": 1
            }
        ],
        "runes": {
            "potency": 1,
            "property": [],
            "resilient": 0
        },
        "size": "med",
        "specific": {
            "material": {
                "grade": null,
                "type": null
            },
            "runes": {
                "potency": 1,
                "property": [],
                "resilient": 0
            }
        },
        "speedPenalty": 0,
        "strength": 2,
        "traits": {
            "rarity": "uncommon",
            "value": [
                "invested",
                "magical"
            ]
        }
    },
    "type": "armor"
}
