{
    "_id": "M6b20zZTGNWrx5oM",
    "img": "systems/pf2e/icons/equipment/armor/hellknight-plate.webp",
    "name": "Gray Maiden Plate",
    "system": {
        "acBonus": 6,
        "baseItem": null,
        "bulk": {
            "value": 3
        },
        "category": "heavy",
        "checkPenalty": -3,
        "containerId": null,
        "description": {
            "value": "<p>These suits of faceless full plate were first designed and distributed under Queen Ileosa's rule, but today, each new suit of this infamous style of plate armor is made by a Gray Maiden herself or a new member's sponsor.</p>"
        },
        "dexCap": 0,
        "group": "plate",
        "hardness": 0,
        "hp": {
            "max": 0,
            "value": 0
        },
        "level": {
            "value": 2
        },
        "material": {
            "grade": null,
            "type": null
        },
        "price": {
            "value": {
                "gp": 35
            }
        },
        "publication": {
            "license": "OGL",
            "remaster": false,
            "title": "Pathfinder Adventure: Shadows at Sundown"
        },
        "quantity": 1,
        "rules": [],
        "runes": {
            "potency": 0,
            "property": [],
            "resilient": 0
        },
        "size": "med",
        "speedPenalty": -10,
        "strength": 3,
        "traits": {
            "rarity": "common",
            "value": [
                "bulwark"
            ]
        }
    },
    "type": "armor"
}
