{
    "_id": "pRoikbRo5HFW6YUB",
    "img": "icons/equipment/chest/breastplate-gorget-steel-white.webp",
    "name": "Half Plate",
    "system": {
        "acBonus": 5,
        "baseItem": "half-plate",
        "bulk": {
            "value": 3
        },
        "category": "heavy",
        "checkPenalty": -3,
        "containerId": null,
        "description": {
            "value": "<p>Half plate consists of most of the upper body plates used in full plate, with lighter or sparser steel plate protection for the arms and legs. This provides some of the protection of full plate with greater flexibility and speed. A suit of this armor comes with an undercoat of @UUID[Compendium.pf2e.equipment-srd.Item.Padded Armor] and a pair of @UUID[Compendium.pf2e.equipment-srd.Item.Gauntlet]{gauntlets}.</p>"
        },
        "dexCap": 1,
        "group": "plate",
        "hardness": 0,
        "hp": {
            "max": 0,
            "value": 0
        },
        "level": {
            "value": 1
        },
        "material": {
            "grade": null,
            "type": null
        },
        "price": {
            "value": {
                "gp": 18
            }
        },
        "publication": {
            "license": "ORC",
            "remaster": true,
            "title": "Pathfinder Player Core"
        },
        "quantity": 1,
        "rules": [],
        "runes": {
            "potency": 0,
            "property": [],
            "resilient": 0
        },
        "size": "med",
        "speedPenalty": -10,
        "strength": 3,
        "traits": {
            "rarity": "common",
            "value": []
        }
    },
    "type": "armor"
}
