{
    "_id": "n4kPBFzVh5LcJAMA",
    "img": "systems/pf2e/icons/equipment/armor/chainmail.webp",
    "name": "Harmonic Hauberk",
    "system": {
        "acBonus": 2,
        "baseItem": "chain-shirt",
        "bulk": {
            "value": 1
        },
        "category": "light",
        "checkPenalty": -1,
        "containerId": null,
        "description": {
            "value": "<p>Rose gold and copper rings in this <em>+2 resilient chain shirt</em> form a vague bird shape. The jingling links tinkle musically, almost like birdsong. While you wear the armor, effects with the auditory trait must first counteract the <em>harmonic hauberk</em> or they have no effect on you.</p>\n<p>The <em>harmonic hauberk</em> attempts to counteract @UUID[Compendium.pf2e.spells-srd.Item.Silence] spells cast on you and 4th-rank or higher heightened <em>silence</em> spells the first time the armor enters their area (counteract rank 4, counteract modifier [[/r 1d20+20 #Counteract]]{+20}). After failing to counteract a <em>silence</em> spell, the armor can't attempt to counteract the same spell again, even if you leave and enter the spell's area multiple times.</p>\n<hr />\n<p><strong>Activate</strong> <span class=\"action-glyph\">1</span> command</p>\n<p><strong>Frequency</strong> once per day</p>\n<p><strong>Requirements</strong> You have a pool of Focus Points and at least one composition spell</p>\n<hr />\n<p><strong>Effect</strong> You gain 1 Focus Point and immediately use the Focus Point to cast @UUID[Compendium.pf2e.spells-srd.Item.Lingering Composition], using your Performance check to determine the effects of the spell, followed by the @UUID[Compendium.pf2e.spells-srd.Item.Rallying Anthem]. You can use this activation to cast those spells even if you don't have the @UUID[Compendium.pf2e.feats-srd.Item.Lingering Composition] or @UUID[Compendium.pf2e.feats-srd.Item.Rallying Anthem] feats.</p>"
        },
        "dexCap": 3,
        "group": "chain",
        "hardness": 0,
        "hp": {
            "max": 0,
            "value": 0
        },
        "level": {
            "value": 13
        },
        "material": {
            "grade": null,
            "type": null
        },
        "price": {
            "value": {
                "gp": 2500
            }
        },
        "publication": {
            "license": "OGL",
            "remaster": false,
            "title": "Pathfinder Lost Omens The Grand Bazaar"
        },
        "quantity": 1,
        "rules": [],
        "runes": {
            "potency": 2,
            "property": [],
            "resilient": 1
        },
        "size": "med",
        "specific": {
            "material": {
                "grade": null,
                "type": null
            },
            "runes": {
                "potency": 2,
                "property": [],
                "resilient": 1
            }
        },
        "speedPenalty": 0,
        "strength": 1,
        "traits": {
            "rarity": "uncommon",
            "value": [
                "auditory",
                "flexible",
                "focused",
                "illusion",
                "invested",
                "noisy"
            ]
        }
    },
    "type": "armor"
}
