{
    "_id": "juQGJI9deskAVfm7",
    "img": "systems/pf2e/icons/equipment/armor/heavy-barding.webp",
    "name": "Heavy Barding (Small or Medium)",
    "system": {
        "acBonus": 3,
        "baseItem": null,
        "bulk": {
            "value": 4
        },
        "category": "heavy-barding",
        "checkPenalty": -3,
        "containerId": null,
        "description": {
            "value": ""
        },
        "dexCap": 3,
        "group": null,
        "hardness": 0,
        "hp": {
            "max": 0,
            "value": 0
        },
        "level": {
            "value": 2
        },
        "material": {
            "grade": null,
            "type": null
        },
        "price": {
            "value": {
                "gp": 25
            }
        },
        "publication": {
            "license": "ORC",
            "remaster": true,
            "title": "Pathfinder Player Core"
        },
        "quantity": 1,
        "rules": [],
        "runes": {
            "potency": 0,
            "property": [],
            "resilient": 0
        },
        "size": "med",
        "speedPenalty": -10,
        "strength": 5,
        "traits": {
            "rarity": "common",
            "value": [
                "barding",
                "companion"
            ]
        }
    },
    "type": "armor"
}
