{
    "_id": "U6XqhSFUUowHnnkk",
    "img": "systems/pf2e/icons/equipment/armor/hellknight-plate.webp",
    "name": "Hellknight Half Plate",
    "system": {
        "acBonus": 5,
        "baseItem": "hellknight-half-plate",
        "bulk": {
            "value": 3
        },
        "category": "heavy",
        "checkPenalty": -3,
        "containerId": null,
        "description": {
            "value": "<p>Hellknights wear a variety of armors decorated with designs specific to the order. Hellknight half plate is the armor of choice for Hellknight signifers.</p>\n<p>A character who is a member of the Hellknights has access to these uncommon armors.</p>"
        },
        "dexCap": 1,
        "group": "plate",
        "hardness": 0,
        "hp": {
            "max": 0,
            "value": 0
        },
        "level": {
            "value": 1
        },
        "material": {
            "grade": null,
            "type": null
        },
        "price": {
            "value": {
                "gp": 20
            }
        },
        "publication": {
            "license": "OGL",
            "remaster": false,
            "title": "Pathfinder Treasure Vault"
        },
        "quantity": 1,
        "rules": [],
        "runes": {
            "potency": 0,
            "property": [],
            "resilient": 0
        },
        "size": "med",
        "speedPenalty": -10,
        "strength": 3,
        "traits": {
            "rarity": "uncommon",
            "value": []
        }
    },
    "type": "armor"
}
