{
    "_id": "AnwzlOs0njF9Jqnr",
    "img": "icons/equipment/chest/vest-leather-tattered-white.webp",
    "name": "Hide Armor",
    "system": {
        "acBonus": 3,
        "baseItem": "hide-armor",
        "bulk": {
            "value": 2
        },
        "category": "medium",
        "checkPenalty": -2,
        "containerId": null,
        "description": {
            "value": "<p>A mix of furs, sturdy hide, and sometimes molded boiled leather, this armor provides protection due to its layers of leather, though its bulkiness slows the wearer down and decreases mobility.</p>"
        },
        "dexCap": 2,
        "group": "leather",
        "hardness": 0,
        "hp": {
            "max": 0,
            "value": 0
        },
        "level": {
            "value": 0
        },
        "material": {
            "grade": null,
            "type": null
        },
        "price": {
            "value": {
                "gp": 2
            }
        },
        "publication": {
            "license": "ORC",
            "remaster": true,
            "title": "Pathfinder Player Core"
        },
        "quantity": 1,
        "rules": [],
        "runes": {
            "potency": 0,
            "property": [],
            "resilient": 0
        },
        "size": "med",
        "speedPenalty": -5,
        "strength": 2,
        "traits": {
            "rarity": "common",
            "value": []
        }
    },
    "type": "armor"
}
