{
    "_id": "SMruq5revpHcKDdt",
    "img": "systems/pf2e/icons/equipment/armor/bastion-plate.webp",
    "name": "Highhelm Stronghold Plate",
    "system": {
        "acBonus": 6,
        "baseItem": "bastion-plate",
        "bulk": {
            "value": 5
        },
        "category": "heavy",
        "checkPenalty": -3,
        "containerId": null,
        "description": {
            "value": "<p>This <em>+2 resilient fortification bastion plate</em> is made almost entirely of stone plates. It looks almost unwearable and is in fact only wearable because of numerous minor enchantments for comfort and mobility. If you have armor specialization with heavy armor, your resistance while wearing <em>Highhelm stronghold plate</em> applies to both slashing and piercing damage.</p>\n<p><strong>Activate</strong> <span class=\"action-glyph\">3</span> envision, Interact</p>\n<p><strong>Frequency</strong> once per day</p>\n<hr />\n<p><strong>Effect</strong> The plating on your armor explodes off of your body, expands, and reshapes, transforming into a stone structure with the effects of @UUID[Compendium.pf2e.spells-srd.Item.Wall of Stone]. While the armor is transformed in this way, you don't gain the benefits of wearing the armor. The armor remains transformed for up to 10 minutes or until you Dismiss the effect, at which point the <em>wall of stone</em> disappears and the armor returns to you, donning itself immediately.</p>\n<hr />\n<p><strong>Crafting Requirements</strong> Supply one casting of <em>wall of stone</em>.</p>"
        },
        "dexCap": 0,
        "group": "plate",
        "hardness": 0,
        "hp": {
            "max": 0,
            "value": 0
        },
        "level": {
            "value": 14
        },
        "material": {
            "grade": null,
            "type": null
        },
        "price": {
            "value": {
                "gp": 3750
            }
        },
        "publication": {
            "license": "OGL",
            "remaster": false,
            "title": "Pathfinder Lost Omens Highhelm"
        },
        "quantity": 1,
        "rules": [],
        "runes": {
            "potency": 2,
            "property": [
                "fortification"
            ],
            "resilient": 1
        },
        "size": "med",
        "specific": {
            "material": {
                "grade": null,
                "type": null
            },
            "runes": {
                "potency": 2,
                "property": [
                    "fortification"
                ],
                "resilient": 1
            }
        },
        "speedPenalty": -10,
        "strength": 4,
        "traits": {
            "rarity": "uncommon",
            "value": [
                "bulwark",
                "entrench-melee",
                "hindering",
                "invested",
                "magical"
            ]
        }
    },
    "type": "armor"
}
