{
    "_id": "EnTfjcVhcdgd1sLW",
    "img": "systems/pf2e/icons/default-icons/armor.svg",
    "name": "Hodag Leather",
    "system": {
        "acBonus": 2,
        "baseItem": "studded-leather-armor",
        "bulk": {
            "value": 1
        },
        "category": "light",
        "checkPenalty": -1,
        "containerId": null,
        "description": {
            "value": "<p>Dyed green and white and studded with the natural spines of a hodag, this <em>+1 @UUID[Compendium.pf2e.equipment-srd.Item.Deathless] studded leather armor</em> is an imposing sight, especially when its wearer is barreling towards you.</p><hr /><p><strong>Activate—Hodag Toss</strong> <span class=\"action-glyph\">2</span> (concentrate, manipulate)</p>\n<p><strong>Effect</strong> You Stride up to your Speed and make a Strike at the end of your movement. If you succeed at your Strike, attempt an @Check[athletics|defense:fortitude] check against the creature's Fortitude DC. On a success, the creature is thrown 10 feet in a straight line in the direction of your choice and lands @UUID[Compendium.pf2e.conditionitems.Item.Prone]. If the creature is knocked into a solid object, it takes @Damage[1d6[bludgeoning]] damage before landing prone. You can instead toss the creature straight up into the air. The creature lands in the same square it occupied, and takes 1d6 bludgeoning damage as it lands prone. You can't use this ability again for [[/r 1d4 #Recharge Hodag Toss]]{1d4 rounds}.</p><hr /><p><strong>Craft Requirements</strong> The initial raw materials must include the hide of a hodag.</p>"
        },
        "dexCap": 3,
        "group": "leather",
        "hardness": 0,
        "hp": {
            "max": 0,
            "value": 0
        },
        "level": {
            "value": 8
        },
        "material": {
            "grade": null,
            "type": null
        },
        "price": {
            "value": {
                "gp": 500
            }
        },
        "publication": {
            "license": "ORC",
            "remaster": true,
            "title": "Pathfinder Howl of the Wild"
        },
        "quantity": 1,
        "rules": [],
        "runes": {
            "potency": 1,
            "property": [
                "deathless"
            ],
            "resilient": 0
        },
        "size": "med",
        "specific": {
            "material": {
                "grade": null,
                "type": null
            },
            "runes": {
                "potency": 1,
                "property": [
                    "deathless"
                ],
                "resilient": 0
            }
        },
        "speedPenalty": 0,
        "strength": 1,
        "traits": {
            "rarity": "uncommon",
            "value": [
                "invested",
                "magical"
            ]
        }
    },
    "type": "armor"
}
