{
    "_id": "2uHcTZ40oZ62R9gy",
    "img": "systems/pf2e/icons/equipment/armor/specific-magic-armor/celestial-armor.webp",
    "name": "Holy Chain",
    "system": {
        "acBonus": 4,
        "baseItem": "chain-mail",
        "bulk": {
            "value": 1
        },
        "category": "medium",
        "checkPenalty": 0,
        "containerId": null,
        "description": {
            "value": "<p>This suit of <em>+2 resilient chain mail</em> is made of fine white links of a strange and slightly translucent pale metal, and the sleeves and skirt are fashioned into smaller trails that resemble feathers. Unlike normal chain mail, <em>holy chain</em> has no Speed reduction, its armor check penalty is 0, and its Bulk is 1.</p>\n<p>You gain a +1 circumstance bonus to AC and saving throws against fiends. You appear radiant while you wear the armor, giving you a +2 item bonus to Diplomacy checks against all creatures except fiends.</p>\n<p>If you're unholy, you're @UUID[Compendium.pf2e.conditionitems.Item.Drained]{Drained 2} while wearing <em>holy chain</em>. You can't recover from this condition while wearing the armor.</p><hr /><p><strong>Activate—Celestial Flight</strong> <span class=\"action-glyph\">1</span> (concentrate)</p>\n<p><strong>Frequency</strong> once per day</p><hr /><p><strong>Effect</strong> The armor sprouts glowing wings that grant you a fly Speed of 30 feet. The wings shed bright light in a 40-foot radius (and dim light to the next 40 feet). The wings fade away after 10 minutes.</p>\n<p>@UUID[Compendium.pf2e.equipment-effects.Item.Effect: Holy Chain]</p><hr /><p><strong>Craft Requirements</strong> You're holy.</p>"
        },
        "dexCap": 1,
        "group": "chain",
        "hardness": 0,
        "hp": {
            "max": 0,
            "value": 0
        },
        "level": {
            "value": 13
        },
        "material": {
            "grade": null,
            "type": null
        },
        "price": {
            "value": {
                "gp": 2500
            }
        },
        "publication": {
            "license": "ORC",
            "remaster": true,
            "title": "Pathfinder Player Core 2"
        },
        "quantity": 1,
        "rules": [
            {
                "key": "FlatModifier",
                "predicate": [
                    "origin:trait:fiend"
                ],
                "selector": [
                    "ac",
                    "saving-throw"
                ],
                "type": "circumstance",
                "value": 1
            },
            {
                "key": "FlatModifier",
                "predicate": [
                    {
                        "not": "target:trait:fiend"
                    }
                ],
                "selector": "diplomacy",
                "type": "item",
                "value": 2
            }
        ],
        "runes": {
            "potency": 2,
            "property": [],
            "resilient": 1
        },
        "size": "med",
        "specific": {
            "material": {
                "grade": null,
                "type": null
            },
            "runes": {
                "potency": 2,
                "property": [],
                "resilient": 1
            }
        },
        "speedPenalty": 0,
        "strength": 3,
        "traits": {
            "rarity": "common",
            "value": [
                "divine",
                "holy",
                "invested",
                "noisy"
            ]
        }
    },
    "type": "armor"
}
