{
    "_id": "qSqx72639EJTzBam",
    "img": "systems/pf2e/icons/equipment/armor/bastion-plate.webp",
    "name": "Immortal Bastion",
    "system": {
        "acBonus": 6,
        "baseItem": "bastion-plate",
        "bulk": {
            "value": 5
        },
        "category": "heavy",
        "checkPenalty": -3,
        "containerId": null,
        "description": {
            "value": "<p>This impressive <em>+3 greater resilient greater fortification bastion plate</em> is built like an impregnable castle, with multiple layers of defense and no weak points. When you activate the armor's deflect melee trait, you gain a +2 circumstance bonus to AC against melee attacks instead of +1, and you gain 10 temporary Hit Points that last until the start of your next turn.</p>\n<p>@UUID[Compendium.pf2e.equipment-effects.Item.Effect: Immortal Bastion]</p>\n<p><strong>Activate</strong> <span class=\"action-glyph\">r</span> envision</p>\n<p><strong>Frequency</strong> once per day</p>\n<p><strong>Trigger</strong> You are reduced to 0 Hit Points or would die from a death effect</p>\n<p><strong>Effect</strong> You drop to 1 Hit Point instead of being reduced to 0 HP or dying, and you gain 100 temporary Hit Points that last until the start of your next turn.</p>\n<hr />\n<p><strong>Activate</strong> <span class=\"action-glyph\">r</span> envision</p>\n<p><strong>Frequency</strong> once per day</p>\n<p><strong>Trigger</strong> You would gain or increase the @UUID[Compendium.pf2e.conditionitems.Item.Doomed] or @UUID[Compendium.pf2e.conditionitems.Item.Wounded] condition</p>\n<p><strong>Effect</strong> You avoid gaining or increasing the condition. If the triggering effect imposes both doomed and wounded, choose only one to prevent. This doesn't remove either of the conditions if you already have them, nor does it prevent the same triggering effect from giving or increasing the prevented condition later.</p>"
        },
        "dexCap": 0,
        "group": "plate",
        "hardness": 0,
        "hp": {
            "max": 0,
            "value": 0
        },
        "level": {
            "value": 20
        },
        "material": {
            "grade": null,
            "type": null
        },
        "price": {
            "value": {
                "gp": 70000
            }
        },
        "publication": {
            "license": "OGL",
            "remaster": false,
            "title": "Pathfinder Treasure Vault"
        },
        "quantity": 1,
        "rules": [],
        "runes": {
            "potency": 3,
            "property": [
                "greaterFortification"
            ],
            "resilient": 2
        },
        "size": "med",
        "specific": {
            "material": {
                "grade": null,
                "type": null
            },
            "runes": {
                "potency": 3,
                "property": [
                    "greaterFortification"
                ],
                "resilient": 2
            }
        },
        "speedPenalty": -10,
        "strength": 4,
        "traits": {
            "rarity": "common",
            "value": [
                "bulwark",
                "entrench-melee",
                "hindering"
            ]
        }
    },
    "type": "armor"
}
