{
    "_id": "aLA7pikfeNIAAGLw",
    "img": "icons/equipment/chest/breastplate-banded-steel.webp",
    "name": "Impenetrable Scale",
    "system": {
        "acBonus": 3,
        "baseItem": "scale-mail",
        "bulk": {
            "value": 3
        },
        "category": "medium",
        "checkPenalty": -2,
        "containerId": null,
        "description": {
            "value": "<p>Made of overlapping, lustrous black scales of standard-grade adamantine, this +2 <em>greater resilient @UUID[Compendium.pf2e.equipment-srd.Item.Fortification] adamantine scale mail</em> seems to momentarily thicken at the point of impact when hit.</p>\n<p>Whenever the armor's <em>fortification</em> rune successfully turns a significant foe's critical hit into a normal hit, one of the scales on the armor turns violet. You gain resistance to physical damage equal to the number of violet scales, to a maximum of 8.</p>\n<p>At dawn each day, all the violet scales return to normal.</p>\n<hr />\n<p><strong>Craft Requirements</strong> The initial raw materials must include 1,600 gp of adamantine.</p>\n<p>@UUID[Compendium.pf2e.equipment-effects.Item.Effect: Impenetrable Scale]</p>"
        },
        "dexCap": 2,
        "group": "composite",
        "hardness": 0,
        "hp": {
            "max": 0,
            "value": 0
        },
        "level": {
            "value": 17
        },
        "material": {
            "grade": "standard",
            "type": "adamantine"
        },
        "price": {
            "value": {
                "gp": 12800
            }
        },
        "publication": {
            "license": "ORC",
            "remaster": true,
            "title": "Pathfinder GM Core"
        },
        "quantity": 1,
        "rules": [],
        "runes": {
            "potency": 2,
            "property": [
                "fortification"
            ],
            "resilient": 2
        },
        "size": "med",
        "specific": {
            "material": {
                "grade": "standard",
                "type": "adamantine"
            },
            "runes": {
                "potency": 2,
                "property": [
                    "fortification"
                ],
                "resilient": 2
            }
        },
        "speedPenalty": -5,
        "strength": 2,
        "traits": {
            "rarity": "uncommon",
            "value": [
                "invested",
                "magical"
            ]
        }
    },
    "type": "armor"
}
