{
    "_id": "BK1AKKi1gDMn5uBs",
    "img": "systems/pf2e/icons/equipment/armor/specific-magic-armor/invisible-chain-shirt.webp",
    "name": "Invisible Chain Shirt",
    "system": {
        "acBonus": 2,
        "baseItem": "chain-shirt",
        "bulk": {
            "value": 1
        },
        "category": "light",
        "checkPenalty": -1,
        "containerId": null,
        "description": {
            "value": "<p>This <em>+2 resilient @UUID[Compendium.pf2e.equipment-srd.Item.Invisibility] chain shirt</em> is itself invisible. Other creatures can't see it at all, allowing you to wear it surreptitiously. Additionally, the armor's invisible composition is quieter and more comfortable than a normal chain shirt. It loses the noisy trait and gains the comfort trait.</p>\n<hr />\n<p><strong>Activate</strong> <span class=\"action-glyph\">2</span> envision</p>\n<p><strong>Frequency</strong> once per minute</p>\n<hr />\n<p><strong>Effect</strong> You Stride and turn partially invisible, becoming @UUID[Compendium.pf2e.conditionitems.Item.Concealed] until the end of your next turn or until you use a hostile action, whichever comes first. As normal, you can use the concealment from this activation to @UUID[Compendium.pf2e.actionspf2e.Item.Hide].</p>"
        },
        "dexCap": 3,
        "group": "chain",
        "hardness": 0,
        "hp": {
            "max": 0,
            "value": 0
        },
        "level": {
            "value": 13
        },
        "material": {
            "grade": null,
            "type": null
        },
        "price": {
            "value": {
                "gp": 2750
            }
        },
        "publication": {
            "license": "OGL",
            "remaster": false,
            "title": "Pathfinder Secrets of Magic"
        },
        "quantity": 1,
        "rules": [],
        "runes": {
            "potency": 2,
            "property": [
                "invisibility"
            ],
            "resilient": 1
        },
        "size": "med",
        "specific": {
            "material": {
                "grade": null,
                "type": null
            },
            "runes": {
                "potency": 2,
                "property": [
                    "invisibility"
                ],
                "resilient": 1
            }
        },
        "speedPenalty": 0,
        "strength": 1,
        "traits": {
            "rarity": "common",
            "value": [
                "comfort",
                "flexible",
                "magical"
            ]
        }
    },
    "type": "armor"
}
