{
    "_id": "COsToVFlA36UmkB7",
    "img": "systems/pf2e/icons/equipment/armor/specific-magic-armor/jerkin-of-liberation.webp",
    "name": "Jerkin of Liberation",
    "system": {
        "acBonus": 2,
        "baseItem": "studded-leather-armor",
        "bulk": {
            "value": 1
        },
        "category": "light",
        "checkPenalty": -1,
        "containerId": null,
        "description": {
            "value": "<p>This +2 greater resilient studded leather is traditionally inscribed with a symbol of either Norgorber or Cayden Cailean. Its leather is light as silk, and its buttons and studs are gleaming crystal. While you wear it, you get a +15-foot item bonus to your Speed, and effects that attempt to impose penalties on your Speed must first counteract the jerkin of liberation or they have no effect on you.</p>\n<p>In addition, you are hard to incapacitate. You use the jerkin's item level or your own level, whichever is higher, to determine effects of the incapacitation trait.</p>"
        },
        "dexCap": 3,
        "group": "leather",
        "hardness": 0,
        "hp": {
            "max": 0,
            "value": 0
        },
        "level": {
            "value": 17
        },
        "material": {
            "grade": null,
            "type": null
        },
        "price": {
            "value": {
                "gp": 14000
            }
        },
        "publication": {
            "license": "OGL",
            "remaster": false,
            "title": "Pathfinder #156: The Apocalypse Prophet"
        },
        "quantity": 1,
        "rules": [
            {
                "key": "FlatModifier",
                "selector": "land-speed",
                "type": "item",
                "value": 15
            }
        ],
        "runes": {
            "potency": 2,
            "property": [],
            "resilient": 2
        },
        "size": "med",
        "specific": {
            "material": {
                "grade": null,
                "type": null
            },
            "runes": {
                "potency": 2,
                "property": [],
                "resilient": 2
            }
        },
        "speedPenalty": 0,
        "strength": 1,
        "traits": {
            "rarity": "uncommon",
            "value": [
                "invested",
                "magical"
            ]
        }
    },
    "type": "armor"
}
