{
    "_id": "QprqsAVxZvmhoBKb",
    "img": "icons/equipment/chest/breastplate-collared-steel-grey.webp",
    "name": "Kilted Breastplate",
    "system": {
        "acBonus": 2,
        "baseItem": "kilted-breastplate",
        "bulk": {
            "value": 1
        },
        "category": "light",
        "checkPenalty": -1,
        "containerId": null,
        "description": {
            "value": "<p>This armor consists of a chest plate, typically made out of bronze or other water-resistant alloys, strapped to the body with a leather harness and featuring a skirt of leather pleats reinforced with metal studs to protect the upper legs.</p>"
        },
        "dexCap": 3,
        "group": "plate",
        "hardness": 0,
        "hp": {
            "max": 0,
            "value": 0
        },
        "level": {
            "value": 0
        },
        "material": {
            "grade": null,
            "type": null
        },
        "price": {
            "value": {
                "gp": 3
            }
        },
        "publication": {
            "license": "ORC",
            "remaster": true,
            "title": "Pathfinder War of Immortals"
        },
        "quantity": 1,
        "rules": [],
        "runes": {
            "potency": 0,
            "property": [],
            "resilient": 0
        },
        "size": "med",
        "speedPenalty": 0,
        "strength": 1,
        "traits": {
            "rarity": "common",
            "value": [
                "flexible"
            ]
        }
    },
    "type": "armor"
}
