{
    "_id": "3ZfGYXKfBjHOZO7d",
    "img": "icons/equipment/chest/breastplate-rivited-red.webp",
    "name": "Lamellar Breastplate",
    "system": {
        "acBonus": 4,
        "baseItem": "lamellar-breastplate",
        "bulk": {
            "value": 2
        },
        "category": "medium",
        "checkPenalty": -2,
        "containerId": null,
        "description": {
            "value": "<p>Slats of lacquered steel or other metal held together with cord, whether leather or silk, make up most lamellar breastplates. The lacquering prevents the metal from corroding.</p>"
        },
        "dexCap": 1,
        "group": "composite",
        "hardness": 0,
        "hp": {
            "max": 0,
            "value": 0
        },
        "level": {
            "value": 0
        },
        "material": {
            "grade": null,
            "type": null
        },
        "price": {
            "value": {
                "gp": 7
            }
        },
        "publication": {
            "license": "OGL",
            "remaster": false,
            "title": "Pathfinder Treasure Vault"
        },
        "quantity": 1,
        "rules": [],
        "runes": {
            "potency": 0,
            "property": [],
            "resilient": 0
        },
        "size": "med",
        "speedPenalty": -5,
        "strength": 3,
        "traits": {
            "rarity": "common",
            "value": [
                "hindering",
                "laminar"
            ]
        }
    },
    "type": "armor"
}
