{
    "_id": "zVSBjb6o5RudKA9c",
    "img": "icons/equipment/chest/breastplate-collared-steel-green.webp",
    "name": "Leaf Weave",
    "system": {
        "acBonus": 1,
        "baseItem": "leaf-weave",
        "bulk": {
            "value": 1
        },
        "category": "light",
        "checkPenalty": -1,
        "containerId": null,
        "description": {
            "value": "<p>Specialized crafters, often elves, create leaf weave out of sturdy leaves from ancient or magically enriched trees. Such leaves, when treated properly, have the strength of leather, and other tough plant materials hold the leaves together to form the armor. Such suits are popular among those who wish to avoid materials taken from slain beasts. As a material, leaf weave has the same statistics as thin wood.</p>"
        },
        "dexCap": 4,
        "group": "wood",
        "hardness": 0,
        "hp": {
            "max": 0,
            "value": 0
        },
        "level": {
            "value": 0
        },
        "material": {
            "grade": null,
            "type": null
        },
        "price": {
            "value": {
                "gp": 4
            }
        },
        "publication": {
            "license": "OGL",
            "remaster": false,
            "title": "Pathfinder Treasure Vault"
        },
        "quantity": 1,
        "rules": [],
        "runes": {
            "potency": 0,
            "property": [],
            "resilient": 0
        },
        "size": "med",
        "speedPenalty": 0,
        "strength": 0,
        "traits": {
            "rarity": "common",
            "value": [
                "laminar"
            ]
        }
    },
    "type": "armor"
}
