{
    "_id": "4tIVTg9wj56RrveA",
    "img": "icons/equipment/chest/breastplate-banded-simple-leather-brown.webp",
    "name": "Leather Armor",
    "system": {
        "acBonus": 1,
        "baseItem": "leather-armor",
        "bulk": {
            "value": 1
        },
        "category": "light",
        "checkPenalty": -1,
        "containerId": null,
        "description": {
            "value": "<p>A mix of flexible and molded boiled leather, a suit of this type of armor provides some protection with maximum flexibility.</p>"
        },
        "dexCap": 4,
        "group": "leather",
        "hardness": 0,
        "hp": {
            "max": 0,
            "value": 0
        },
        "level": {
            "value": 0
        },
        "material": {
            "grade": null,
            "type": null
        },
        "price": {
            "value": {
                "gp": 2
            }
        },
        "publication": {
            "license": "ORC",
            "remaster": true,
            "title": "Pathfinder Player Core"
        },
        "quantity": 1,
        "rules": [],
        "runes": {
            "potency": 0,
            "property": [],
            "resilient": 0
        },
        "size": "med",
        "speedPenalty": 0,
        "strength": 0,
        "traits": {
            "rarity": "common",
            "value": []
        }
    },
    "type": "armor"
}
