{
    "_id": "jAKYIqG2BNO7yffJ",
    "img": "systems/pf2e/icons/equipment/armor/specific-magic-armor/leopards-armor.webp",
    "name": "Leopard's Armor",
    "system": {
        "acBonus": 4,
        "baseItem": "chain-mail",
        "bulk": {
            "value": 2
        },
        "category": "medium",
        "checkPenalty": -2,
        "containerId": null,
        "description": {
            "value": "<p>Made of cobalt-colored steel rings that flow down the entire length of the garment, this <em>+1 resilient chain mail</em> includes an armored face covering. The armor is said to be based on the same armor once worn by Azure Leopard, one of Old-Mage Jatembe's magic warriors.</p>\n<hr />\n<p><strong>Activate</strong> <span class=\"action-glyph\">2</span> command, envision</p>\n<p><strong>Frequency</strong> once per day</p>\n<hr />\n<p><strong>Effect</strong> You call upon the ferocity and grace of the leopard. The armor's rings flatten out to become a solid piece of flexible armor. You gain a +2 item bonus to Stealth checks and Intimidation checks to @UUID[Compendium.pf2e.actionspf2e.Item.Demoralize], but take a -2 penalty to Diplomacy and Society checks.</p>\n<p>This lasts for 1 hour, but you can Activate the armor again to revert it back to its original form.</p>\n<p>@UUID[Compendium.pf2e.equipment-effects.Item.Effect: Leopard's Armor]</p>"
        },
        "dexCap": 1,
        "group": "chain",
        "hardness": 0,
        "hp": {
            "max": 0,
            "value": 0
        },
        "level": {
            "value": 9
        },
        "material": {
            "grade": null,
            "type": null
        },
        "price": {
            "value": {
                "gp": 700
            }
        },
        "publication": {
            "license": "OGL",
            "remaster": false,
            "title": "Pathfinder #170: Spoken on the Song Wind"
        },
        "quantity": 1,
        "rules": [],
        "runes": {
            "potency": 1,
            "property": [],
            "resilient": 1
        },
        "size": "med",
        "specific": {
            "material": {
                "grade": null,
                "type": null
            },
            "runes": {
                "potency": 1,
                "property": [],
                "resilient": 1
            }
        },
        "speedPenalty": -5,
        "strength": 3,
        "traits": {
            "rarity": "uncommon",
            "value": [
                "flexible",
                "magical",
                "noisy"
            ]
        }
    },
    "type": "armor"
}
