{
    "_id": "RtJvTDFNPhJSPmWP",
    "img": "systems/pf2e/icons/equipment/armor/scroll-robes.webp",
    "name": "Library Robes (Major)",
    "system": {
        "acBonus": 0,
        "baseItem": "scroll-robes",
        "bulk": {
            "value": 0.1
        },
        "category": "unarmored",
        "checkPenalty": 0,
        "containerId": null,
        "description": {
            "value": "<p>These <em>+2 greater resilient scroll robes</em> magically store a spell for you. During your daily preparations, choose one spell you know of 8th level or lower. You inscribe that spell on the robes, as though you had done so using the robes' inscribed trait, but without needing to go through the normal scribing process. You must provide the minimum amount of materials to Craft one scroll of that spell (typically half the Price of a scroll of that level plus any extra cost required for the spell). You don't need to be trained in Crafting, nor do you need the Magical Crafting feat. Using this ability erases any scroll already inscribed on the robe.</p>"
        },
        "dexCap": 5,
        "group": "cloth",
        "hardness": 0,
        "hp": {
            "max": 0,
            "value": 0
        },
        "level": {
            "value": 15
        },
        "material": {
            "grade": null,
            "type": null
        },
        "price": {
            "value": {
                "gp": 6000
            }
        },
        "publication": {
            "license": "OGL",
            "remaster": false,
            "title": "Pathfinder Treasure Vault"
        },
        "quantity": 1,
        "rules": [],
        "runes": {
            "potency": 2,
            "property": [],
            "resilient": 2
        },
        "size": "med",
        "specific": {
            "material": {
                "grade": null,
                "type": null
            },
            "runes": {
                "potency": 2,
                "property": [],
                "resilient": 2
            }
        },
        "speedPenalty": 0,
        "strength": null,
        "traits": {
            "rarity": "common",
            "value": [
                "inscribed"
            ]
        }
    },
    "type": "armor"
}
