{
    "_id": "dmEmxoEVzOeEkscr",
    "img": "icons/equipment/chest/breastplate-layered-gold.webp",
    "name": "Lion's Armor (Greater)",
    "system": {
        "acBonus": 5,
        "baseItem": "half-plate",
        "bulk": {
            "value": 0
        },
        "category": "heavy",
        "checkPenalty": -3,
        "containerId": null,
        "description": {
            "value": "<p>Various parts of this +3 <em>greater resilient half plate</em> are forged into the shape of a lion's head. The golden lion heads grant you a commanding presence and seem to actively growl at your enemies, granting you a +3 item bonus to Intimidation.</p>\n<p>The lions on the armor work in tandem with the lion on a <em>lion's shield</em>. If you critically hit with the <em>lion's shield</em> using Lion Bite, the lions on the armor roar in support of the shield, causing the target of the shield's Strike to become @UUID[Compendium.pf2e.conditionitems.Item.Frightened]{Frightened 1}.</p>\n<p><strong>Activate—Roar of the Pride</strong> <span class=\"action-glyph\">2</span> (concentrate)</p>\n<p><strong>Frequency</strong> once per hour</p>\n<hr />\n<p><strong>Effect</strong> The lions on your armor roar, attempting to cow your enemies. Attempt a check to @UUID[Compendium.pf2e.actionspf2e.Item.Demoralize] each enemy within 30 feet of you. On a critical success, the target is also @UUID[Compendium.pf2e.conditionitems.Item.Fleeing] for 1 round.</p>"
        },
        "dexCap": 1,
        "group": "plate",
        "hardness": 0,
        "hp": {
            "max": 0,
            "value": 0
        },
        "level": {
            "value": 19
        },
        "material": {
            "grade": null,
            "type": null
        },
        "price": {
            "value": {
                "gp": 30500
            }
        },
        "publication": {
            "license": "ORC",
            "remaster": true,
            "title": "Pathfinder GM Core"
        },
        "quantity": 1,
        "rules": [
            {
                "key": "FlatModifier",
                "selector": "intimidation",
                "type": "item",
                "value": 3
            }
        ],
        "runes": {
            "potency": 3,
            "property": [],
            "resilient": 2
        },
        "size": "med",
        "specific": {
            "material": {
                "grade": null,
                "type": null
            },
            "runes": {
                "potency": 3,
                "property": [],
                "resilient": 2
            }
        },
        "speedPenalty": -10,
        "strength": 3,
        "traits": {
            "rarity": "common",
            "value": [
                "invested",
                "magical"
            ]
        }
    },
    "type": "armor"
}
