{
    "_id": "YfRwH0wIEmuNDL7I",
    "img": "icons/equipment/chest/breastplate-layered-leather-studded-black.webp",
    "name": "Mariner's Splint",
    "system": {
        "acBonus": 5,
        "baseItem": "splint-mail",
        "bulk": {
            "value": 3
        },
        "category": "heavy",
        "checkPenalty": -3,
        "containerId": null,
        "description": {
            "value": "<p>This suit of <em>+1 splint mail</em> is worn by veteran sailors aboard warships who want as much protection as possible but still need to remain mobile enough to climb up rigging or swim should the need arise. The plates are arranged for maximum flexibility and the undercoat of padded armor is often no more than a cotton shrift. The armor grants you a +1 item bonus to Athletics checks to Climb or Swim and increases the distance you move when you successfully Climb or Swim by 5 feet.</p>"
        },
        "dexCap": 1,
        "group": "composite",
        "hardness": 0,
        "hp": {
            "max": 0,
            "value": 0
        },
        "level": {
            "value": 5
        },
        "material": {
            "grade": null,
            "type": null
        },
        "price": {
            "value": {
                "gp": 180
            }
        },
        "publication": {
            "license": "ORC",
            "remaster": true,
            "title": "Pathfinder Player Core 2"
        },
        "quantity": 1,
        "rules": [
            {
                "key": "FlatModifier",
                "predicate": [
                    {
                        "or": [
                            "action:swim",
                            "action:climb"
                        ]
                    }
                ],
                "selector": "athletics",
                "type": "item",
                "value": 1
            }
        ],
        "runes": {
            "potency": 1,
            "property": [],
            "resilient": null
        },
        "size": "med",
        "specific": {
            "material": {
                "grade": null,
                "type": null
            },
            "runes": {
                "potency": 1,
                "property": [],
                "resilient": null
            }
        },
        "speedPenalty": -10,
        "strength": 3,
        "traits": {
            "rarity": "uncommon",
            "value": [
                "invested",
                "magical"
            ]
        }
    },
    "type": "armor"
}
