{
    "_id": "vHZSx5f093Wrivzn",
    "img": "icons/equipment/chest/breastplate-banded-blue.webp",
    "name": "Moonlit Chain",
    "system": {
        "acBonus": 2,
        "baseItem": "chain-shirt",
        "bulk": {
            "value": 1
        },
        "category": "light",
        "checkPenalty": -1,
        "containerId": null,
        "description": {
            "value": "<p>This <em>+1 silver chain</em> shirt has a collar adorned with stitched images of the phases of the moon. You can see in moonlight as though you had low-light vision.</p>\n<p><strong>Activate—Dim Sight</strong> <span class=\"action-glyph\">A</span> (manipulate)</p>\n<p><strong>Frequency</strong> one per day</p>\n<hr />\n<p><strong>Effect</strong> You touch the stitched image of the new moon on the armor's collar and suppress the dazzled condition for 1 minute.</p>\n<p><strong>Craft Requirements</strong> The initial raw materials must include 33 gp of silver.</p>"
        },
        "dexCap": 3,
        "group": "chain",
        "hardness": 0,
        "hp": {
            "max": 0,
            "value": 0
        },
        "level": {
            "value": 7
        },
        "material": {
            "grade": "low",
            "type": "silver"
        },
        "price": {
            "value": {
                "gp": 360
            }
        },
        "publication": {
            "license": "ORC",
            "remaster": true,
            "title": "Pathfinder GM Core"
        },
        "quantity": 1,
        "rules": [
            {
                "domain": "all",
                "key": "RollOption",
                "label": "PF2E.SkillVariant.Moonlight",
                "option": "terrain:moonlight",
                "toggleable": true
            },
            {
                "key": "Sense",
                "predicate": [
                    "terrain:moonlight"
                ],
                "selector": "low-light-vision"
            }
        ],
        "runes": {
            "potency": 1,
            "property": [],
            "resilient": 0
        },
        "size": "med",
        "specific": {
            "material": {
                "grade": "low",
                "type": "silver"
            },
            "runes": {
                "potency": 1,
                "property": [],
                "resilient": 0
            }
        },
        "speedPenalty": 0,
        "strength": 1,
        "traits": {
            "rarity": "common",
            "value": [
                "flexible",
                "invested",
                "magical",
                "noisy"
            ]
        }
    },
    "type": "armor"
}
