{
    "_id": "I8b3oNLl5MIMrG4r",
    "img": "systems/pf2e/icons/equipment/armor/niyahaat.webp",
    "name": "Niyaháat",
    "system": {
        "acBonus": 3,
        "baseItem": "niyahaat",
        "bulk": {
            "value": 2
        },
        "category": "medium",
        "checkPenalty": -2,
        "containerId": null,
        "description": {
            "value": "<p>Erutaki communities deep in the Crown of the World, where wood is hard to come by, fashion armor from slats and strips of bone or horn, along with whole bones or horns. Wealthier wearers sometimes pay for decorative embellishments made of more precious materials. Niyaháat is usually woven together with strong cord, forming a suit like a breastplate. This suit is worn over heavy clothing or a surcoat like padded armor. Some suits incorporate parts of powerful creatures, creating a storied history for the suit and its wearers.</p>"
        },
        "dexCap": 2,
        "group": "skeletal",
        "hardness": 0,
        "hp": {
            "max": 0,
            "value": 0
        },
        "level": {
            "value": 0
        },
        "material": {
            "grade": null,
            "type": null
        },
        "price": {
            "value": {
                "gp": 5
            }
        },
        "publication": {
            "license": "ORC",
            "remaster": true,
            "title": "Pathfinder War of Immortals"
        },
        "quantity": 1,
        "rules": [],
        "runes": {
            "potency": 0,
            "property": [],
            "resilient": 0
        },
        "size": "med",
        "speedPenalty": -5,
        "strength": 2,
        "traits": {
            "rarity": "common",
            "value": [
                "laminar"
            ]
        }
    },
    "type": "armor"
}
