{
    "_id": "U2liOd8kJasy0Ghd",
    "img": "icons/equipment/chest/breastplate-gorget-steel.webp",
    "name": "O-Yoroi",
    "system": {
        "acBonus": 6,
        "baseItem": "o-yoroi",
        "bulk": {
            "value": 5
        },
        "category": "heavy",
        "checkPenalty": -3,
        "containerId": null,
        "description": {
            "value": "<p>Larger plates coupled with lamellar pieces to make up a suit of heavy lamellar. The custom-fitted and often highly decorative suit covers most of the body. Rounding out the suit are a tiered helmet and fearsome mask, often depicting a fiendish or monstrous creature.</p>"
        },
        "dexCap": 0,
        "group": "composite",
        "hardness": 0,
        "hp": {
            "max": 0,
            "value": 0
        },
        "level": {
            "value": 2
        },
        "material": {
            "grade": null,
            "type": null
        },
        "price": {
            "value": {
                "gp": 35
            }
        },
        "publication": {
            "license": "OGL",
            "remaster": false,
            "title": "Pathfinder Treasure Vault"
        },
        "quantity": 1,
        "rules": [],
        "runes": {
            "potency": 0,
            "property": [],
            "resilient": 0
        },
        "size": "med",
        "speedPenalty": -10,
        "strength": 4,
        "traits": {
            "rarity": "common",
            "value": [
                "bulwark",
                "laminar"
            ]
        }
    },
    "type": "armor"
}
