{
    "_id": "630xJ5zceXFXiTi2",
    "img": "systems/pf2e/icons/equipment/armor/specific-magic-armor/prismatic-plate.webp",
    "name": "Prismatic Plate",
    "system": {
        "acBonus": 4,
        "baseItem": "breastplate",
        "bulk": {
            "value": 1
        },
        "category": "heavy",
        "checkPenalty": -2,
        "containerId": null,
        "description": {
            "value": "<p>With its standard-grade dawnsilver polished to a mirrorlike sheen, this <em>+2 resilient glamered dawnsilver breastplate</em> features the religious symbols of the goddesses of the Prismatic Ray pantheon-Desna, Sarenrae, and Shelyn-surrounded by a rainbow-colored set of gems.</p>\n<hr />\n<p><strong>Activate</strong> <span class=\"action-glyph\">2</span> command, Interact</p>\n<p><strong>Frequency</strong> once per day</p>\n<hr />\n<p><strong>Effect</strong> You surround yourself in a coruscating field of red, orange, yellow, green, blue, indigo, and violet light for 1 minute. Each color has a different effect, based on the effects of a 7th-rank @UUID[Compendium.pf2e.spells-srd.Item.Chromatic Wall] spell, and you apply the effects of each color once before it disappears from your field of light, which can happen in the following two ways.</p>\n<p>First, the field attempts a counteract check (counteract rank 7, counteract modifier [[/r 1d20+27 #Counteract]]{+27}) against any effect that would be blocked by a chromatic wall of any of the colors still surrounding you in your field of light. Succeed or fail, that color then disappears from your field of light.</p>\n<p>Second, any creature that touches you or damages you with an unarmed attack or non-reach melee weapon is affected by a random remaining color from your field. As normal, this doesn't affect creatures you choose to touch.</p>\n<p>A creature can also remove a color from your field of light by using a specific spell, as described in <em>chromatic wall</em>. The effect ends early if each color disappears from your field of light, or if you choose to Dismiss it.</p>\n<hr />\n<p><strong>Craft Requirements</strong> The initial raw materials must include 1,600 gp of dawnsilver.</p>"
        },
        "dexCap": 1,
        "group": "plate",
        "hardness": 0,
        "hp": {
            "max": 0,
            "value": 0
        },
        "level": {
            "value": 17
        },
        "material": {
            "grade": "standard",
            "type": "dawnsilver"
        },
        "price": {
            "value": {
                "gp": 14000
            }
        },
        "publication": {
            "license": "OGL",
            "remaster": false,
            "title": "Pathfinder Lost Omens The Grand Bazaar"
        },
        "quantity": 1,
        "rules": [],
        "runes": {
            "potency": 2,
            "property": [
                "glamered"
            ],
            "resilient": 1
        },
        "size": "med",
        "specific": {
            "material": {
                "grade": "standard",
                "type": "dawnsilver"
            },
            "runes": {
                "potency": 2,
                "property": [
                    "glamered"
                ],
                "resilient": 1
            }
        },
        "speedPenalty": -5,
        "strength": 3,
        "traits": {
            "rarity": "uncommon",
            "value": [
                "invested",
                "magical"
            ]
        }
    },
    "type": "armor"
}
