{
    "_id": "iCJrRoIsjdf665yE",
    "img": "systems/pf2e/icons/equipment/armor/specific-magic-armor/psychic-brigandine.webp",
    "name": "Psychic Brigandine",
    "system": {
        "acBonus": 5,
        "baseItem": "splint-mail",
        "bulk": {
            "value": 1
        },
        "category": "heavy",
        "checkPenalty": -3,
        "containerId": null,
        "description": {
            "value": "<p>Transparent crystals as hard as steel take the place of metal plates on this suit of +2 greater invisibility splint mail. Also known as a coat of a thousand thoughts in Vudra and Jalmeray, where it was first developed by psychic warriors, it makes your mind an indomitable fortress. You gain resistance 5 to mental damage.</p>\n<p>Whenever you use the armor to become invisible, you also become psychically invisible. Each time you would be affected by an effect with the mental trait while you are invisible, attempt a @Check[flat|dc:17] check. On a success, it doesn't affect you.</p>"
        },
        "dexCap": 1,
        "group": "composite",
        "hardness": 0,
        "hp": {
            "max": 0,
            "value": 0
        },
        "level": {
            "value": 13
        },
        "material": {
            "grade": null,
            "type": null
        },
        "price": {
            "value": {
                "gp": 3000
            }
        },
        "publication": {
            "license": "OGL",
            "remaster": false,
            "title": "Pathfinder Lost Omens The Grand Bazaar"
        },
        "quantity": 1,
        "rules": [
            {
                "key": "Resistance",
                "type": "mental",
                "value": 5
            }
        ],
        "runes": {
            "potency": 2,
            "property": [
                "greaterInvisibility"
            ],
            "resilient": 0
        },
        "size": "med",
        "specific": {
            "material": {
                "grade": null,
                "type": null
            },
            "runes": {
                "potency": 2,
                "property": [
                    "greaterInvisibility"
                ],
                "resilient": 0
            }
        },
        "speedPenalty": -14,
        "strength": 3,
        "traits": {
            "rarity": "uncommon",
            "value": [
                "invested",
                "magical"
            ]
        }
    },
    "type": "armor"
}
