{
    "_id": "7xcLPvLDqOcnj0qs",
    "img": "icons/equipment/chest/breastplate-quilted-brown.webp",
    "name": "Quilted Armor",
    "system": {
        "acBonus": 2,
        "baseItem": "quilted-armor",
        "bulk": {
            "value": 1
        },
        "category": "light",
        "checkPenalty": -1,
        "containerId": null,
        "description": {
            "value": "<p>Quilted armor is built in a long coat intended for defensive use without other armor. Quilted armor protects the upper body and legs, differentiating it further from the typical padded undercoat. This armor is frequently made in stylish colors or patterns to facilitate use as protective outerwear or a military uniform.</p>"
        },
        "dexCap": 2,
        "group": "cloth",
        "hardness": 0,
        "hp": {
            "max": 0,
            "value": 0
        },
        "level": {
            "value": 0
        },
        "material": {
            "grade": null,
            "type": null
        },
        "price": {
            "value": {
                "gp": 3
            }
        },
        "publication": {
            "license": "OGL",
            "remaster": false,
            "title": "Pathfinder Treasure Vault"
        },
        "quantity": 1,
        "rules": [],
        "runes": {
            "potency": 0,
            "property": [],
            "resilient": 0
        },
        "size": "med",
        "speedPenalty": 0,
        "strength": 1,
        "traits": {
            "rarity": "common",
            "value": [
                "comfort"
            ]
        }
    },
    "type": "armor"
}
