{
    "_id": "oCLYbeDKhhv7yEzK",
    "img": "icons/equipment/chest/breastplate-scale-leather.webp",
    "name": "Rattan Armor",
    "system": {
        "acBonus": 1,
        "baseItem": "rattan-armor",
        "bulk": {
            "value": 1
        },
        "category": "light",
        "checkPenalty": -1,
        "containerId": null,
        "description": {
            "value": "<p>This armor is made from rattan reeds which are bent and woven into shaped layers then treated with oil to harden them. Due to the materials and nature of its construction, rattan armor is naturally buoyant and doesn't hinder its wearer when moving through water.</p>"
        },
        "dexCap": 4,
        "group": "wood",
        "hardness": 0,
        "hp": {
            "max": 0,
            "value": 0
        },
        "level": {
            "value": 0
        },
        "material": {
            "grade": null,
            "type": null
        },
        "price": {
            "value": {
                "gp": 2
            }
        },
        "publication": {
            "license": "ORC",
            "remaster": true,
            "title": "Pathfinder War of Immortals"
        },
        "quantity": 1,
        "rules": [],
        "runes": {
            "potency": 0,
            "property": [],
            "resilient": 0
        },
        "size": "med",
        "speedPenalty": 0,
        "strength": 0,
        "traits": {
            "rarity": "common",
            "value": [
                "aquadynamic"
            ]
        }
    },
    "type": "armor"
}
