{
    "_id": "FKNgrFDIRBumr6P5",
    "img": "icons/equipment/chest/breastplate-sculpted-grey.webp",
    "name": "Rebounding Breastplate",
    "system": {
        "acBonus": 4,
        "baseItem": "breastplate",
        "bulk": {
            "value": 2
        },
        "category": "medium",
        "checkPenalty": -2,
        "containerId": null,
        "description": {
            "value": "<p>This <em>+3 greater resilient greater fortification breastplate</em> absorbs impacts for later release. While wearing the armor, you gain resistance 5 to bludgeoning, piercing, and slashing damage and resistance 10 to force damage. Keep track of how much damage the armor prevents from enemy attacks, as the armor absorbs that damage.</p>\n<p>After 1 minute, the absorbed damage disperses harmlessly and resets to 0. Only damage caused by foes or hazards powers the armor, not damage you take from yourself, allies, or the environment.</p>\n<hr />\n<p><strong>Activate</strong> <span class=\"action-glyph\">1</span> Interact</p>\n<p><strong>Requirements</strong> Your armor has absorbed at least 30 damage</p>\n<p><strong>Effect</strong> The absorbed energy explodes from your armor in a pulse of force. Creatures in a @Template[emanation|distance:30] take @Damage[10d6[force]|options:area-damage] damage with a @Check[fortitude|dc:43|basic|showDC:all|options:area-effect] save. On a failure, they're pushed 10 feet away from you, and on a critical failure, they're pushed 20 feet away from you and fall @UUID[Compendium.pf2e.conditionitems.Item.Prone]. The armor's absorbed damage resets to 0.</p>"
        },
        "dexCap": 1,
        "group": "plate",
        "hardness": 0,
        "hp": {
            "max": 0,
            "value": 0
        },
        "level": {
            "value": 20
        },
        "material": {
            "grade": null,
            "type": null
        },
        "price": {
            "value": {
                "gp": 70000
            }
        },
        "publication": {
            "license": "OGL",
            "remaster": false,
            "title": "Pathfinder Secrets of Magic"
        },
        "quantity": 1,
        "rules": [
            {
                "key": "Resistance",
                "type": "force",
                "value": 10
            },
            {
                "key": "Resistance",
                "type": [
                    "bludgeoning",
                    "piercing",
                    "slashing"
                ],
                "value": 5
            }
        ],
        "runes": {
            "potency": 3,
            "property": [
                "greaterFortification"
            ],
            "resilient": 2
        },
        "size": "med",
        "specific": {
            "material": {
                "grade": null,
                "type": null
            },
            "runes": {
                "potency": 3,
                "property": [
                    "greaterFortification"
                ],
                "resilient": 2
            }
        },
        "speedPenalty": -5,
        "strength": 3,
        "traits": {
            "rarity": "common",
            "value": [
                "force",
                "magical"
            ]
        }
    },
    "type": "armor"
}
