{
    "_id": "uuBhzN6xrplrwKyI",
    "img": "systems/pf2e/icons/equipment/armor/coral-armor.webp",
    "name": "Reef Heart",
    "system": {
        "acBonus": 3,
        "baseItem": "coral-armor",
        "bulk": {
            "value": 2
        },
        "category": "medium",
        "checkPenalty": -2,
        "containerId": null,
        "description": {
            "value": "<p>This <em>+2 resilient coral armor</em>, often favored by allies of merfolk and aquatic elves, is made of living coral carefully harvested from the ocean depths. Legends speak of a variety of similar coral armors with distinct powers, but surface-dwellers know of <em>reef heart</em> as a magic armor that makes it easier for them to travel under the sea. <em>Reef heart</em> enables you to breathe underwater and gives you a swim Speed equal to half your land Speed.</p>\n<p><strong>Activate</strong> <span class=\"action-glyph\">3</span> command, envision, Interact</p>\n<p><strong>Frequency</strong> once per day</p>\n<hr />\n<p><strong>Effect</strong> You cast @UUID[Compendium.pf2e.spells-srd.Item.Coral Eruption]. If you conjure the coral underwater, it ceases dealing damage after 1 minute, but its duration is unlimited. If the magical coral remains in place for 1 year, it becomes non-magical coral from which a reef might grow.</p>"
        },
        "dexCap": 2,
        "group": "skeletal",
        "hardness": 0,
        "hp": {
            "max": 0,
            "value": 0
        },
        "level": {
            "value": 12
        },
        "material": {
            "grade": null,
            "type": null
        },
        "price": {
            "value": {
                "gp": 2000
            }
        },
        "publication": {
            "license": "OGL",
            "remaster": false,
            "title": "Pathfinder Treasure Vault"
        },
        "quantity": 1,
        "rules": [
            {
                "key": "BaseSpeed",
                "selector": "swim",
                "value": "floor(@actor.attributes.speed.total/2)"
            }
        ],
        "runes": {
            "potency": 2,
            "property": [],
            "resilient": 1
        },
        "size": "med",
        "specific": {
            "material": {
                "grade": null,
                "type": null
            },
            "runes": {
                "potency": 2,
                "property": [],
                "resilient": 1
            }
        },
        "speedPenalty": -5,
        "strength": 2,
        "traits": {
            "rarity": "common",
            "value": [
                "aquadynamic"
            ]
        }
    },
    "type": "armor"
}
