{
    "_id": "oE6tZBBbP59DOWFM",
    "img": "systems/pf2e/icons/equipment/armor/niyahaat.webp",
    "name": "Remorhaz Armor",
    "system": {
        "acBonus": 3,
        "baseItem": "niyahaat",
        "bulk": {
            "value": 2
        },
        "category": "medium",
        "checkPenalty": -2,
        "containerId": null,
        "description": {
            "value": "<p>This <em>+1 resilient fire-resistant niyaháat</em> is often created to mark the passage of an Erutaki warrior into adulthood, formed from the chitinous plates of a remorhaz, with larger pieces protecting the chest, shoulders, and head. As you fight, the armor glows red hot.</p>\n<p><strong>Activate</strong> <span class=\"action-glyph\">2</span> command, envision</p>\n<p><strong>Frequency</strong> once per day</p>\n<p><strong>Effect</strong> The armor is sheathed in a @UUID[Compendium.pf2e.spells-srd.Item.Fire Shield].</p>\n<hr />\n<p><strong>Activate</strong> <span class=\"action-glyph\">r</span> envision</p>\n<p><strong>Frequency</strong> once per day</p>\n<p><strong>Trigger</strong> You're dealt 30 or more fire damage, before any reduction from your fire resistance</p>\n<p><strong>Requirements</strong> You've used the <em>fire shield</em> activation already today</p>\n<p><strong>Effect</strong> The <em>fire shield</em> activation recharges.</p>\n<hr />\n<p><strong>Craft Requirements</strong> The initial raw materials must include the carapace of a remorhaz.</p>"
        },
        "dexCap": 2,
        "group": "skeletal",
        "hardness": 0,
        "hp": {
            "max": 0,
            "value": 0
        },
        "level": {
            "value": 10
        },
        "material": {
            "grade": null,
            "type": null
        },
        "price": {
            "value": {
                "gp": 975
            }
        },
        "publication": {
            "license": "OGL",
            "remaster": false,
            "title": "Pathfinder Treasure Vault"
        },
        "quantity": 1,
        "rules": [],
        "runes": {
            "potency": 1,
            "property": [
                "fireResistant"
            ],
            "resilient": 1
        },
        "size": "med",
        "specific": {
            "material": {
                "grade": null,
                "type": null
            },
            "runes": {
                "potency": 1,
                "property": [
                    "fireResistant"
                ],
                "resilient": 1
            }
        },
        "speedPenalty": -5,
        "strength": 2,
        "traits": {
            "rarity": "uncommon",
            "value": [
                "fire",
                "laminar"
            ]
        }
    },
    "type": "armor"
}
