{
    "_id": "Wkh5rQx3IqInEKdT",
    "img": "icons/equipment/chest/robe-layered-white.webp",
    "name": "Robe of the Archmagi",
    "system": {
        "acBonus": 0,
        "baseItem": "explorers-clothing",
        "bulk": {
            "value": 1
        },
        "category": "unarmored",
        "checkPenalty": 0,
        "containerId": null,
        "description": {
            "value": "<p>Embroidered with fine silver thread in ornate arcane patterns, these robes come in one of three colors depending on their attuned alignment. Good robes are gold, neutral robes are light blue, and evil robes are red. An evil or good robe gains the appropriate trait. The robes benefit only characters who can cast arcane spells and whose alignment on the good-evil axis matches that of the robe. If your alignment does not match that of the robe, or you are not an arcane spellcaster, you are instead @UUID[Compendium.pf2e.conditionitems.Item.Stupefied]{Stupefied 2} while wearing a <em>robe of the archmagi</em>. This condition can't be removed in any way until you remove the robe.</p>\n<p>The robes are <em>+2 greater resilient explorer's clothing</em>, and they grant a +1 circumstance bonus to saving throws against arcane spells and resistance 5 to damage from arcane spells.</p>\n<hr />\n<p><strong>Activate</strong> <span class=\"action-glyph\">R</span> command</p>\n<p><strong>Frequency</strong> once per day</p>\n<p><strong>Trigger</strong> You attempt a saving throw against an arcane spell, but you haven't rolled yet</p>\n<p><strong>Effect</strong> You automatically succeed at your save against the triggering arcane spell.</p>\n<hr />\n<p><strong>Craft Requirements</strong> You are an arcane spellcaster.</p>"
        },
        "dexCap": 5,
        "group": null,
        "hardness": 0,
        "hp": {
            "max": 0,
            "value": 0
        },
        "level": {
            "value": 15
        },
        "material": {
            "grade": null,
            "type": null
        },
        "price": {
            "value": {
                "gp": 6500
            }
        },
        "publication": {
            "license": "OGL",
            "remaster": false,
            "title": "Pathfinder Core Rulebook"
        },
        "quantity": 1,
        "rules": [
            {
                "key": "FlatModifier",
                "label": "PF2E.SpecificRule.Equipment.RobeOfTheArchmagi.VsArcaneSpells",
                "predicate": [
                    "item:trait:arcane",
                    "item:type:spell",
                    "self:caster:tradition:arcane"
                ],
                "selector": "saving-throw",
                "type": "circumstance",
                "value": 1
            },
            {
                "definition": [
                    "damage",
                    "item:trait:arcane",
                    "item:type:spell"
                ],
                "key": "Resistance",
                "label": "PF2E.IWR.Custom.AllDamageFromArcaneSpells",
                "predicate": [
                    "self:caster:tradition:arcane"
                ],
                "type": "custom",
                "value": 5
            },
            {
                "key": "AdjustModifier",
                "predicate": [
                    {
                        "not": "self:caster:tradition:arcane"
                    }
                ],
                "selector": "saving-throw",
                "slug": "resilient",
                "suppress": true
            },
            {
                "key": "AdjustModifier",
                "predicate": [
                    {
                        "not": "self:caster:tradition:arcane"
                    }
                ],
                "selector": "ac",
                "slug": "explorers-clothing",
                "suppress": true
            },
            {
                "alterations": [
                    {
                        "mode": "override",
                        "property": "badge-value",
                        "value": 2
                    }
                ],
                "inMemoryOnly": true,
                "key": "GrantItem",
                "predicate": [
                    {
                        "not": "self:caster:tradition:arcane"
                    }
                ],
                "uuid": "Compendium.pf2e.conditionitems.Item.Stupefied"
            }
        ],
        "runes": {
            "potency": 2,
            "property": [],
            "resilient": 2
        },
        "size": "med",
        "specific": {
            "material": {
                "grade": null,
                "type": null
            },
            "runes": {
                "potency": 2,
                "property": [],
                "resilient": 2
            }
        },
        "speedPenalty": 0,
        "strength": null,
        "traits": {
            "rarity": "uncommon",
            "value": [
                "comfort"
            ]
        }
    },
    "type": "armor"
}
