{
    "_id": "Wfu6R7y4w9iTZcDs",
    "img": "icons/equipment/chest/breastplate-scale-leather.webp",
    "name": "Rusting Carapace",
    "system": {
        "acBonus": 1,
        "baseItem": "leather-lamellar",
        "bulk": {
            "value": 1
        },
        "category": "light",
        "checkPenalty": -1,
        "containerId": null,
        "description": {
            "value": "<p>This <em>+1 leather lamellar</em> armor incorporates the plates of a rust monster's hide, woven together with the creature's own antennae and sinew into a functional set of armor. While wearing the <em>rusting carapace</em>, you gain a +2 item bonus to your Reflex save to prevent an object you're holding from being affected by rust; this also increases your Reflex DC to avoid being Disarmed by a rust monster's Antenna @UUID[Compendium.pf2e.actionspf2e.Item.Disarm] ability.</p>\n<hr />\n<p><strong>Activate</strong> <span class=\"action-glyph\">2</span> Interact</p>\n<p><strong>Frequency</strong> once per day</p>\n<p><strong>Effect</strong> Feathery antennae extend from between the segments of the rusting hide and brush against a nearby metal creature, non-magical metal hazard, or non-magical metal item of up to 1 Bulk, with the effects of @UUID[Compendium.pf2e.spells-srd.Item.Rusting Grasp] @Check[fortitude|dc:24|basic|traits:transmutation,primal].</p>\n<hr />\n<p><strong>Craft Requirements</strong> The initial raw materials must include the hide of a rust monster.</p>"
        },
        "dexCap": 4,
        "group": "composite",
        "hardness": 0,
        "hp": {
            "max": 0,
            "value": 0
        },
        "level": {
            "value": 8
        },
        "material": {
            "grade": null,
            "type": null
        },
        "price": {
            "value": {
                "gp": 476
            }
        },
        "publication": {
            "license": "OGL",
            "remaster": false,
            "title": "Pathfinder Treasure Vault"
        },
        "quantity": 1,
        "rules": [
            {
                "key": "FlatModifier",
                "predicate": [
                    "action:antenna-disarm"
                ],
                "selector": "reflex",
                "type": "item",
                "value": 2
            }
        ],
        "runes": {
            "potency": 1,
            "property": [],
            "resilient": 0
        },
        "size": "med",
        "specific": {
            "material": {
                "grade": null,
                "type": null
            },
            "runes": {
                "potency": 1,
                "property": [],
                "resilient": 0
            }
        },
        "speedPenalty": 0,
        "strength": 0,
        "traits": {
            "rarity": "uncommon",
            "value": [
                "laminar"
            ]
        }
    },
    "type": "armor"
}
