{
    "_id": "3O1Iv7ztIPKhKWwe",
    "img": "icons/equipment/chest/breastplate-layered-leather-studded.webp",
    "name": "Sankeit",
    "system": {
        "acBonus": 2,
        "baseItem": "sankeit",
        "bulk": {
            "value": 1
        },
        "category": "light",
        "checkPenalty": -1,
        "containerId": null,
        "description": {
            "value": "<p>Sankeit is common armor among Varki in the northern Land of the Linnorm Kings, made of small wooden plates or longer slats, typically vertical, joined with sinew or cord and painted with decorations. Varki warriors traditionally wear sankeit with a fearsome wooden helm carved in the shape of a mighty creature.</p>"
        },
        "dexCap": 3,
        "group": "wood",
        "hardness": 0,
        "hp": {
            "max": 0,
            "value": 0
        },
        "level": {
            "value": 0
        },
        "material": {
            "grade": null,
            "type": null
        },
        "price": {
            "value": {
                "gp": 5
            }
        },
        "publication": {
            "license": "ORC",
            "remaster": true,
            "title": "Pathfinder War of Immortals"
        },
        "quantity": 1,
        "rules": [],
        "runes": {
            "potency": 0,
            "property": [],
            "resilient": 0
        },
        "size": "med",
        "speedPenalty": 0,
        "strength": 1,
        "traits": {
            "rarity": "common",
            "value": [
                "laminar"
            ]
        }
    },
    "type": "armor"
}
