{
    "_id": "VyQZVv31q3CjCAQz",
    "img": "systems/pf2e/icons/equipment/armor/specific-magic-armor/sarkorian-god-caller-garb.webp",
    "name": "Sarkorian God-Caller Garb",
    "system": {
        "acBonus": 0,
        "baseItem": "explorers-clothing",
        "bulk": {
            "value": 0.1
        },
        "category": "unarmored",
        "checkPenalty": 0,
        "containerId": null,
        "description": {
            "value": "<p>Each <em>Sarkorian god-caller garb</em> is emblazoned with a unique sigil of a particular Sarkorian deity and adorned with symbols sacred to Sarkorian god callers, the summoners and religious leaders of Sarkoris. These <em>+1 explorer's clothing</em> outfits look as if they were stitched together from multiple types of animals, featuring feathers, fur, leather, and scales.</p>\n<p>When you cast a 3-action summoning spell while wearing this armor, the summoned creature gains a magical sigil that matches the one on the armor. As long as it is within 30 feet of you, the summoned creature gains a +1 status bonus to AC. If it ever moves farther than 30 feet from you, the sigil fades and the creature loses the status bonus to AC, even if it later comes within 30 feet of you again.</p>\n<p>@UUID[Compendium.pf2e.equipment-effects.Item.Effect: Sarkorian God-Caller Garb]</p>"
        },
        "dexCap": 5,
        "group": "cloth",
        "hardness": 0,
        "hp": {
            "max": 0,
            "value": 0
        },
        "level": {
            "value": 6
        },
        "material": {
            "grade": null,
            "type": null
        },
        "price": {
            "value": {
                "gp": 250
            }
        },
        "publication": {
            "license": "OGL",
            "remaster": false,
            "title": "Pathfinder Lost Omens The Grand Bazaar"
        },
        "quantity": 1,
        "rules": [],
        "runes": {
            "potency": 1,
            "property": [],
            "resilient": 0
        },
        "size": "med",
        "specific": {
            "material": {
                "grade": null,
                "type": null
            },
            "runes": {
                "potency": 1,
                "property": [],
                "resilient": 0
            }
        },
        "speedPenalty": 0,
        "strength": null,
        "traits": {
            "rarity": "uncommon",
            "value": [
                "comfort",
                "invested",
                "magical"
            ]
        }
    },
    "type": "armor"
}
