{
    "_id": "b8bVEp4qOorBDsAF",
    "img": "systems/pf2e/icons/equipment/armor/specific-magic-armor/scarab-cuirass.webp",
    "name": "Scarab Cuirass",
    "system": {
        "acBonus": 1,
        "baseItem": "leather-armor",
        "bulk": {
            "value": 1
        },
        "category": "light",
        "checkPenalty": -1,
        "containerId": null,
        "description": {
            "value": "<p>The cuirass of this <em>+1 deathless resilient leather armor</em>, stitched to resemble an Osiriani scarab beetle, feels strangely chitinous. You gain resistance 5 to void damage.</p>\n<hr />\n<p><strong>Activate</strong> <span class=\"action-glyph\">2</span> command, Interact</p>\n<hr />\n<p><strong>Effect</strong> You cast a 1st-rank @UUID[Compendium.pf2e.spells-srd.Item.Pest Form]. You can only become a scarab beetle.</p>\n<hr />\n<p><strong>Craft Requirements</strong> Supply one casting of <em>pest form</em>.</p>"
        },
        "dexCap": 4,
        "group": "leather",
        "hardness": 0,
        "hp": {
            "max": 0,
            "value": 0
        },
        "level": {
            "value": 10
        },
        "material": {
            "grade": null,
            "type": null
        },
        "price": {
            "value": {
                "gp": 1000
            }
        },
        "publication": {
            "license": "OGL",
            "remaster": false,
            "title": "Pathfinder Lost Omens The Grand Bazaar"
        },
        "quantity": 1,
        "rules": [
            {
                "key": "Resistance",
                "type": "void",
                "value": 5
            }
        ],
        "runes": {
            "potency": 1,
            "property": [
                "deathless"
            ],
            "resilient": 1
        },
        "size": "med",
        "specific": {
            "material": {
                "grade": null,
                "type": null
            },
            "runes": {
                "potency": 1,
                "property": [
                    "deathless"
                ],
                "resilient": 1
            }
        },
        "speedPenalty": 0,
        "strength": 0,
        "traits": {
            "rarity": "uncommon",
            "value": [
                "invested",
                "magical"
            ]
        }
    },
    "type": "armor"
}
