{
    "_id": "Blp9Ha1YeIJOeFls",
    "img": "systems/pf2e/icons/equipment/armor/specific-magic-armor/spangled-riders-suit.webp",
    "name": "Spangled Rider's Suit",
    "system": {
        "acBonus": 2,
        "baseItem": "studded-leather-armor",
        "bulk": {
            "value": 1
        },
        "category": "light",
        "checkPenalty": -1,
        "containerId": null,
        "description": {
            "value": "<p>This <em>+1 resilient</em> studded leather is adorned with colorful sequins that sparkle in even the faintest light.</p>\n<p>While wearing the spangled rider's suit, you gain a +2 item bonus to Command an Animal you are riding.</p>\n<p>Any animal you ride automatically knows the Drop Prone and Step basic actions, in addition to any other basic actions it knows (normally only Leap, Seek, Stand, Stride, and Strike).</p>\n<p><strong>Activate</strong> <span class=\"action-glyph\">R</span> (move)</p>\n<p><strong>Trigger</strong> You take damage while mounted or your mount Drops Prone</p>\n<hr />\n<p><strong>Effect</strong> You dismount, moving off your mount into a space adjacent to it.</p>"
        },
        "dexCap": 3,
        "group": "leather",
        "hardness": 0,
        "hp": {
            "max": 0,
            "value": 0
        },
        "level": {
            "value": 9
        },
        "material": {
            "grade": null,
            "type": null
        },
        "price": {
            "value": {
                "gp": 700
            }
        },
        "publication": {
            "license": "OGL",
            "remaster": false,
            "title": "Pathfinder #152: Legacy of the Lost God"
        },
        "quantity": 1,
        "rules": [
            {
                "key": "FlatModifier",
                "label": "Spangled Rider's Suit (command your mount)",
                "predicate": [
                    "action:command-an-animal",
                    "target:mount"
                ],
                "selector": "nature",
                "type": "item",
                "value": 2
            }
        ],
        "runes": {
            "potency": 1,
            "property": [],
            "resilient": 1
        },
        "size": "med",
        "specific": {
            "material": {
                "grade": null,
                "type": null
            },
            "runes": {
                "potency": 1,
                "property": [],
                "resilient": 1
            }
        },
        "speedPenalty": 0,
        "strength": 1,
        "traits": {
            "rarity": "uncommon",
            "value": [
                "invested",
                "magical"
            ]
        }
    },
    "type": "armor"
}
