{
    "_id": "6AhDKX1dwRwFpQsU",
    "img": "icons/equipment/chest/breastplate-layered-leather-studded-black.webp",
    "name": "Splint Mail",
    "system": {
        "acBonus": 5,
        "baseItem": "splint-mail",
        "bulk": {
            "value": 3
        },
        "category": "heavy",
        "checkPenalty": -3,
        "containerId": null,
        "description": {
            "value": "<p>This type of armor is chain mail reinforced with flexible, interlocking metal plates, typically located on the wearer's torso, upper arms, and legs. A suit of this armor comes with an undercoat of @UUID[Compendium.pf2e.equipment-srd.Item.Padded Armor] and a pair of @UUID[Compendium.pf2e.equipment-srd.Item.Gauntlet]{gauntlets}.</p>"
        },
        "dexCap": 1,
        "group": "composite",
        "hardness": 0,
        "hp": {
            "max": 0,
            "value": 0
        },
        "level": {
            "value": 1
        },
        "material": {
            "grade": null,
            "type": null
        },
        "price": {
            "value": {
                "gp": 13
            }
        },
        "publication": {
            "license": "ORC",
            "remaster": true,
            "title": "Pathfinder Player Core"
        },
        "quantity": 1,
        "rules": [],
        "runes": {
            "potency": 0,
            "property": [],
            "resilient": 0
        },
        "size": "med",
        "speedPenalty": -10,
        "strength": 3,
        "traits": {
            "rarity": "common",
            "value": []
        }
    },
    "type": "armor"
}
