{
    "_id": "O6cnU1Uiss81C4bG",
    "img": "icons/equipment/chest/shirt-collared-pink.webp",
    "name": "Swarmsuit",
    "system": {
        "acBonus": 0,
        "baseItem": "explorers-clothing",
        "bulk": {
            "value": 0.1
        },
        "category": "unarmored",
        "checkPenalty": 0,
        "containerId": null,
        "description": {
            "value": "<p>These thick, overlapping layers of clothing are coupled with a matching hat, outfitted with mesh netting around its wide brim to keep you safe from insects. You gain resistance 3 to physical damage from swarms. Explorer's clothing altered in this way has a Dexterity cap of +2, check penalty of -1, and Speed penalty of -5 feet regardless of your Strength.</p>"
        },
        "dexCap": 2,
        "group": null,
        "hardness": 0,
        "hp": {
            "max": 0,
            "value": 0
        },
        "level": {
            "value": 1
        },
        "material": {
            "grade": null,
            "type": null
        },
        "price": {
            "value": {
                "gp": 20
            }
        },
        "publication": {
            "license": "OGL",
            "remaster": false,
            "title": "Pathfinder Lost Omens The Grand Bazaar"
        },
        "quantity": 1,
        "rules": [
            {
                "key": "FlatModifier",
                "predicate": [
                    {
                        "not": "armor:ignore-speed-penalty"
                    }
                ],
                "selector": "land-speed",
                "value": -5
            },
            {
                "key": "Resistance",
                "predicate": [
                    "origin:trait:swarm"
                ],
                "type": "physical",
                "value": 3
            }
        ],
        "runes": {
            "potency": 0,
            "property": [],
            "resilient": 0
        },
        "size": "med",
        "speedPenalty": -5,
        "strength": null,
        "traits": {
            "rarity": "common",
            "value": []
        }
    },
    "type": "armor"
}
