{
    "_id": "3ytZSLqXQdNCuV4l",
    "img": "icons/equipment/chest/shirt-collared-pink.webp",
    "name": "Swarmsuit (Impenetrable)",
    "system": {
        "acBonus": 0,
        "baseItem": "explorers-clothing",
        "bulk": {
            "value": 0.1
        },
        "category": "unarmored",
        "checkPenalty": -1,
        "containerId": null,
        "description": {
            "value": "<p>An impenetrable swarmsuit is made of expensive, finely crafted mesh designed to completely prevent swarms from getting inside. You gain resistance 10 to physical damage from swarms. Explorer's clothing altered in this way has a Dexterity cap of +2, check penalty of -1, and Speed penalty of -5 feet regardless of your Strength.</p>"
        },
        "dexCap": 2,
        "group": null,
        "hardness": 0,
        "hp": {
            "max": 0,
            "value": 0
        },
        "level": {
            "value": 8
        },
        "material": {
            "grade": null,
            "type": null
        },
        "price": {
            "value": {
                "gp": 420
            }
        },
        "publication": {
            "license": "OGL",
            "remaster": false,
            "title": "Pathfinder Lost Omens The Grand Bazaar"
        },
        "quantity": 1,
        "rules": [
            {
                "key": "FlatModifier",
                "predicate": [
                    {
                        "not": "armor:ignore-speed-penalty"
                    }
                ],
                "selector": "land-speed",
                "value": -5
            },
            {
                "key": "Resistance",
                "predicate": [
                    "origin:trait:swarm"
                ],
                "type": "physical",
                "value": 10
            }
        ],
        "runes": {
            "potency": 0,
            "property": [],
            "resilient": 0
        },
        "size": "med",
        "speedPenalty": -5,
        "strength": null,
        "traits": {
            "rarity": "common",
            "value": []
        }
    },
    "type": "armor"
}
