{
    "_id": "gg6XF2dWafE0pcHu",
    "img": "systems/pf2e/icons/default-icons/armor.svg",
    "name": "Tales in Timber",
    "system": {
        "acBonus": 3,
        "baseItem": "wooden-breastplate",
        "bulk": {
            "value": 0
        },
        "category": "medium",
        "checkPenalty": -2,
        "containerId": null,
        "description": {
            "value": "<p>Dozens of pictorial stories—told in wood carvings, painting, or pyrography—adorn every outer surface of this <em>+1 resilient wooden breastplate</em>. All are old, and many truly ancient, depicting tales set eons ago on the Plane of Wood. You gain a +2 item bonus to Nature checks to Recall Knowledge. If you know the @UUID[Compendium.pf2e.spells-srd.Item.Collective Memories] ritual, you can use Nature instead of Occultism if you're the primary caster.</p>\n<hr />\n<p><strong>Activate—Statue Disguise</strong> <span class=\"action-glyph\">2</span></p>\n<p><strong>Frequency</strong> once per day</p>\n<p><strong>Effect</strong> The armor makes you look like a wooden statue version of one of the creatures depicted on the armor for 1 hour. This is a 3rd-rank @UUID[Compendium.pf2e.spells-srd.Item.Illusory Disguise], but it can make you look like any creature depicted on the armor. This doesn't change your size or the capabilities of your body, and it scales the appearance of the creature to match yours. You can Dismiss the activation. This disguise is just real enough to make you somewhat closer to a creature of wood. You're affected by two spells while it lasts: @UUID[Compendium.pf2e.spells-srd.Item.Oaken Resilience] and @UUID[Compendium.pf2e.spells-srd.Item.Speak with Plants]. If you stand still, you gain a +2 item bonus to Deception checks and DCs to appear as an inanimate wooden statue, in addition to the status bonus to Deception from <em>illusory disguise</em>.</p>"
        },
        "dexCap": 2,
        "group": "wood",
        "hardness": 0,
        "hp": {
            "max": 0,
            "value": 0
        },
        "level": {
            "value": 10
        },
        "material": {
            "grade": null,
            "type": null
        },
        "price": {
            "value": {
                "gp": 1000
            }
        },
        "publication": {
            "license": "OGL",
            "remaster": true,
            "title": "Pathfinder Rage of Elements"
        },
        "quantity": 1,
        "rules": [
            {
                "key": "FlatModifier",
                "predicate": [
                    "action:recall-knowledge"
                ],
                "selector": "nature",
                "type": "item",
                "value": 2
            }
        ],
        "runes": {
            "potency": 1,
            "property": [],
            "resilient": 1
        },
        "size": "med",
        "specific": {
            "material": {
                "grade": null,
                "type": null
            },
            "runes": {
                "potency": 1,
                "property": [],
                "resilient": 1
            }
        },
        "speedPenalty": -5,
        "strength": 2,
        "traits": {
            "rarity": "common",
            "value": [
                "invested",
                "magical",
                "wood"
            ]
        }
    },
    "type": "armor"
}
