{
    "_id": "7cy9gLlKX2vNja0a",
    "img": "systems/pf2e/icons/default-icons/armor.svg",
    "name": "Tough Skin",
    "system": {
        "acBonus": 4,
        "baseItem": null,
        "bulk": {
            "value": 0
        },
        "category": "medium",
        "checkPenalty": -2,
        "containerId": null,
        "description": {
            "value": "<p><strong>Note</strong> Tough Skin ancestry feat only</p>\n<hr />\n<p>Your skin is medium armor in the plate armor group that grants a +4 item bonus to AC, and has a Dex cap of +1, a check penalty of –2, a Speed penalty of –5 feet, a Strength value of +3, and the comfort trait. You can never wear other armor or remove your hide. You can etch armor runes onto your hide.</p>"
        },
        "dexCap": 1,
        "group": "plate",
        "hardness": 0,
        "hp": {
            "max": 0,
            "value": 0
        },
        "level": {
            "value": 1
        },
        "material": {
            "grade": null,
            "type": null
        },
        "price": {
            "value": {}
        },
        "publication": {
            "license": "OGL",
            "remaster": false,
            "title": "Pathfinder Lost Omens Impossible Lands"
        },
        "quantity": 1,
        "rules": [],
        "runes": {
            "potency": 0,
            "property": [],
            "resilient": 0
        },
        "size": "med",
        "speedPenalty": -5,
        "strength": 3,
        "traits": {
            "rarity": "common",
            "value": [
                "comfort"
            ]
        }
    },
    "type": "armor"
}
