{
    "_id": "tzFMetc4VK6goDm2",
    "img": "icons/equipment/chest/vest-leather-tattered-white.webp",
    "name": "Trollhound Vest",
    "system": {
        "acBonus": 3,
        "baseItem": "hide-armor",
        "bulk": {
            "value": 2
        },
        "category": "medium",
        "checkPenalty": -2,
        "containerId": null,
        "description": {
            "value": "<p>This suit of <em>+1 hide armor</em> is sickly green and covered in thick warts and nodules, fashioned from the hide of a trollhound and imbued with some of the beast's vitality. Wearing this armor gives you a –1 circumstance penalty to all checks made using Diplomacy to interact with trolls and a +1 circumstance bonus to Diplomacy checks used to @UUID[Compendium.pf2e.actionspf2e.Item.Make an Impression] in communities traditionally plagued by troll attacks.</p>\n<p><strong>Activate</strong> <span class=\"action-glyph\">r</span> Interact</p>\n<p><strong>Trigger</strong> You take damage from a melee attack while you have half or fewer of your normal maximum Hit Points</p><hr /><p><strong>Effect</strong> Your body knits itself back together, healing you for @Damage[3d8[healing]] Hit Points.</p><hr /><p><strong>Craft Requirements</strong> The initial raw materials must include the hides of at least two trollhounds.</p>"
        },
        "dexCap": 2,
        "group": "leather",
        "hardness": 0,
        "hp": {
            "max": 0,
            "value": 0
        },
        "level": {
            "value": 6
        },
        "material": {
            "grade": null,
            "type": null
        },
        "price": {
            "value": {
                "gp": 230
            }
        },
        "publication": {
            "license": "OGL",
            "remaster": false,
            "title": "Pathfinder Treasure Vault"
        },
        "quantity": 1,
        "rules": [
            {
                "key": "FlatModifier",
                "predicate": [
                    "target:trait:troll"
                ],
                "selector": "diplomacy",
                "slug": "trollhound-vest-penalty",
                "type": "circumstance",
                "value": -1
            },
            {
                "key": "FlatModifier",
                "predicate": [
                    "action:make-an-impression",
                    "troll-plagued-community"
                ],
                "selector": "diplomacy",
                "type": "circumstance",
                "value": 1
            }
        ],
        "runes": {
            "potency": 1,
            "property": [],
            "resilient": 0
        },
        "size": "med",
        "specific": {
            "material": {
                "grade": null,
                "type": null
            },
            "runes": {
                "potency": 1,
                "property": [],
                "resilient": 0
            }
        },
        "speedPenalty": -5,
        "strength": 2,
        "traits": {
            "rarity": "uncommon",
            "value": []
        }
    },
    "type": "armor"
}
