{
    "_id": "hYBZK1kaGPeR85CH",
    "img": "systems/pf2e/icons/equipment/armor/specific-magic-armor/demon-armor.webp",
    "name": "Unholy Plate",
    "system": {
        "acBonus": 6,
        "baseItem": "full-plate",
        "bulk": {
            "value": 4
        },
        "category": "heavy",
        "checkPenalty": -3,
        "containerId": null,
        "description": {
            "value": "<p>Crafted from black iron, this crude suit of <em>+2 resilient full plate</em> is designed to make you look like a horned demon with your face peering out of the screaming maw of the beast.</p>\n<p>While wearing the armor, you can attack with the helmet's horns. They're a martial melee weapon with the effects of a +2 weapon potency rune. They deal 2d8 piercing damage and have the deadly d12 and unholy traits. On a critical hit with the horns, the target must succeed at a @Check[fortitude|dc:30] or become @UUID[Compendium.pf2e.conditionitems.Item.Drained]{Drained 1} (or @UUID[Compendium.pf2e.conditionitems.Item.Drained]{Drained 2} on a critical failure). The horns can't be etched with any runes.</p>\n<p>If you're holy, you're @UUID[Compendium.pf2e.conditionitems.Item.Drained]{Drained 2} and can't recover from this condition while wearing unholy plate.</p><hr /><p><strong>Activate—Demonic Slip</strong> <span class=\"action-glyph\">2</span> (concentrate)</p>\n<p><strong>Frequency</strong> once per day</p><hr /><p><strong>Effect</strong> You cast @UUID[Compendium.pf2e.spells-srd.Item.Translocate].</p><hr /><p><strong>Craft Requirements</strong> You're unholy; supply one casting of <em>translocate</em>.</p>"
        },
        "dexCap": 0,
        "group": "plate",
        "hardness": 0,
        "hp": {
            "max": 0,
            "value": 0
        },
        "level": {
            "value": 13
        },
        "material": {
            "grade": null,
            "type": null
        },
        "price": {
            "value": {
                "gp": 2500
            }
        },
        "publication": {
            "license": "ORC",
            "remaster": true,
            "title": "Pathfinder Player Core 2"
        },
        "quantity": 1,
        "rules": [
            {
                "category": "martial",
                "damage": {
                    "base": {
                        "damageType": "piercing",
                        "dice": 2,
                        "die": "d8"
                    }
                },
                "key": "Strike",
                "label": "PF2E.BattleForm.Attack.Horns",
                "slug": "horns",
                "traits": [
                    "deadly-d12",
                    "unholy"
                ]
            },
            {
                "key": "WeaponPotency",
                "selector": "{item|id}-attack",
                "value": 2
            },
            {
                "key": "Note",
                "outcome": [
                    "criticalSuccess"
                ],
                "selector": "{item|id}-attack",
                "text": "PF2E.SpecificRule.Equipment.UnholyPlate.Note",
                "title": "{item|name}"
            }
        ],
        "runes": {
            "potency": 2,
            "property": [],
            "resilient": 1
        },
        "size": "med",
        "specific": {
            "material": {
                "grade": null,
                "type": null
            },
            "runes": {
                "potency": 2,
                "property": [],
                "resilient": 1
            }
        },
        "speedPenalty": -10,
        "strength": 4,
        "traits": {
            "rarity": "common",
            "value": [
                "bulwark",
                "divine",
                "invested",
                "unholy"
            ]
        }
    },
    "type": "armor"
}
