{
    "_id": "bjTM1SvFvFyJLkuI",
    "img": "systems/pf2e/icons/equipment/armor/mantis-shell.webp",
    "name": "Vernai Shell",
    "system": {
        "acBonus": 2,
        "baseItem": "mantis-shell",
        "bulk": {
            "value": 1
        },
        "category": "light",
        "checkPenalty": -1,
        "containerId": null,
        "description": {
            "value": "<p>Made from the finest plates of monstrous insect chitin, this <em>+2 greater resilient mantis shell</em> offers superior protection from Mediogalti's hot weather while also allowing the wearer to blend into almost any situation and strike with hidden blades. While wearing this armor, you are protected from extreme heat and severe heat effects. <em>Vernai shell</em> armor includes two extradimensional spaces built into each of the armor's gloves, granting the wearer two places to store items. Each glove can hold one item of 1 Bulk or less. While an item is stored in one of the two gloves, there is nothing to indicate that an item is being held inside it.</p><hr /><p><strong>Activate—Store Item</strong> <span class=\"action-glyph\">1</span> (manipulate)</p>\n<p><strong>Requirements</strong> At least one of the <em>Vernai shell's</em> two extradimensional spaces is empty</p>\n<p><strong>Effect</strong> One item you're holding with a Bulk of 1 or less vanishes into one of the armor's extradimensional spaces.</p><hr /><p><strong>Activate—Retrieve Item</strong> <span class=\"action-glyph\">f</span> (manipulate)</p>\n<p><strong>Requirements</strong> An item is stored in at least one of the <em>Vernai shell's</em> extradimensional spaces, and you have a free hand</p>\n<p><strong>Effect</strong> One item of your choice in either extradimensional space appears in your hand. You can't Retrieve Item again for 1 minute.</p>"
        },
        "dexCap": 3,
        "group": "skeletal",
        "hardness": 0,
        "hp": {
            "max": 0,
            "value": 0
        },
        "level": {
            "value": 16
        },
        "material": {
            "grade": null,
            "type": null
        },
        "price": {
            "value": {
                "gp": 8000
            }
        },
        "publication": {
            "license": "ORC",
            "remaster": true,
            "title": "Pathfinder Adventure: Prey for Death"
        },
        "quantity": 1,
        "rules": [],
        "runes": {
            "potency": 2,
            "property": [],
            "resilient": 2
        },
        "size": "med",
        "specific": {
            "material": {
                "grade": null,
                "type": null
            },
            "runes": {
                "potency": 2,
                "property": [],
                "resilient": 2
            }
        },
        "speedPenalty": 0,
        "strength": 1,
        "traits": {
            "rarity": "uncommon",
            "value": [
                "adjusted",
                "extradimensional",
                "invested",
                "magical"
            ]
        }
    },
    "type": "armor"
}
