{
    "_id": "ed2F0L3R6UNSFUmS",
    "img": "systems/pf2e/icons/equipment/armor/specific-magic-armor/victory-plate.webp",
    "name": "Victory Plate (Greater)",
    "system": {
        "acBonus": 6,
        "baseItem": null,
        "bulk": {
            "value": 4
        },
        "category": "heavy",
        "checkPenalty": -3,
        "containerId": null,
        "description": {
            "value": "<p>The metal plates of this <em>+2 greater resilient full plate</em> are covered by a bright tabard featuring a distinctive coat of arms divided into four fields. This insignia magically records your recent victories, displaying one triumph in each field of the coat of arms, allowing you to call upon those victories for aid in future battles.</p>\n<hr />\n<p><strong>Activate</strong> <span class=\"action-glyph\">F</span> envision</p>\n<p><strong>Trigger</strong> You kill or destroy a creature of a level equal to or greater than your <em>victory plate</em> (adjusted as usual if you add fundamental runes to victory plate). This creature must have one of the traits listed in the second activation</p>\n<p><strong>Effect</strong> You direct the armor to commemorate your victory. The coat of arms on the armor's tabard shifts to incorporate heraldry related to the slain creature, and the victory is recorded within the tabard. If you have already recorded four victories, choose one to replace with the new victory.</p>\n<hr />\n<p><strong>Activate</strong> <span class=\"action-glyph\">2</span> envision, Interact</p>\n<p><strong>Frequency</strong> once per minute</p>\n<p><strong>Effect</strong> You touch one of the tabard's four fields representing one of your victories and recall your triumph over that creature. That creature vanishes from the tabard, and for 1 minute, you gain resistance 10 to a damage type based on the creature's trait (you gain resistance to only one type, even if the creature has more than one trait that could apply):</p>\n<ul>\n<li><strong>Aberration or Fey</strong> mental</li>\n<li><strong>Celestial</strong> good</li>\n<li><strong>Construct</strong> poison</li>\n<li><strong>Dragon or Elemental</strong> one energy type that matches one of the dragon's or elemental's traits</li>\n<li><strong>Fiend</strong> evil</li>\n<li><strong>Ooze</strong> precision, and the resistance is 20</li>\n<li><strong>Undead</strong> void</li>\n</ul>"
        },
        "dexCap": 0,
        "group": "plate",
        "hardness": 0,
        "hp": {
            "max": 0,
            "value": 0
        },
        "level": {
            "value": 15
        },
        "material": {
            "grade": null,
            "type": null
        },
        "price": {
            "value": {
                "gp": 5500
            }
        },
        "publication": {
            "license": "OGL",
            "remaster": false,
            "title": "Pathfinder Advanced Player's Guide"
        },
        "quantity": 1,
        "rules": [],
        "runes": {
            "potency": 2,
            "property": [],
            "resilient": 2
        },
        "size": "med",
        "specific": {
            "material": {
                "grade": null,
                "type": null
            },
            "runes": {
                "potency": 2,
                "property": [],
                "resilient": 2
            }
        },
        "speedPenalty": -10,
        "strength": 4,
        "traits": {
            "rarity": "uncommon",
            "value": [
                "bulwark",
                "invested",
                "magical"
            ]
        }
    },
    "type": "armor"
}
