{
    "_id": "me7GsgRKnqA7vaB5",
    "img": "systems/pf2e/icons/equipment/worn-items/companion-items/waverider-barding.webp",
    "name": "Waverider Barding",
    "system": {
        "acBonus": 1,
        "baseItem": null,
        "bulk": {
            "value": 0.1
        },
        "category": "light-barding",
        "checkPenalty": -1,
        "containerId": null,
        "description": {
            "value": "<p>This light barding is covered in wavelike patterns. The barding adjusts to fit your animal companion regardless of its shape.</p><hr /><p><strong>Activate</strong> <span class=\"action-glyph\">2</span> Interact</p>\n<p><strong>Frequency</strong> once per day</p><hr /><p><strong>Effect</strong> You trace a finger along the wave patterns on the barding, granting your companion a swim Speed of 30 feet for 10 minutes. If your companion already had a swim Speed, it gains a +10-foot item bonus to its swim Speed for 10 minutes instead. Even if the companion doesn't have the mount special ability, it can still Swim while being ridden.</p>"
        },
        "dexCap": 5,
        "group": null,
        "hardness": 0,
        "hp": {
            "max": 0,
            "value": 0
        },
        "level": {
            "value": 5
        },
        "material": {
            "grade": null,
            "type": null
        },
        "price": {
            "value": {
                "gp": 130
            }
        },
        "publication": {
            "license": "OGL",
            "remaster": false,
            "title": "Pathfinder Lost Omens The Grand Bazaar"
        },
        "quantity": 1,
        "rules": [],
        "runes": {
            "potency": 0,
            "property": [],
            "resilient": 0
        },
        "size": "med",
        "speedPenalty": -5,
        "strength": 3,
        "traits": {
            "rarity": "common",
            "value": [
                "companion",
                "invested",
                "primal"
            ]
        }
    },
    "type": "armor"
}
