{
    "_id": "BTHxd53T6xttQ0d9",
    "img": "systems/pf2e/icons/default-icons/armor.svg",
    "name": "Wisp Chain (Major)",
    "system": {
        "acBonus": 2,
        "baseItem": "chain-shirt",
        "bulk": {
            "value": 0
        },
        "category": "light",
        "checkPenalty": -1,
        "containerId": null,
        "description": {
            "value": "<p>This <em>+2 greater resilient chain shirt</em> is made of small, interlocking currents of wind carefully woven together. While the links of air don't jingle against each other like chain links might, the tiny cyclones nevertheless create a blustering howl akin to standing at the center of a storm. A creature that ends its turn adjacent to you must attempt a @Check[fortitude|dc:32] save. On a failure, it becomes @UUID[Compendium.pf2e.conditionitems.Item.Deafened] until it moves away from you.</p>\n<p><strong>Activate—Slicing Links</strong> <span class=\"action-glyph\">2</span> (concentrate)</p>\n<p><strong>Frequency</strong> Once per day</p>\n<hr />\n<p><strong>Effect</strong> You unbind the currents that form your armor and release them as cutting whorls of air that slice into creatures in a @Template[cone|distance:60]. Creatures in the area take @Damage[12d6[slashing]|options:area-damage] damage with a @Check[fortitude|dc:34|basic|options:area-effect] save. A creature that fails its save is also pushed 10 feet (or 20 feet on a critical failure). You lose the AC bonus of your armor until the end of your turn, when the air currents reform the wisp chain around you.</p>"
        },
        "dexCap": 3,
        "group": "chain",
        "hardness": 0,
        "hp": {
            "max": 0,
            "value": 0
        },
        "level": {
            "value": 15
        },
        "material": {
            "grade": null,
            "type": null
        },
        "price": {
            "value": {
                "gp": 6000
            }
        },
        "publication": {
            "license": "OGL",
            "remaster": true,
            "title": "Pathfinder Rage of Elements"
        },
        "quantity": 1,
        "rules": [],
        "runes": {
            "potency": 2,
            "property": [],
            "resilient": 2
        },
        "size": "med",
        "specific": {
            "material": {
                "grade": null,
                "type": null
            },
            "runes": {
                "potency": 2,
                "property": [],
                "resilient": 2
            }
        },
        "speedPenalty": 0,
        "strength": 1,
        "traits": {
            "rarity": "common",
            "value": [
                "air",
                "invested",
                "magical"
            ]
        }
    },
    "type": "armor"
}
