{
    "_id": "tBGhH7AHyvJQZC5d",
    "img": "icons/equipment/chest/vest-leather-tattered-white.webp",
    "name": "Wolfjaw Armor",
    "system": {
        "acBonus": 3,
        "baseItem": "hide-armor",
        "bulk": {
            "value": 2
        },
        "category": "medium",
        "checkPenalty": -2,
        "containerId": null,
        "description": {
            "value": "<p>Barbarians, druids and other outlanders are often forced to spend the harsh winter months protecting their communities from one of the deadliest predators to stalk the forests and taiga of the northern reaches, the fearsome winter wolf. This <em>+1 hide armor</em> is assembled from the hide and fur of a trio of winter wolves, and it conveys on the wearer both an attack akin to the winter wolves' deadly jaws and the ability to channel the frigid cold of the winter wolf's Breath Weapon.</p>\n<p><strong>Activate</strong> <span class=\"action-glyph\">2</span> Interact (cold)</p>\n<p><strong>Frequency</strong> once per day</p>\n<p><strong>Effect</strong> You breathe a cloud of frost in a @Template[cone|distance:15] that deals @Damage[5d8[cold]] damage (@Check[reflex|dc:23|basic]).</p>\n<hr />\n<p><strong>Activate</strong> <span class=\"action-glyph\">1</span> Interact</p>\n<p><strong>Frequency</strong> once per hour</p>\n<p><strong>Effect</strong> You gain a jaws unarmed attack that you make using your hands. This attack deals 1d8 piercing damage plus 1 cold damage, is in the brawling group, and has the trip and unarmed traits.</p>\n<p>@UUID[Compendium.pf2e.equipment-effects.Item.Effect: Wolfjaw Armor]</p>\n<hr />\n<p><strong>Craft Requirements</strong> The initial raw materials must include the hides of at least three winter wolves.</p>\n<p><em>Note: A duration for the activation effect was not included in the statblock by Paizo. We have assumed a 1 minute duration for the effect</em></p>"
        },
        "dexCap": 2,
        "group": "leather",
        "hardness": 0,
        "hp": {
            "max": 0,
            "value": 0
        },
        "level": {
            "value": 7
        },
        "material": {
            "grade": null,
            "type": null
        },
        "price": {
            "value": {
                "gp": 355
            }
        },
        "publication": {
            "license": "OGL",
            "remaster": false,
            "title": "Pathfinder Treasure Vault"
        },
        "quantity": 1,
        "rules": [],
        "runes": {
            "potency": 1,
            "property": [],
            "resilient": 0
        },
        "size": "med",
        "specific": {
            "material": {
                "grade": null,
                "type": null
            },
            "runes": {
                "potency": 1,
                "property": [],
                "resilient": 0
            }
        },
        "speedPenalty": -5,
        "strength": 2,
        "traits": {
            "rarity": "common",
            "value": [
                "primal"
            ]
        }
    },
    "type": "armor"
}
