{
    "_id": "QPgkjNm2uIV5tsRd",
    "img": "icons/equipment/chest/breastplate-collared-leather-brown.webp",
    "name": "Wooden Breastplate",
    "system": {
        "acBonus": 3,
        "baseItem": "wooden-breastplate",
        "bulk": {
            "value": 2
        },
        "category": "medium",
        "checkPenalty": -2,
        "containerId": null,
        "description": {
            "value": "<p>A suit of carved and tempered wood, a wooden breastplate resembles a metal breastplate in shape and function. Such suits can be carved from large pieces of wood, but they most often come from wood coaxed magically from special trees, whether by druids, elves, fey, or plant creatures such as arboreals or leshys.</p>"
        },
        "dexCap": 2,
        "group": "wood",
        "hardness": 0,
        "hp": {
            "max": 0,
            "value": 0
        },
        "level": {
            "value": 0
        },
        "material": {
            "grade": null,
            "type": null
        },
        "price": {
            "value": {
                "gp": 6
            }
        },
        "publication": {
            "license": "OGL",
            "remaster": false,
            "title": "Pathfinder Treasure Vault"
        },
        "quantity": 1,
        "rules": [],
        "runes": {
            "potency": 0,
            "property": [],
            "resilient": 0
        },
        "size": "med",
        "speedPenalty": -5,
        "strength": 2,
        "traits": {
            "rarity": "common",
            "value": []
        }
    },
    "type": "armor"
}
