{
    "_id": "LTQDnvgZtY495c3x",
    "img": "icons/equipment/chest/vest-leather-tattered-white.webp",
    "name": "Zetogeki Hide Armor",
    "system": {
        "acBonus": 3,
        "baseItem": "hide-armor",
        "bulk": {
            "value": 2
        },
        "category": "medium",
        "checkPenalty": -2,
        "containerId": null,
        "description": {
            "value": "<p>This <em>+1 fire-resistant hide armor</em> is adorned with the shale-like scales of the zetogeki, a giant reptile that dwells near sites of volcanic activity. Like the armor's namesake, you can adjust the scales to better absorb kinetic energy at the cost of some mobility.</p><hr /><p><strong>Activate—Shift Scales</strong> <span class=\"action-glyph\">1</span></p>\n<p><strong>Frequency</strong> once per day</p>\n<p><strong>Effect</strong> Until the end of your next turn, you gain resistance 5 to bludgeoning, piercing, and slashing damage, but your Speeds are reduced by 10 feet (minimum 5 feet).</p>\n<p>@UUID[Compendium.pf2e.equipment-effects.Item.Effect: Shift Scales]</p>"
        },
        "dexCap": 2,
        "group": "leather",
        "hardness": 0,
        "hp": {
            "max": 0,
            "value": 0
        },
        "level": {
            "value": 8
        },
        "material": {
            "grade": null,
            "type": null
        },
        "price": {
            "value": {
                "gp": 500
            }
        },
        "publication": {
            "license": "ORC",
            "remaster": true,
            "title": "Pathfinder #208: Hoof, Cinder, and Storm"
        },
        "quantity": 1,
        "rules": [],
        "runes": {
            "potency": 1,
            "property": [
                "fireResistant"
            ],
            "resilient": 0
        },
        "size": "med",
        "specific": {
            "material": {
                "grade": null,
                "type": null
            },
            "runes": {
                "potency": 1,
                "property": [
                    "fireResistant"
                ],
                "resilient": 0
            }
        },
        "speedPenalty": -5,
        "strength": 2,
        "traits": {
            "rarity": "uncommon",
            "value": [
                "earth",
                "invested",
                "magical"
            ]
        }
    },
    "type": "armor"
}
