{
    "_id": "jHCPejseO01ki3lO",
    "img": "icons/weapons/staves/staff-ornate-orb-steel-red.webp",
    "name": "Accursed Staff (Major)",
    "system": {
        "baseItem": "staff",
        "bonus": {
            "value": 0
        },
        "bonusDamage": {
            "value": 0
        },
        "bulk": {
            "value": 1
        },
        "category": "simple",
        "containerId": null,
        "damage": {
            "damageType": "bludgeoning",
            "dice": 1,
            "die": "d4"
        },
        "description": {
            "value": "<p>Iron strips line the body of an <em>accursed staff</em>, capping the bottom and folding into an intricate knot at the top. While wielding an <em>accursed staff</em>, you're empowered by the curses you inflict. If an enemy fails a saving throw against a spell you cast that has the curse trait, you gain temporary Hit Points equal to double that spell's rank. These temporary Hit Points last 10 minutes. The enemy must be a significant threat and can't have been a willing subject of the curse.</p>\n<hr />\n<p><strong>Activate</strong> Cast a Spell</p>\n<p><strong>Effect</strong> You expend a number of charges from the staff to cast a spell from its list.</p>\n<ul>\n<li><strong>Cantrip</strong> @UUID[Compendium.pf2e.spells-srd.Item.Daze]</li>\n<li><strong>1st</strong> @UUID[Compendium.pf2e.spells-srd.Item.Bane], @UUID[Compendium.pf2e.spells-srd.Item.Ill Omen]</li>\n<li><strong>2nd</strong> @UUID[Compendium.pf2e.spells-srd.Item.Blood Vendetta], @UUID[Compendium.pf2e.spells-srd.Item.Warrior's Regret]</li>\n<li><strong>3rd</strong> @UUID[Compendium.pf2e.spells-srd.Item.Claim Curse], @UUID[Compendium.pf2e.spells-srd.Item.Cup of Dust]</li>\n<li><strong>4th</strong> @UUID[Compendium.pf2e.spells-srd.Item.Outcast's Curse], @UUID[Compendium.pf2e.spells-srd.Item.Cleanse Affliction], @UUID[Compendium.pf2e.spells-srd.Item.Warrior's Regret]</li>\n<li><strong>5th</strong> @UUID[Compendium.pf2e.spells-srd.Item.Inevitable Disaster], @UUID[Compendium.pf2e.spells-srd.Item.Mariner's Curse]</li>\n<li><strong>6th</strong> @UUID[Compendium.pf2e.spells-srd.Item.Blinding Fury], @UUID[Compendium.pf2e.spells-srd.Item.Never Mind], @UUID[Compendium.pf2e.spells-srd.Item.Cleanse Affliction]</li>\n</ul>\n<hr />\n<p><strong>Craft Requirements</strong> Supply one casting of all listed levels of all listed spells.</p>"
        },
        "group": "club",
        "hardness": 0,
        "hp": {
            "max": 0,
            "value": 0
        },
        "level": {
            "value": 14
        },
        "material": {
            "grade": null,
            "type": null
        },
        "price": {
            "value": {
                "gp": 4000
            }
        },
        "publication": {
            "license": "OGL",
            "remaster": false,
            "title": "Pathfinder Treasure Vault"
        },
        "quantity": 1,
        "range": null,
        "reload": {
            "value": ""
        },
        "rules": [
            {
                "itemType": "spell",
                "key": "ItemAlteration",
                "mode": "add",
                "predicate": [
                    "item:trait:curse"
                ],
                "property": "description",
                "value": [
                    {
                        "text": "PF2E.SpecificRule.Staff.AccursedStaff.Note"
                    }
                ]
            }
        ],
        "runes": {
            "potency": 0,
            "property": [],
            "striking": 0
        },
        "size": "med",
        "splashDamage": {
            "value": 0
        },
        "traits": {
            "rarity": "common",
            "value": [
                "magical",
                "staff",
                "two-hand-d8"
            ]
        },
        "usage": {
            "value": "held-in-one-hand"
        }
    },
    "type": "weapon"
}
