{
    "_id": "17Oza88ts0ASngdw",
    "img": "icons/weapons/staves/staff-simple-gold.webp",
    "name": "Acrobat's Staff",
    "system": {
        "baseItem": "bo-staff",
        "bonus": {
            "value": 0
        },
        "bonusDamage": {
            "value": 0
        },
        "bulk": {
            "value": 2
        },
        "category": "martial",
        "containerId": null,
        "damage": {
            "damageType": "bludgeoning",
            "dice": 1,
            "die": "d8"
        },
        "description": {
            "value": "<p>This <em>+1 striking bo staff</em> is particularly long, making it useful as a balancing pole. While you wield it, the acrobat's staff releases chalk dust to make your grip more secure, granting you a +1 circumstance bonus to your Reflex DC against checks to Disarm you of it.</p>\n<hr />\n<p><strong>Activate</strong> <span class=\"action-glyph\">R</span> command</p>\n<p><strong>Trigger</strong> You fail or critically fail an Acrobatics check to Balance and would fall</p>\n<hr />\n<p><strong>Effect</strong> Reroll the Acrobatics check and take the better result.</p>"
        },
        "group": "club",
        "hardness": 0,
        "hp": {
            "max": 0,
            "value": 0
        },
        "level": {
            "value": 6
        },
        "material": {
            "grade": null,
            "type": null
        },
        "price": {
            "value": {
                "gp": 235
            }
        },
        "publication": {
            "license": "OGL",
            "remaster": false,
            "title": "Pathfinder #152: Legacy of the Lost God"
        },
        "quantity": 1,
        "range": null,
        "reload": {
            "value": ""
        },
        "rules": [],
        "runes": {
            "potency": 1,
            "property": [],
            "striking": 1
        },
        "size": "med",
        "specific": {
            "material": {
                "grade": null,
                "type": null
            },
            "runes": {
                "potency": 1,
                "property": [],
                "striking": 1
            }
        },
        "splashDamage": {
            "value": 0
        },
        "traits": {
            "rarity": "uncommon",
            "value": [
                "fortune",
                "magical",
                "monk",
                "parry",
                "reach",
                "trip"
            ]
        },
        "usage": {
            "value": "held-in-two-hands"
        }
    },
    "type": "weapon"
}
