{
    "_id": "8V4mgecGASsQ7fjl",
    "img": "systems/pf2e/icons/equipment/weapons/adze.webp",
    "name": "Adze",
    "system": {
        "baseItem": "adze",
        "bonus": {
            "value": 0
        },
        "bonusDamage": {
            "value": 0
        },
        "bulk": {
            "value": 2
        },
        "category": "martial",
        "containerId": null,
        "damage": {
            "damageType": "slashing",
            "dice": 1,
            "die": "d10"
        },
        "description": {
            "value": "<p>A common cutting tool, an adze resembles an axe—but the cutting edge is horizontal, rather than vertical. The adze's shape makes it popular among woodworkers, and tripkee builders often use them to construct their treetop homes. The tool also serves as an effective weapon, due in part to the immense strength required to swing it.</p>"
        },
        "group": "axe",
        "hardness": 0,
        "hp": {
            "max": 0,
            "value": 0
        },
        "level": {
            "value": 0
        },
        "material": {
            "grade": null,
            "type": null
        },
        "price": {
            "value": {
                "gp": 1
            }
        },
        "publication": {
            "license": "ORC",
            "remaster": true,
            "title": "Pathfinder Player Core 2"
        },
        "quantity": 1,
        "range": null,
        "reload": {
            "value": ""
        },
        "rules": [],
        "runes": {
            "potency": 0,
            "property": [],
            "striking": 0
        },
        "size": "med",
        "splashDamage": {
            "value": 0
        },
        "traits": {
            "rarity": "common",
            "value": [
                "forceful",
                "grippli",
                "sweep"
            ]
        },
        "usage": {
            "value": "held-in-two-hands"
        }
    },
    "type": "weapon"
}
