{
    "_id": "5XImTvAN58GhnNIE",
    "img": "icons/commodities/gems/pearl-rough-turquoise.webp",
    "name": "Aether Marbles (Greater)",
    "system": {
        "baseItem": "alchemical-bomb",
        "bonus": {
            "value": 3
        },
        "bonusDamage": {
            "value": 0
        },
        "bulk": {
            "value": 0.1
        },
        "category": "martial",
        "containerId": null,
        "damage": {
            "damageType": "force",
            "dice": 4,
            "die": "d6"
        },
        "description": {
            "value": "<p><strong>Activate</strong> <span class=\"action-glyph\">1</span> Strike</p>\n<hr />\n<p>Aether marbles create violent, lingering eddies of force that extend partially into unseen planes. You gain a +3 item bonus to attack rolls with the bomb. When the bomb explodes, it deals 4d6 force damage and 4 force splash damage.</p>\n<p>Surfaces in the splash area are filled with twisting eddies of force, which are difficult terrain for incorporeal creatures but not for corporeal ones. The force eddies in a square disperse after an incorporeal creature enters the square.</p>"
        },
        "group": "bomb",
        "hardness": 0,
        "hp": {
            "max": 0,
            "value": 0
        },
        "level": {
            "value": 18
        },
        "material": {
            "grade": null,
            "type": null
        },
        "price": {
            "value": {
                "gp": 3400
            }
        },
        "publication": {
            "license": "OGL",
            "remaster": false,
            "title": "Pathfinder #189: Dreamers of the Nameless Spires"
        },
        "quantity": 1,
        "range": 20,
        "reload": {
            "value": "-"
        },
        "rules": [],
        "runes": {
            "potency": 0,
            "property": [],
            "striking": 0
        },
        "size": "med",
        "splashDamage": {
            "value": 4
        },
        "traits": {
            "rarity": "uncommon",
            "value": [
                "bomb",
                "consumable",
                "force",
                "splash"
            ]
        },
        "usage": {
            "value": "held-in-one-hand"
        }
    },
    "type": "weapon"
}
