{
    "_id": "YnPYSKCQBLIOtm0J",
    "img": "icons/weapons/maces/mace-studded-steel.webp",
    "name": "Aklys",
    "system": {
        "baseItem": "aklys",
        "bonus": {
            "value": 0
        },
        "bonusDamage": {
            "value": 0
        },
        "bulk": {
            "value": 1
        },
        "category": "advanced",
        "containerId": null,
        "damage": {
            "damageType": "bludgeoning",
            "dice": 1,
            "die": "d6"
        },
        "description": {
            "value": "<p>The aklys is a throwing club with a hook on one end and a lengthy cord attached to the other. Though aklyses aren't available in most shops, one might be purchased for 5 gp from a vendor that specializes in strange weapons.</p>"
        },
        "group": "club",
        "hardness": 0,
        "hp": {
            "max": 0,
            "value": 0
        },
        "level": {
            "value": 0
        },
        "material": {
            "grade": null,
            "type": null
        },
        "price": {
            "value": {
                "gp": 5
            }
        },
        "publication": {
            "license": "OGL",
            "remaster": false,
            "title": "Pathfinder Bestiary"
        },
        "quantity": 1,
        "range": null,
        "reload": {
            "value": "-"
        },
        "rules": [],
        "runes": {
            "potency": 0,
            "property": [],
            "striking": 0
        },
        "size": "med",
        "splashDamage": {
            "value": 0
        },
        "traits": {
            "rarity": "uncommon",
            "value": [
                "ranged-trip",
                "tethered",
                "thrown-20",
                "trip"
            ]
        },
        "usage": {
            "canBeAmmo": false,
            "value": "held-in-one-hand"
        }
    },
    "type": "weapon"
}
