{
    "_id": "kSLHMQjKL77CtvBx",
    "img": "icons/weapons/polearms/trident-jeweled-purple.webp",
    "name": "Anchor Spear",
    "system": {
        "baseItem": "spear",
        "bonus": {
            "value": 0
        },
        "bonusDamage": {
            "value": 0
        },
        "bulk": {
            "value": 1
        },
        "category": "simple",
        "containerId": null,
        "damage": {
            "damageType": "piercing",
            "dice": 1,
            "die": "d6"
        },
        "description": {
            "value": "<p>The tip of this +2 greater striking spear is large and wickedly barbed, and the haft is inlaid with fine silver lines that run the length of the weapon. Wielded by specially trained xulgath cavalry, anchor spears are used to prevent the escape of gogiteths or other monsters capable of climbing or burrowing.</p>\n<hr />\n<p><strong>Activate</strong> <span class=\"action-glyph\">A</span> command</p>\n<hr />\n<p><strong>Effect</strong> The anchor spear extends into a +2 greater striking longspear or back to its original form as a +2 greater striking spear.</p>\n<hr />\n<p><strong>Activate</strong> <span class=\"action-glyph\">R</span> command</p>\n<p><strong>Frequency</strong> once per 10 minutes</p>\n<p><strong>Trigger</strong> You damage a creature using the <em>anchor spear</em></p>\n<hr />\n<p><strong>Effect</strong> The spear embeds itself into the creature, and the spear's haft splits along the silver lines to become a series of hooks attached to a thin but strong cable. As long as the <em>anchor spear</em> remains embedded in the creature, any time the creature burrows or climbs, it treats normal terrain as difficult terrain and difficult terrain as greater difficult terrain. The creature can spend an Interact action to attempt a @Check[athletics|dc:32|name:Remove Spearhead] check to remove the spearhead.</p>\n<hr />\n<p><strong>Critical Success</strong> The <em>anchor spear</em> is removed, becomes broken, and falls to the ground in the creature's space.</p>\n<p><strong>Success</strong> The <em>anchor spear</em> is removed, the creature takes @Damage[1d8[piercing]] damage, and the spear falls to the ground in a random space adjacent to the creature.</p>\n<p><strong>Failure</strong> The <em>anchor spear</em> remains in place, and the creature takes @Damage[1d8[piercing]] damage.</p>\n<p><strong>Critical Failure</strong> As failure, except the creature takes @Damage[2d8[piercing]] damage.</p>"
        },
        "group": "spear",
        "hardness": 0,
        "hp": {
            "max": 0,
            "value": 0
        },
        "level": {
            "value": 13
        },
        "material": {
            "grade": null,
            "type": null
        },
        "price": {
            "value": {
                "gp": 2800
            }
        },
        "publication": {
            "license": "OGL",
            "remaster": false,
            "title": "Pathfinder #155: Lord of the Black Sands"
        },
        "quantity": 1,
        "range": null,
        "reload": {
            "value": "-"
        },
        "rules": [],
        "runes": {
            "potency": 2,
            "property": [],
            "striking": 2
        },
        "size": "med",
        "specific": {
            "material": {
                "grade": null,
                "type": null
            },
            "runes": {
                "potency": 2,
                "property": [],
                "striking": 2
            }
        },
        "splashDamage": {
            "value": 0
        },
        "traits": {
            "rarity": "uncommon",
            "value": [
                "magical",
                "monk",
                "thrown-20"
            ]
        },
        "usage": {
            "canBeAmmo": false,
            "value": "held-in-one-hand"
        }
    },
    "type": "weapon"
}
