{
    "_id": "WcuknnE3xYfSdbhm",
    "img": "icons/weapons/staves/staff-ornate-bird.webp",
    "name": "Animal Staff",
    "system": {
        "baseItem": "staff",
        "bonus": {
            "value": 0
        },
        "bonusDamage": {
            "value": 0
        },
        "bulk": {
            "value": 1
        },
        "category": "simple",
        "containerId": null,
        "damage": {
            "damageType": "bludgeoning",
            "dice": 1,
            "die": "d4"
        },
        "description": {
            "value": "<p>This staff is topped with carved animal and monster heads. While wielding the staff, you gain a +2 circumstance bonus to Nature checks to identify animals.</p>\n<p><strong>Activate</strong> Cast a Spell</p>\n<p><strong>Effect</strong> You expend a number of charges from the staff to cast a spell from its list.</p>\n<hr />\n<ul>\n<li><strong>Cantrip</strong> @UUID[Compendium.pf2e.spells-srd.Item.Know the Way]</li>\n<li><strong>1st</strong> @UUID[Compendium.pf2e.spells-srd.Item.Runic Body] @UUID[Compendium.pf2e.spells-srd.Item.Summon Animal]</li>\n</ul>\n<hr />\n<p><strong>Craft Requirements</strong> Supply one casting of all listed ranks of all listed spells.</p>"
        },
        "group": "club",
        "hardness": 0,
        "hp": {
            "max": 0,
            "value": 0
        },
        "level": {
            "value": 4
        },
        "material": {
            "grade": null,
            "type": null
        },
        "price": {
            "value": {
                "gp": 90
            }
        },
        "publication": {
            "license": "ORC",
            "remaster": true,
            "title": "Pathfinder GM Core"
        },
        "quantity": 1,
        "range": null,
        "reload": {
            "value": ""
        },
        "rules": [
            {
                "key": "FlatModifier",
                "label": "Animal Staff (identify animals)",
                "predicate": [
                    "target:trait:animal",
                    {
                        "or": [
                            "action:recall-knowledge",
                            "action:identify"
                        ]
                    }
                ],
                "selector": "nature",
                "type": "circumstance",
                "value": 2
            }
        ],
        "runes": {
            "potency": 0,
            "property": [],
            "striking": 0
        },
        "size": "med",
        "splashDamage": {
            "value": 0
        },
        "traits": {
            "rarity": "common",
            "value": [
                "magical",
                "staff",
                "two-hand-d8"
            ]
        },
        "usage": {
            "value": "held-in-one-hand"
        }
    },
    "type": "weapon"
}
