{
    "_id": "nymtBfivudt7t75q",
    "img": "icons/weapons/fist/fist-knuckles-brass.webp",
    "name": "Ankhrav Duster",
    "system": {
        "baseItem": "knuckle-duster",
        "bonus": {
            "value": 0
        },
        "bonusDamage": {
            "value": 0
        },
        "bulk": {
            "value": 0.1
        },
        "category": "simple",
        "containerId": null,
        "damage": {
            "damageType": "bludgeoning",
            "dice": 1,
            "die": "d4"
        },
        "description": {
            "value": "<p>Acid drips from the ankhrav mandibles protruding from this <em>+1 @UUID[Compendium.pf2e.equipment-srd.Item.Knuckle Duster]</em>. Strikes with this weapon deal an additional 1 acid damage.</p><hr /><p><strong>Activate—Caustic Jabs</strong> <span class=\"action-glyph\">1</span> (concentrate)</p>\n<p><strong>Frequency</strong> once per hour</p>\n<p><strong>Effect</strong> Until the end of your next turn, your Strikes with the <em>ankhrav duster</em> deal an additional 1d6 persistent acid damage.</p>\n<p>@UUID[Compendium.pf2e.equipment-effects.Item.Effect: Caustic Jabs]</p><hr /><p><strong>Craft Requirements</strong> The initial raw materials must include the mandibles of an ankhrav.</p>"
        },
        "group": "brawling",
        "hardness": 0,
        "hp": {
            "max": 0,
            "value": 0
        },
        "level": {
            "value": 4
        },
        "material": {
            "grade": null,
            "type": null
        },
        "price": {
            "value": {
                "gp": 90
            }
        },
        "publication": {
            "license": "ORC",
            "remaster": true,
            "title": "Pathfinder Howl of the Wild"
        },
        "quantity": 1,
        "range": null,
        "reload": {
            "value": null
        },
        "rules": [
            {
                "damageType": "acid",
                "key": "FlatModifier",
                "selector": "{item|id}-damage",
                "value": 1
            }
        ],
        "runes": {
            "potency": 1,
            "property": [],
            "striking": 0
        },
        "size": "med",
        "specific": {
            "material": {
                "grade": null,
                "type": null
            },
            "runes": {
                "potency": 1,
                "property": [],
                "striking": 0
            }
        },
        "splashDamage": {
            "value": 0
        },
        "traits": {
            "rarity": "uncommon",
            "value": [
                "agile",
                "free-hand",
                "magical",
                "monk"
            ]
        },
        "usage": {
            "value": "held-in-one-hand"
        }
    },
    "type": "weapon"
}
