{
    "_id": "ZuyzSxmg4QdnZqLy",
    "img": "systems/pf2e/icons/equipment/weapons/specific-magic-weapons/ankylostar.webp",
    "name": "Ankylostar",
    "system": {
        "baseItem": "morningstar",
        "bonus": {
            "value": 2
        },
        "bonusDamage": {
            "value": 0
        },
        "bulk": {
            "value": 1
        },
        "category": "simple",
        "containerId": null,
        "damage": {
            "damageType": "bludgeoning",
            "dice": 3,
            "die": "d6"
        },
        "description": {
            "value": "<p>This hefty spiked club is made from the fossilized tail-club of a young ankylosaurus. It can be wielded as a +2 greater striking morningstar.</p>\n<hr />\n<p><strong>Activate</strong> <span class=\"action-glyph\">A</span> command</p>\n<hr />\n<p><strong>Effect</strong> The <em>ankylostar</em> grows and transforms into a <em>+2 greater striking greatclub</em>, but it retains the versatile (piercing) trait of a morningstar. While in this form, the <em>ankylostar</em> has Bulk 2 and requires two hands to wield. It can be returned to its morningstar form with another 1-action command.</p>\n<hr />\n<p><strong>Activate</strong> <span class=\"action-glyph\">2</span> command, Interact</p>\n<p><strong>Frequency</strong> once per day</p>\n<p><strong>Requirements</strong> The <em>ankylostar</em> is in its greatclub form</p>\n<hr />\n<p><strong>Effect</strong> The <em>ankylostar's</em> length extends as you swing the club in a wide arc. You Strike up to three creatures in a @Template[cone|distance:15]; this counts as one attack for the purpose of calculating your multiple attack penalty. Alternatively, you Shove up to three creatures in a @Template[cone|distance:15], rolling a separate Athletics check for each creature.</p>"
        },
        "group": "club",
        "hardness": 0,
        "hp": {
            "max": 0,
            "value": 0
        },
        "level": {
            "value": 13
        },
        "material": {
            "grade": null,
            "type": null
        },
        "price": {
            "value": {
                "gp": 2800
            }
        },
        "publication": {
            "license": "OGL",
            "remaster": false,
            "title": "Pathfinder #154: Siege of the Dinosaurs"
        },
        "quantity": 1,
        "range": null,
        "reload": {
            "value": ""
        },
        "rules": [],
        "runes": {
            "potency": 2,
            "property": [],
            "striking": 2
        },
        "size": "med",
        "specific": {
            "material": {
                "grade": null,
                "type": null
            },
            "runes": {
                "potency": 2,
                "property": [],
                "striking": 2
            }
        },
        "splashDamage": {
            "value": null
        },
        "traits": {
            "rarity": "uncommon",
            "value": [
                "magical",
                "versatile-p"
            ]
        },
        "usage": {
            "value": "held-in-one-hand"
        }
    },
    "type": "weapon"
}
