{
    "_id": "DP03AwxQxCOAxch0",
    "img": "systems/pf2e/icons/equipment/weapons/asp-coil.webp",
    "name": "Asp Coil",
    "system": {
        "baseItem": "asp-coil",
        "bonus": {
            "value": 0
        },
        "bonusDamage": {
            "value": 0
        },
        "bulk": {
            "value": 1
        },
        "category": "martial",
        "containerId": null,
        "damage": {
            "damageType": "slashing",
            "dice": 1,
            "die": "d6"
        },
        "description": {
            "value": "<p>The asp coil, named both for its slithering striking style and its usage among Aspis Consortium agents, has two forms. In sword form, it resembles an elegant, oddly balanced sword. However, with a twist of the pommel, the blade splits into a series of segments connected by elaborate metal cables. Agents of the Aspis Consortium have access to this weapon.</p>"
        },
        "group": "sword",
        "hardness": 0,
        "hp": {
            "max": 0,
            "value": 0
        },
        "level": {
            "value": 0
        },
        "material": {
            "grade": null,
            "type": null
        },
        "price": {
            "value": {
                "gp": 10
            }
        },
        "publication": {
            "license": "OGL",
            "remaster": false,
            "title": "Pathfinder Lost Omens The Grand Bazaar"
        },
        "quantity": 1,
        "range": null,
        "reload": {
            "value": ""
        },
        "rules": [],
        "runes": {
            "potency": 0,
            "property": [],
            "striking": 0
        },
        "size": "med",
        "splashDamage": {
            "value": 0
        },
        "traits": {
            "rarity": "uncommon",
            "value": [
                "reach",
                "versatile-p"
            ]
        },
        "usage": {
            "value": "held-in-one-hand"
        }
    },
    "type": "weapon"
}
