{
    "_id": "YPo7jLMxob6E2p8b",
    "img": "icons/weapons/staves/staff-blue-jewel.webp",
    "name": "Auspicious Scepter",
    "system": {
        "baseItem": "mace",
        "bonus": {
            "value": 0
        },
        "bonusDamage": {
            "value": 0
        },
        "bulk": {
            "value": 1
        },
        "category": "simple",
        "containerId": null,
        "damage": {
            "damageType": "bludgeoning",
            "dice": 1,
            "die": "d6"
        },
        "description": {
            "value": "<p>This imperious <em>+1 striking mace</em> has a glowing orb in the shape of an eye set in its flanged head. When you succeed at a check to Recall Knowledge about a creature after you've dealt it damage with the auspicious scepter, you learn one of its resistances in addition to any other information.</p>\n<hr />\n<p><strong>Activate</strong> <span class=\"action-glyph\">f</span> command (divination, magical)</p>\n<p><strong>Frequency</strong> once every 10 minutes</p>\n<p><strong>Trigger</strong> You Cast a divination Spell</p>\n<hr />\n<p><strong>Effect</strong> The next attack by a creature who was targeted by the triggering divination spell bypasses an amount of resistance equal to the spell's rank. If the triggering spell targeted an enemy, this benefit instead applies to the next attack against that enemy, regardless of who makes it.</p>\n<p>This benefit is lost if it isn't used by the end of your next turn. If more than one type of resistance would apply against the attack, the attack bypasses only one-whichever would result in the highest amount of damage getting through, as determined by the GM.</p>"
        },
        "group": "club",
        "hardness": 0,
        "hp": {
            "max": 0,
            "value": 0
        },
        "level": {
            "value": 5
        },
        "material": {
            "grade": null,
            "type": null
        },
        "price": {
            "value": {
                "gp": 150
            }
        },
        "publication": {
            "license": "OGL",
            "remaster": false,
            "title": "Pathfinder Secrets of Magic"
        },
        "quantity": 1,
        "range": null,
        "reload": {
            "value": ""
        },
        "rules": [],
        "runes": {
            "potency": 1,
            "property": [],
            "striking": 1
        },
        "size": "med",
        "specific": {
            "material": {
                "grade": null,
                "type": null
            },
            "runes": {
                "potency": 1,
                "property": [],
                "striking": 1
            }
        },
        "splashDamage": {
            "value": 0
        },
        "traits": {
            "rarity": "common",
            "value": [
                "magical",
                "shove"
            ]
        },
        "usage": {
            "value": "held-in-one-hand"
        }
    },
    "type": "weapon"
}
