{
    "_id": "VTFTlP8xmPKKV4S6",
    "img": "systems/pf2e/icons/equipment/weapons/bec-de-corbin.webp",
    "name": "Bec de Corbin",
    "system": {
        "baseItem": "bec-de-corbin",
        "bonus": {
            "value": 0
        },
        "bonusDamage": {
            "value": 0
        },
        "bulk": {
            "value": 2
        },
        "category": "martial",
        "containerId": null,
        "damage": {
            "damageType": "piercing",
            "dice": 1,
            "die": "d8"
        },
        "description": {
            "value": "<p>A bec de corbin is a spiked polearm that uses a hammer head to help balance the spike. The hammer portion can be used as a secondary striking surface, while the spike or fluke is specially designed to punch through armor and shields.</p>"
        },
        "group": "polearm",
        "hardness": 0,
        "hp": {
            "max": 0,
            "value": 0
        },
        "level": {
            "value": 0
        },
        "material": {
            "grade": null,
            "type": null
        },
        "price": {
            "value": {
                "gp": 4
            }
        },
        "publication": {
            "license": "OGL",
            "remaster": false,
            "title": "Pathfinder Treasure Vault"
        },
        "quantity": 1,
        "range": null,
        "reload": {
            "value": ""
        },
        "rules": [],
        "runes": {
            "potency": 0,
            "property": [],
            "striking": 0
        },
        "size": "med",
        "splashDamage": {
            "value": 0
        },
        "traits": {
            "rarity": "common",
            "value": [
                "razing",
                "reach",
                "shove",
                "versatile-b"
            ]
        },
        "usage": {
            "value": "held-in-two-hands"
        }
    },
    "type": "weapon"
}
