{
    "_id": "0lCXehyFlXdYxDfA",
    "img": "systems/pf2e/icons/equipment/weapons/bladed-diabolo.webp",
    "name": "Bladed Diabolo",
    "system": {
        "baseItem": "bladed-diabolo",
        "bonus": {
            "value": 0
        },
        "bonusDamage": {
            "value": 0
        },
        "bulk": {
            "value": 0.1
        },
        "category": "advanced",
        "containerId": null,
        "damage": {
            "damageType": "slashing",
            "dice": 1,
            "die": "d4"
        },
        "description": {
            "value": "<p>This weapon consists of two bladed discs joined by a central axel, and is spun on a rope whose ends are attached to wand-like sticks. The wielder can hurl the diabolo from the rope like a stone from a sling, or swing it on the rope in melee.</p>"
        },
        "group": "flail",
        "hardness": 0,
        "hp": {
            "max": 0,
            "value": 0
        },
        "level": {
            "value": 0
        },
        "material": {
            "grade": null,
            "type": null
        },
        "price": {
            "value": {
                "gp": 2
            }
        },
        "publication": {
            "license": "OGL",
            "remaster": false,
            "title": "Pathfinder #151: The Show Must Go On"
        },
        "quantity": 1,
        "range": null,
        "reload": {
            "value": "-"
        },
        "rules": [],
        "runes": {
            "potency": 0,
            "property": [],
            "striking": 0
        },
        "size": "med",
        "splashDamage": {
            "value": 0
        },
        "traits": {
            "rarity": "uncommon",
            "value": [
                "backswing",
                "disarm",
                "finesse",
                "thrown-40",
                "trip"
            ]
        },
        "usage": {
            "canBeAmmo": false,
            "value": "held-in-two-hands"
        }
    },
    "type": "weapon"
}
