{
    "_id": "JOaELkzLWTywhn5Z",
    "img": "icons/commodities/gems/pearl-rough-turquoise.webp",
    "name": "Blasting Stone (Moderate)",
    "system": {
        "baseItem": "alchemical-bomb",
        "bonus": {
            "value": 1
        },
        "bonusDamage": {
            "value": 0
        },
        "bulk": {
            "value": 0.1
        },
        "category": "martial",
        "containerId": null,
        "damage": {
            "damageType": "sonic",
            "dice": 2,
            "die": "d4"
        },
        "description": {
            "value": "<p><strong>Activate</strong> <span class=\"action-glyph\">1</span> Strike</p><hr /><p>When this pebble hits a creature or a hard surface, it explodes with a deafening bang. A blasting stone deals 2d4 sonic damage and 2 sonic splash damage, and each creature within 10 feet of the space in which the stone exploded must succeed at a @Check[fortitude|dc:20|name:Moderate Blasting Stone|showDC:all] saving throw with the listed DC or be @UUID[Compendium.pf2e.conditionitems.Item.Deafened] until the end of its next turn. You gain a +1 item bonus to attack rolls.</p>"
        },
        "group": "bomb",
        "hardness": 0,
        "hp": {
            "max": 0,
            "value": 0
        },
        "level": {
            "value": 3
        },
        "material": {
            "grade": null,
            "type": null
        },
        "price": {
            "value": {
                "gp": 10
            }
        },
        "publication": {
            "license": "ORC",
            "remaster": true,
            "title": "Pathfinder Player Core 2"
        },
        "quantity": 1,
        "range": 20,
        "reload": {
            "value": "-"
        },
        "rules": [
            {
                "key": "Note",
                "selector": "{item|_id}-damage",
                "text": "PF2E.BombNotes.Thunderstone.Moderate.success"
            }
        ],
        "runes": {
            "potency": 0,
            "property": [],
            "striking": 0
        },
        "size": "med",
        "splashDamage": {
            "value": 2
        },
        "traits": {
            "rarity": "common",
            "value": [
                "alchemical",
                "bomb",
                "consumable",
                "sonic",
                "splash"
            ]
        },
        "usage": {
            "canBeAmmo": false,
            "value": "held-in-one-hand"
        }
    },
    "type": "weapon"
}
