{
    "_id": "UFAIquTmQcgqSl7s",
    "img": "systems/pf2e/icons/equipment/weapons/warhammer.webp",
    "name": "Blessed Reformer",
    "system": {
        "baseItem": "warhammer",
        "bonus": {
            "value": 0
        },
        "bonusDamage": {
            "value": 0
        },
        "bulk": {
            "value": 1
        },
        "category": "martial",
        "containerId": null,
        "damage": {
            "damageType": "bludgeoning",
            "dice": 1,
            "die": "d8"
        },
        "description": {
            "value": "<p>The Celestial word for \"repent\" is etched in golden lettering on the shaft of this <em>+2 greater striking merciful dawnsilver warhammer</em>. An evil-aligned creature is @UUID[Compendium.pf2e.conditionitems.Item.Enfeebled]{Enfeebled 2} when carrying or wielding this weapon.</p>\n<p><strong>Activate</strong> <span class=\"action-glyph\">2</span> command, Interact</p>\n<p><strong>Frequency</strong> once per hour</p>\n<hr />\n<p><strong>Effect</strong> You hold your weapon aloft, calling on righteousness to steel your resolve. You cast @UUID[Compendium.pf2e.spells-srd.Item.Protection] on yourself and you must select evil as the chosen alignment.</p>\n<hr />\n<p><strong>Redeemer Wielder</strong> If you're a champion of the redeemer cause, you also gain the following two benefits.</p>\n<ul>\n<li>When you critically hit an evil creature with the <em>blessed reformer</em>, until the end of your next turn, the target takes a –10-foot penalty to its Speeds and can't Step.</li>\n<li>You can Activate the weapon in the following way.</li>\n</ul>\n<p><strong>Activate</strong> <span class=\"action-glyph\">1</span> command, Interact</p>\n<p><strong>Frequency</strong> once per day</p>\n<p><strong>Requirements</strong> You hit a creature using the <em>blessed reformer</em> as your last action</p>\n<hr />\n<p><strong>Effect</strong> You cast @UUID[Compendium.pf2e.spells-srd.Item.Calm] at the same level as your champion focus spells. It must target the creature you hit, and the creature takes a status penalty on its save against the spell equal to the <em>blessed reformer</em>'s number of weapon damage dice.</p>\n<hr />\n<p><strong>Craft Requirements</strong> You're a champion with the redeemer cause. The initial materials must include 140 gp of dawnsilver.</p>"
        },
        "group": "hammer",
        "hardness": 0,
        "hp": {
            "max": 0,
            "value": 0
        },
        "level": {
            "value": 14
        },
        "material": {
            "grade": "standard",
            "type": "dawnsilver"
        },
        "price": {
            "value": {
                "gp": 4500
            }
        },
        "publication": {
            "license": "OGL",
            "remaster": false,
            "title": "Pathfinder Treasure Vault"
        },
        "quantity": 1,
        "range": null,
        "reload": {
            "value": ""
        },
        "rules": [],
        "runes": {
            "potency": 2,
            "property": [],
            "striking": 2
        },
        "size": "med",
        "specific": {
            "material": {
                "grade": "standard",
                "type": "dawnsilver"
            },
            "runes": {
                "potency": 2,
                "property": [],
                "striking": 2
            }
        },
        "splashDamage": {
            "value": 0
        },
        "traits": {
            "rarity": "uncommon",
            "value": [
                "divine",
                "good",
                "holy",
                "shove"
            ]
        },
        "usage": {
            "value": "held-in-one-hand"
        }
    },
    "type": "weapon"
}
