{
    "_id": "tWoW1BeFrWm35hmV",
    "img": "systems/pf2e/icons/equipment/weapons/dagger.webp",
    "name": "Blink Blade",
    "system": {
        "baseItem": "dagger",
        "bonus": {
            "value": 0
        },
        "bonusDamage": {
            "value": 0
        },
        "bulk": {
            "value": 0.1
        },
        "category": "simple",
        "containerId": null,
        "damage": {
            "damageType": "piercing",
            "dice": 1,
            "die": "d4"
        },
        "description": {
            "value": "<p>The blade of this <em>+2 striking dagger</em> is etched with whirling portals, and a single blue sapphire adorns its hilt. It feels lightweight and is always slightly warm to the touch.</p>\n<p><strong>Activate</strong> <span class=\"action-glyph\">2</span> Interact</p>\n<p><strong>Frequency</strong> once per day</p>\n<p><strong>Effect</strong> You cast @UUID[Compendium.pf2e.spells-srd.Item.Translocate]. The space you leave and the one you appear in are filled with puffs of smoke that make anyone within @UUID[Compendium.pf2e.conditionitems.Item.Concealed] until they leave the smoke or until the end of your next turn, at which point the smoke dissipates. When used in strong winds, the smoke disperses immediately.</p>\n<hr />\n<p><strong>Activate</strong> <span class=\"action-glyph\">r</span> envision</p>\n<p><strong>Frequency</strong> once per day</p>\n<p><strong>Trigger</strong> Your melee attack roll with the <em>blink blade</em> is a critical success</p>\n<p><strong>Effect</strong> You and your target teleport to a space within 10 feet. The target arrives in a safe, open space of your choosing adjacent to your arrival space. This teleportation also creates puffs of smoke, as noted with the activation above.</p>"
        },
        "group": "knife",
        "hardness": 0,
        "hp": {
            "max": 0,
            "value": 0
        },
        "level": {
            "value": 12
        },
        "material": {
            "grade": null,
            "type": null
        },
        "price": {
            "value": {
                "gp": 1750
            }
        },
        "publication": {
            "license": "OGL",
            "remaster": false,
            "title": "Pathfinder Lost Omens Firebrands"
        },
        "quantity": 1,
        "range": null,
        "reload": {
            "value": "-"
        },
        "rules": [],
        "runes": {
            "potency": 2,
            "property": [],
            "striking": 1
        },
        "size": "med",
        "specific": {
            "material": {
                "grade": null,
                "type": null
            },
            "runes": {
                "potency": 2,
                "property": [],
                "striking": 1
            }
        },
        "splashDamage": {
            "value": 0
        },
        "traits": {
            "rarity": "uncommon",
            "value": [
                "agile",
                "finesse",
                "magical",
                "teleportation",
                "thrown-10",
                "versatile-s"
            ]
        },
        "usage": {
            "value": "held-in-one-hand"
        }
    },
    "type": "weapon"
}
