{
    "_id": "tNue4PqJe85ZEE5v",
    "img": "systems/pf2e/icons/equipment/weapons/specific-magic-weapons/bloodletting-kukri.webp",
    "name": "Bloodletting Kukri",
    "system": {
        "baseItem": "kukri",
        "bonus": {
            "value": 1
        },
        "bonusDamage": {
            "value": 0
        },
        "bulk": {
            "value": 0.1
        },
        "category": "martial",
        "containerId": null,
        "damage": {
            "damageType": "slashing",
            "dice": 1,
            "die": "d6"
        },
        "description": {
            "value": "<p>This <em>+1 striking kukri</em> has a crimson blade that shimmers eerily in bright light. On a critical hit, the kukri deals 1d8 persistent bleed damage. If the target didn't already have persistent bleed damage when you scored the critical hit, you also gain [[/r 1d8]] temporary Hit Points for 1 minute.</p>"
        },
        "group": "knife",
        "hardness": 0,
        "hp": {
            "max": 0,
            "value": 0
        },
        "level": {
            "value": 6
        },
        "material": {
            "grade": null,
            "type": null
        },
        "price": {
            "value": {
                "gp": 240
            }
        },
        "publication": {
            "license": "ORC",
            "remaster": true,
            "title": "Pathfinder GM Core"
        },
        "quantity": 1,
        "range": null,
        "reload": {
            "value": ""
        },
        "rules": [
            {
                "critical": true,
                "damageType": "bleed",
                "diceNumber": 1,
                "dieSize": "d8",
                "key": "DamageDice",
                "selector": "{item|_id}-damage"
            },
            {
                "key": "Note",
                "outcome": [
                    "criticalSuccess"
                ],
                "predicate": [
                    {
                        "not": "target:condition:persistent-damage:bleed"
                    }
                ],
                "selector": "{item|_id}-damage",
                "text": "PF2E.SpecificRule.BloodlettingKukri.Note",
                "title": "{item|name}"
            }
        ],
        "runes": {
            "potency": 1,
            "property": [],
            "striking": 1
        },
        "size": "med",
        "specific": {
            "material": {
                "grade": null,
                "type": null
            },
            "runes": {
                "potency": 1,
                "property": [],
                "striking": 1
            }
        },
        "splashDamage": {
            "value": 0
        },
        "traits": {
            "rarity": "uncommon",
            "value": [
                "agile",
                "finesse",
                "magical",
                "trip"
            ]
        },
        "usage": {
            "value": "held-in-one-hand"
        }
    },
    "type": "weapon"
}
