{
    "_id": "f9SdiktChZHHBj8k",
    "img": "icons/equipment/hand/gauntlet-simple-leather-brown-gold.webp",
    "name": "Bloodknuckles",
    "system": {
        "baseItem": null,
        "bonus": {
            "value": 1
        },
        "bonusDamage": {
            "value": 0
        },
        "bulk": {
            "value": 0
        },
        "category": "unarmed",
        "containerId": null,
        "damage": {
            "damageType": "bludgeoning",
            "dice": 1,
            "die": "d4"
        },
        "description": {
            "value": "<p>These thin cloth wraps, which are illegal to use in Highhelm's organized brawls, blend into the skin and add an edge to your blows. The wraps are <em>+1 striking @UUID[Compendium.pf2e.equipment-srd.Item.Wounding] handwraps of mighty blows</em>. When you invest the wraps, they gain the effects of a 3rd-rank @UUID[Compendium.pf2e.spells-srd.Item.Disguise Magic] spell to appear non-magical and resemble simple bandages. Casual observers are unlikely to notice anything amiss with the wraps, but a creature that succeeds at a @Check[perception|dc:25] check can notice something is off about them, though they would still need to find other means to discern the magical nature of the wraps.</p>\n<p><strong>Activate</strong> <span class=\"action-glyph\">R</span> envision</p>\n<p><strong>Frequency</strong> once per minute;</p>\n<p><strong>Trigger</strong> You cause a creature within reach to take bleed damage</p>\n<hr />\n<p><strong>Effect</strong> You use your foe's pain to reinvigorate you. You gain temporary Hit Points equal to the value of the triggering bleed damage, up to a maximum of 10 temporary HP. These temporary Hit Points remain for 1 minute.</p>"
        },
        "group": "brawling",
        "hardness": 0,
        "hp": {
            "max": 0,
            "value": 0
        },
        "level": {
            "value": 9
        },
        "material": {
            "grade": null,
            "type": null
        },
        "price": {
            "value": {
                "gp": 600
            }
        },
        "publication": {
            "license": "OGL",
            "remaster": false,
            "title": "Pathfinder Lost Omens Highhelm"
        },
        "quantity": 1,
        "range": null,
        "reload": {
            "value": ""
        },
        "rules": [],
        "runes": {
            "potency": 1,
            "property": [
                "wounding"
            ],
            "striking": 1
        },
        "size": "med",
        "specific": {
            "material": {
                "grade": null,
                "type": null
            },
            "runes": {
                "potency": 1,
                "property": [
                    "wounding"
                ],
                "striking": 1
            }
        },
        "splashDamage": {
            "value": 0
        },
        "traits": {
            "rarity": "common",
            "value": [
                "agile",
                "finesse",
                "invested",
                "magical",
                "nonlethal",
                "unarmed"
            ]
        },
        "usage": {
            "value": "worngloves"
        }
    },
    "type": "weapon"
}
