{
    "_id": "vtPf23T4O6fPIF4P",
    "img": "icons/weapons/swords/sword-guard-purple.webp",
    "name": "Blood-Drinker Blade (Greater)",
    "system": {
        "baseItem": "shortsword",
        "bonus": {
            "value": 0
        },
        "bonusDamage": {
            "value": 0
        },
        "bulk": {
            "value": 0.1
        },
        "category": "martial",
        "containerId": null,
        "damage": {
            "damageType": "piercing",
            "dice": 1,
            "die": "d6"
        },
        "description": {
            "value": "<p>This <em>+1 striking wounding shortsword</em> has the design of a fanged mouth carved into the handle. Whenever the blade draws blood, it glows with a dull red energy, as if empowered by the taste of blood.</p><hr /><p><strong>Activate—Drink Life</strong> <span class=\"action-glyph\">2</span> (concentration)</p>\n<p><strong>Frequency</strong> once per hour</p>\n<p><strong>Effect</strong> The blood-drinker blade guides your hand to cut a foe and feeds you from their blood. Make a Strike with the blade. On a hit, the attack deals an additional 1d8 persistent bleed damage. You also gain 1d8 temporary Hit Points for 1 minute.</p>\n<p>@UUID[Compendium.pf2e.equipment-effects.Item.Effect: Blood-Drinker Blade]</p><hr /><p><strong>Activate—Exsanguinate</strong> <span class=\"action-glyph\">1</span> (concentrate)</p>\n<p><strong>Frequency</strong> once per day</p>\n<p><strong>Requirements</strong> Your most recent action was to successfully deal persistent bleed damage to a creature with Drink Life</p>\n<p><strong>Effect</strong> The blade's power draws even more blood from your victim. The required creature takes @Damage[6d6[bleed]] damage. You gain temporary Hit Points equal to half the bleed damage the creature takes (after applying resistances and the like). You lose any remaining temporary Hit Points after 1 minute.</p>"
        },
        "group": "sword",
        "hardness": 0,
        "hp": {
            "max": 0,
            "value": 0
        },
        "level": {
            "value": 9
        },
        "material": {
            "grade": null,
            "type": null
        },
        "price": {
            "value": {
                "gp": 700
            }
        },
        "publication": {
            "license": "ORC",
            "remaster": true,
            "title": "Pathfinder #213: Thirst for Blood"
        },
        "quantity": 1,
        "range": null,
        "reload": {
            "value": ""
        },
        "rules": [
            {
                "domain": "all",
                "key": "RollOption",
                "label": "PF2E.SpecificRule.Equipment.BloodDrinkerBlade.Label",
                "option": "drink-life",
                "toggleable": true
            },
            {
                "damageType": "bleed",
                "diceNumber": 1,
                "dieSize": "d8",
                "key": "DamageDice",
                "predicate": [
                    "drink-life"
                ],
                "selector": "{item|id}-damage"
            }
        ],
        "runes": {
            "potency": 1,
            "property": [
                "wounding"
            ],
            "striking": 1
        },
        "size": "med",
        "specific": {
            "material": {
                "grade": null,
                "type": null
            },
            "runes": {
                "potency": 1,
                "property": [
                    "wounding"
                ],
                "striking": 1
            }
        },
        "splashDamage": {
            "value": 0
        },
        "traits": {
            "rarity": "uncommon",
            "value": [
                "agile",
                "finesse",
                "magical",
                "versatile-s"
            ]
        },
        "usage": {
            "value": "held-in-one-hand"
        }
    },
    "type": "weapon"
}
