{
    "_id": "csXSDzgZASX4RWr4",
    "img": "icons/weapons/guns/gun-blunderbuss-worn-brown.webp",
    "name": "Blunderbuss",
    "system": {
        "baseItem": "blunderbuss",
        "bonus": {
            "value": 0
        },
        "bonusDamage": {
            "value": 0
        },
        "bulk": {
            "value": 2
        },
        "category": "martial",
        "containerId": null,
        "damage": {
            "damageType": "piercing",
            "dice": 1,
            "die": "d8"
        },
        "description": {
            "value": "<p>This weapon fires pellets from a trumpet-shaped barrel, making it an excellent choice for hunting brush fowl or dealing damage within a short, broad area. Adventuring gunslingers often carry a blunderbuss to deal with swarms of vermin and similar threats.</p>"
        },
        "group": "firearm",
        "hardness": 0,
        "hp": {
            "max": 0,
            "value": 0
        },
        "level": {
            "value": 0
        },
        "material": {
            "grade": null,
            "type": null
        },
        "price": {
            "value": {
                "gp": 6
            }
        },
        "publication": {
            "license": "ORC",
            "remaster": true,
            "title": "Pathfinder Guns & Gears"
        },
        "quantity": 1,
        "range": 40,
        "reload": {
            "value": "1"
        },
        "rules": [],
        "runes": {
            "potency": 0,
            "property": [],
            "striking": 0
        },
        "size": "med",
        "splashDamage": {
            "value": 0
        },
        "traits": {
            "rarity": "uncommon",
            "value": [
                "concussive",
                "scatter-10"
            ]
        },
        "usage": {
            "value": "held-in-two-hands"
        }
    },
    "type": "weapon"
}
