{
    "_id": "sF9uOLAjQiSmt9i3",
    "img": "icons/weapons/polearms/spear-hooked-spike.webp",
    "name": "Boarding Pike",
    "system": {
        "baseItem": "boarding-pike",
        "bonus": {
            "value": 0
        },
        "bonusDamage": {
            "value": 0
        },
        "bulk": {
            "value": 2
        },
        "category": "martial",
        "containerId": null,
        "damage": {
            "damageType": "piercing",
            "dice": 1,
            "die": "d10"
        },
        "description": {
            "value": "<p>Taking the form of a longspear fitted with crossbars or hooks, a boarding pike provides its wielder a sharp implement that's as adept at shoving enemies off a ship's railings as facilitating the boarding of other vessels. This is a martial melee weapon.</p>"
        },
        "group": "polearm",
        "hardness": 0,
        "hp": {
            "max": 0,
            "value": 0
        },
        "level": {
            "value": 1
        },
        "material": {
            "grade": null,
            "type": null
        },
        "price": {
            "value": {
                "sp": 8
            }
        },
        "publication": {
            "license": "OGL",
            "remaster": false,
            "title": "Pathfinder Lost Omens Pathfinder Society Guide"
        },
        "quantity": 1,
        "range": null,
        "reload": {
            "value": ""
        },
        "rules": [],
        "runes": {
            "potency": 0,
            "property": [],
            "striking": 0
        },
        "size": "med",
        "splashDamage": {
            "value": 0
        },
        "traits": {
            "rarity": "uncommon",
            "value": [
                "reach",
                "shove"
            ]
        },
        "usage": {
            "value": "held-in-two-hands"
        }
    },
    "type": "weapon"
}
