{
    "_id": "tU4PKaoo1XuPkKg1",
    "img": "icons/weapons/staves/staff-ornate-teal.webp",
    "name": "Boreal Staff",
    "system": {
        "baseItem": "staff",
        "bonus": {
            "value": 0
        },
        "bonusDamage": {
            "value": 0
        },
        "bulk": {
            "value": 1
        },
        "category": "simple",
        "containerId": null,
        "damage": {
            "damageType": "bludgeoning",
            "dice": 1,
            "die": "d4"
        },
        "description": {
            "value": "<p>A <em>boreal staff</em> is chiseled from a cylinder of ice to form a spiky, jagged icicle, its surface gleaming with the colors of the northern lights. It gives the air around you a distinct chill. When used as a weapon, a <em>boreal staff</em> is a <em>+1 striking staff.</em></p>\n<p><strong>Activate</strong> <span class=\"action-glyph\">1</span> command</p>\n<p><strong>Frequency</strong> once per 10 minutes</p>\n<hr />\n<p><strong>Effect</strong> Attempt a Strike using the staff. That Strike deals @Damage[2d4[cold]] additional damage.</p>\n<p><strong>Activate</strong> Cast a Spell</p>\n<hr />\n<p><strong>Effect</strong> You expend a number of charges from the staff to cast a spell from its list.</p>\n<ul>\n<li><strong>Cantrip</strong> @UUID[Compendium.pf2e.spells-srd.Item.Ray of Frost]</li>\n<li><strong>1st</strong> @UUID[Compendium.pf2e.spells-srd.Item.Chilling Spray], @UUID[Compendium.pf2e.spells-srd.Item.Snowball]</li>\n<li><strong>2nd</strong> @UUID[Compendium.pf2e.spells-srd.Item.Chilling Spray], @UUID[Compendium.pf2e.spells-srd.Item.Snowball]</li>\n<li><strong>3rd</strong> @UUID[Compendium.pf2e.spells-srd.Item.Chilling Spray], @UUID[Compendium.pf2e.spells-srd.Item.Elemental Absorption] (water only)</li>\n</ul>\n<hr />\n<p><strong>Craft Requirements</strong> Supply one casting of all listed levels of all listed spells.</p>"
        },
        "group": "club",
        "hardness": 0,
        "hp": {
            "max": 0,
            "value": 0
        },
        "level": {
            "value": 8
        },
        "material": {
            "grade": null,
            "type": null
        },
        "price": {
            "value": {
                "gp": 500
            }
        },
        "publication": {
            "license": "OGL",
            "remaster": false,
            "title": "Pathfinder Treasure Vault"
        },
        "quantity": 1,
        "range": null,
        "reload": {
            "value": ""
        },
        "rules": [],
        "runes": {
            "potency": 1,
            "property": [],
            "striking": 1
        },
        "size": "med",
        "specific": {
            "material": {
                "grade": null,
                "type": null
            },
            "runes": {
                "potency": 1,
                "property": [],
                "striking": 1
            }
        },
        "splashDamage": {
            "value": 0
        },
        "traits": {
            "rarity": "common",
            "value": [
                "magical",
                "monk",
                "staff",
                "two-hand-d8"
            ]
        },
        "usage": {
            "value": "held-in-one-hand"
        }
    },
    "type": "weapon"
}
