{
    "_id": "iGT4UeQq3YFcNpEb",
    "img": "systems/pf2e/icons/equipment/alchemical-items/alchemical-bombs/bottled-sunlight.webp",
    "name": "Bottled Sunlight (Lesser)",
    "system": {
        "baseItem": "alchemical-bomb",
        "bonus": {
            "value": 0
        },
        "bonusDamage": {
            "value": 0
        },
        "bulk": {
            "value": 0.1
        },
        "category": "martial",
        "containerId": null,
        "damage": {
            "damageType": "vitality",
            "dice": 1,
            "die": "d4"
        },
        "description": {
            "value": "<p><strong>Activate</strong> <span class=\"action-glyph\">1</span> Interact</p>\n<hr />\n<p>This mirrored bottle contains various chemicals dissolved in two immiscible solvents. Shaking the bottle induces chemical reactions that cause it to glow. For 1 hour, the bottle sheds bright light in a 20-foot radius (and dim light to the next 40 feet).</p>\n<p>During this hour, it can be thrown like a bomb. This requires a single action to Activate with a Strike, like other bombs, and deals the damage below. If it's not thrown within an hour of the first activation, it defuses harmlessly and is consumed.</p>\n<p>The bomb deals 1d4 vitality damage and 1 vitality splash damage, as well as 1d4 additional fire damage. As normal, vitality damage harms only undead and other creatures with void healing. Undead with a particular vulnerability to sunlight (such as vampires or wraiths) take the maximum amount of vitality damage from bottled sunlight (@Damage[4[vitality]] instead of 1d4). For any ability that depends on the number of weapon dice bottled sunlight has, count only the vitality damage dice.</p>"
        },
        "group": "bomb",
        "hardness": 0,
        "hp": {
            "max": 0,
            "value": 0
        },
        "level": {
            "value": 2
        },
        "material": {
            "grade": null,
            "type": null
        },
        "price": {
            "value": {
                "gp": 7
            }
        },
        "publication": {
            "license": "OGL",
            "remaster": false,
            "title": "Pathfinder Book of the Dead"
        },
        "quantity": 1,
        "range": 20,
        "reload": {
            "value": "-"
        },
        "rules": [
            {
                "damageType": "fire",
                "diceNumber": 1,
                "dieSize": "d4",
                "key": "DamageDice",
                "selector": "{item|_id}-damage"
            }
        ],
        "runes": {
            "potency": 0,
            "property": [],
            "striking": 0
        },
        "size": "med",
        "splashDamage": {
            "value": 1
        },
        "traits": {
            "rarity": "common",
            "value": [
                "alchemical",
                "bomb",
                "consumable",
                "fire",
                "light",
                "splash",
                "vitality"
            ]
        },
        "usage": {
            "value": "held-in-one-hand"
        }
    },
    "type": "weapon"
}
