{
    "_id": "r2iTRbt1zpkAqHj2",
    "img": "systems/pf2e/icons/equipment/alchemical-items/alchemical-bombs/bottled-lightning.webp",
    "name": "Bottled Lightning (Greater)",
    "system": {
        "baseItem": "alchemical-bomb",
        "bonus": {
            "value": 2
        },
        "bonusDamage": {
            "value": 0
        },
        "bulk": {
            "value": 0.1
        },
        "category": "martial",
        "containerId": null,
        "damage": {
            "damageType": "electricity",
            "dice": 3,
            "die": "d6"
        },
        "description": {
            "value": "<p><strong>Activate</strong> <span class=\"action-glyph\">A</span> Strike</p><hr /><p>Bottled lightning is packed with volatile reagents that create a blast of electricity when they are exposed to air. Bottled lightning deals 3d6 electricity damage and 3 electricity splash damage. On a hit, the target becomes @UUID[Compendium.pf2e.conditionitems.Item.Off-Guard] until the start of your next turn. You gain a +2 item bonus to attack rolls.</p>"
        },
        "group": "bomb",
        "hardness": 0,
        "hp": {
            "max": 0,
            "value": 0
        },
        "level": {
            "value": 11
        },
        "material": {
            "grade": null,
            "type": null
        },
        "price": {
            "value": {
                "gp": 250
            }
        },
        "publication": {
            "license": "ORC",
            "remaster": true,
            "title": "Pathfinder Player Core 2"
        },
        "quantity": 1,
        "range": 20,
        "reload": {
            "value": "-"
        },
        "rules": [
            {
                "key": "Note",
                "selector": "{item|_id}-damage",
                "text": "PF2E.BombNotes.BottledLightning.Greater.success"
            }
        ],
        "runes": {
            "potency": 0,
            "property": [],
            "striking": 0
        },
        "size": "med",
        "splashDamage": {
            "value": 3
        },
        "traits": {
            "rarity": "common",
            "value": [
                "alchemical",
                "bomb",
                "consumable",
                "electricity",
                "splash"
            ]
        },
        "usage": {
            "canBeAmmo": false,
            "value": "held-in-one-hand"
        }
    },
    "type": "weapon"
}
