{
    "_id": "DGehMCf2XViTvBDu",
    "img": "systems/pf2e/icons/equipment/weapons/specific-magic-weapons/spore-sap.webp",
    "name": "Boughshatter",
    "system": {
        "baseItem": "morningstar",
        "bonus": {
            "value": 0
        },
        "bonusDamage": {
            "value": 0
        },
        "bulk": {
            "value": 1
        },
        "category": "simple",
        "containerId": null,
        "damage": {
            "damageType": "bludgeoning",
            "dice": 1,
            "die": "d6"
        },
        "description": {
            "value": "<p>The spikes of this <em>+2 greater striking standard-grade adamantine morningstar</em> have a faintly green shimmer, as if resembling Ayrzul's crystalline teeth. The weapon vibrates briefly when first drawn in or carried into a radioactive area, with the intensity of the vibration correlating to the radioactivity's strength. While you carry Boughshatter, you gain a +4 status bonus to saving throws against radiation, including Ayrzul's Blight.</p><hr /><p><strong>Activate—Splintering Strike</strong> <span class=\"action-glyph\">2</span> (manipulate)</p>\n<p><strong>Frequency</strong> Once per minute</p><hr /><p><strong>Effect</strong> Make a Strike with the morningstar that deals an extra die of weapon damage. If you make this Strike against a fungus, plant, or creature with the wood trait, the Strike ignores 10 points of the target's resistances to bludgeoning and piercing damage, if any. By damaging such a creature, the morningstar causes the target's flesh to explode in a shower of splinters that affect a 30-foot cone originating from the target's space, dealing 8d6 piercing damage to creatures in the area (@Check[reflex|dc:30|basic] save). You and the target are unaffected by these splinters.</p><hr /><p><strong>Activate—Absorb Corruption</strong> <span class=\"action-glyph\">R</span> (concentrate)</p>\n<p><strong>Frequency</strong> Once per day</p>\n<p><strong>Trigger</strong> You take poison or void damage;</p><hr /><p><strong>Effect</strong> You channel some of the toxic energy into Boughshatter, granting the weapon the effects of either a @UUID[Compendium.pf2e.equipment-srd.Item.Decaying] weapon rune, @UUID[Compendium.pf2e.equipment-srd.Item.Grievous] weapon rune, or @UUID[Compendium.pf2e.equipment-srd.Item.Wounding] weapon rune for 1 minute. While under this effect, the morningstar glows with dim green light in a 20-foot radius.</p>"
        },
        "group": "club",
        "hardness": 0,
        "hp": {
            "max": 0,
            "value": 0
        },
        "level": {
            "value": 13
        },
        "material": {
            "grade": "standard",
            "type": "adamantine"
        },
        "price": {
            "value": {
                "gp": 2875
            }
        },
        "publication": {
            "license": "ORC",
            "remaster": true,
            "title": "Pathfinder #203: Shepherd of Decay"
        },
        "quantity": 1,
        "range": null,
        "reload": {
            "value": ""
        },
        "rules": [
            {
                "key": "FlatModifier",
                "predicate": [
                    "radiation"
                ],
                "selector": "saving-throw",
                "type": "status",
                "value": 4
            }
        ],
        "runes": {
            "potency": 2,
            "property": [],
            "striking": 2
        },
        "size": "med",
        "specific": {
            "material": {
                "grade": "standard",
                "type": "adamantine"
            },
            "runes": {
                "potency": 2,
                "property": [],
                "striking": 2
            }
        },
        "splashDamage": {
            "value": 0
        },
        "traits": {
            "rarity": "uncommon",
            "value": [
                "earth",
                "magical",
                "poison",
                "versatile-p"
            ]
        },
        "usage": {
            "value": "held-in-one-hand"
        }
    },
    "type": "weapon"
}
