{
    "_id": "K9ndlHU5JRHj0ivP",
    "img": "icons/weapons/bows/longbow-leather-green.webp",
    "name": "Bow Staff",
    "system": {
        "baseItem": "bow-staff",
        "bonus": {
            "value": 0
        },
        "bonusDamage": {
            "value": 0
        },
        "bulk": {
            "value": 1
        },
        "category": "martial",
        "containerId": null,
        "damage": {
            "damageType": "piercing",
            "dice": 1,
            "die": "d6"
        },
        "description": {
            "value": "<p>The bow staff is a whipstaff with a retracting spool of wire inside a metal cap on one end and a hooked protrusion on the other. A wielder trained in the weapon's use can quickly spool and attach or detach the wire to transition the weapon between bow and staff functionality.</p>"
        },
        "group": "bow",
        "hardness": 0,
        "hp": {
            "max": 0,
            "value": 0
        },
        "level": {
            "value": 0
        },
        "material": {
            "grade": null,
            "type": null
        },
        "meleeUsage": {
            "damage": {
                "die": "d6",
                "type": "bludgeoning"
            },
            "group": "club",
            "traits": [
                "finesse",
                "monk",
                "parry",
                "sweep"
            ]
        },
        "price": {
            "value": {
                "gp": 8
            }
        },
        "publication": {
            "license": "OGL",
            "remaster": false,
            "title": "Pathfinder Treasure Vault"
        },
        "quantity": 1,
        "range": 80,
        "reload": {
            "value": "0"
        },
        "rules": [],
        "runes": {
            "potency": 0,
            "property": [],
            "striking": 0
        },
        "size": "med",
        "splashDamage": {
            "value": 0
        },
        "traits": {
            "rarity": "common",
            "value": [
                "combination",
                "deadly-d8",
                "monk"
            ]
        },
        "usage": {
            "value": "held-in-one-plus-hands"
        }
    },
    "type": "weapon"
}
