{
    "_id": "9jn87Bnp2kGnDFPQ",
    "img": "systems/pf2e/icons/default-icons/weapon.svg",
    "name": "Breath Blaster",
    "system": {
        "baseItem": "blunderbuss",
        "bonus": {
            "value": 0
        },
        "bonusDamage": {
            "value": 0
        },
        "bulk": {
            "value": 2
        },
        "category": "martial",
        "containerId": null,
        "damage": {
            "damageType": "piercing",
            "dice": 1,
            "die": "d8"
        },
        "description": {
            "value": "<p>A <em>breath blaster</em> is a <em>+1 striking blunderbuss</em> most commonly crafted from the trachea of a dragon, though other creatures with breath attacks or the ability to spit energy are occasionally used. The implementation of the dragon's trachea allows the firearm to unleash a torrent of pure energy in the form of gouts of flame or bolts of electricity.</p>\n<p>A <em>breath blaster's</em> Strikes deal either acid, cold, electricity, fire, or poison damage, depending on the dragon type or other creature from which it was made, though it can otherwise be used like a normal blunderbuss. A breath blaster also can be activated to fire a line of energy in a @Template[line|distance:30] or @Template[cone|distance:15], chosen when it's created and typically corresponding to the shape of the breath attack used by the type of dragon or creature from which the <em>breath blaster was created.</em></p>\n<p>In theory, the foundational techniques required to create a breath blaster would allow for other damage types, but such breath blasters would require the trachea from the correct dragon or creature type and additional creation techniques, making such a breath blaster rare rather than uncommon.</p><hr /><p><strong>Activate—Breath Blast</strong> <span class=\"action-glyph\">2</span> (manipulate)</p>\n<p><strong>Frequency</strong> once per minute</p>\n<p><strong>Effect</strong> You fire the breath blaster, dealing @Damage[4d6[untyped]] damage of the appropriate type in the appropriate area. Creatures in the area must attempt a @Check[reflex|dc:24|basic|traits:magical|showDC:owner] save (or @Check[fortitude|dc:24|basic|traits:magical|showDC:owner] save if the damage is poison).</p><hr /><p><strong>Craft Requirements</strong> The initial raw materials must include the trachea of a ritually hunted dragon or other creature with a breath attack with the appropriate damage type and area (line or cone) for the <em>breath blaster</em>.</p>"
        },
        "group": "firearm",
        "hardness": 0,
        "hp": {
            "max": 0,
            "value": 0
        },
        "level": {
            "value": 8
        },
        "material": {
            "grade": null,
            "type": null
        },
        "price": {
            "value": {
                "gp": 500
            }
        },
        "publication": {
            "license": "ORC",
            "remaster": true,
            "title": "Pathfinder Guns & Gears"
        },
        "quantity": 1,
        "range": 40,
        "reload": {
            "value": "1"
        },
        "rules": [],
        "runes": {
            "potency": 1,
            "property": [],
            "striking": 1
        },
        "size": "med",
        "specific": {
            "material": {
                "grade": null,
                "type": null
            },
            "runes": {
                "potency": 1,
                "property": [],
                "striking": 1
            }
        },
        "splashDamage": {
            "value": 0
        },
        "traits": {
            "rarity": "uncommon",
            "value": [
                "concussive",
                "scatter-10"
            ]
        },
        "usage": {
            "value": "held-in-two-hands"
        }
    },
    "type": "weapon"
}
