{
    "_id": "kCN0QxUbJrvidysF",
    "img": "systems/pf2e/icons/equipment/weapons/specific-magic-weapons/brilliant-rapier.webp",
    "name": "Brilliant Rapier",
    "system": {
        "baseItem": "rapier",
        "bonus": {
            "value": 0
        },
        "bonusDamage": {
            "value": 0
        },
        "bulk": {
            "value": 0.1
        },
        "category": "martial",
        "containerId": null,
        "damage": {
            "damageType": "fire",
            "dice": 1,
            "die": "d6"
        },
        "description": {
            "value": "<p>This <em>+2 brilliant greater striking rapier</em> is formed entirely out of radiant energy, even more so than a usual brilliant weapon, and has left its physical form behind entirely. Instead of dealing piercing damage, it deals fire damage, and in addition to a rapier's normal weapon traits, it gains the versatile spirit or vitality trait.</p>"
        },
        "group": "sword",
        "hardness": 0,
        "hp": {
            "max": 0,
            "value": 0
        },
        "level": {
            "value": 14
        },
        "material": {
            "grade": null,
            "type": null
        },
        "price": {
            "value": {
                "gp": 4500
            }
        },
        "publication": {
            "license": "OGL",
            "remaster": false,
            "title": "Pathfinder Lost Omens The Grand Bazaar"
        },
        "quantity": 1,
        "range": null,
        "reload": {
            "value": ""
        },
        "rules": [],
        "runes": {
            "potency": 2,
            "property": [
                "brilliant"
            ],
            "striking": 2
        },
        "size": "med",
        "specific": {
            "material": {
                "grade": null,
                "type": null
            },
            "runes": {
                "potency": 2,
                "property": [
                    "brilliant"
                ],
                "striking": 2
            }
        },
        "splashDamage": {
            "value": 0
        },
        "traits": {
            "rarity": "uncommon",
            "value": [
                "deadly-d8",
                "disarm",
                "finesse",
                "good",
                "holy",
                "versatile-spirit",
                "versatile-vitality"
            ]
        },
        "usage": {
            "value": "held-in-one-hand"
        }
    },
    "type": "weapon"
}
