{
    "_id": "LxqA4VC4np2RLkQb",
    "img": "icons/weapons/axes/axe-battle-heavy-black.webp",
    "name": "Butchering Axe",
    "system": {
        "baseItem": "butchering-axe",
        "bonus": {
            "value": 0
        },
        "bonusDamage": {
            "value": 0
        },
        "bulk": {
            "value": 2
        },
        "category": "advanced",
        "containerId": null,
        "damage": {
            "damageType": "slashing",
            "dice": 1,
            "die": "d12"
        },
        "description": {
            "value": "<p>Invented by Belkzen's zealous Steel-Eaters, the butchering axe has an oversized head and a long, thick haft counterbalanced with steel or stone. The weapon's sweeping strokes inflict immense damage, particularly against groups of foes, and can push dangerous opponents away to a safe distance. All of these qualities are particularly useful against the lumbering zombie hordes of the Whispering Tyrant. Correspondingly, butchering axes are often wielded by orc and half-orc Crimson Reclaimers of Lastwall.</p>"
        },
        "group": "axe",
        "hardness": 0,
        "hp": {
            "max": 0,
            "value": 0
        },
        "level": {
            "value": 0
        },
        "material": {
            "grade": null,
            "type": null
        },
        "price": {
            "value": {
                "gp": 8
            }
        },
        "publication": {
            "license": "OGL",
            "remaster": false,
            "title": "Pathfinder Lost Omens The Grand Bazaar"
        },
        "quantity": 1,
        "range": null,
        "reload": {
            "value": ""
        },
        "rules": [],
        "runes": {
            "potency": 0,
            "property": [],
            "striking": 0
        },
        "size": "med",
        "splashDamage": {
            "value": 0
        },
        "traits": {
            "rarity": "uncommon",
            "value": [
                "orc",
                "shove",
                "sweep"
            ]
        },
        "usage": {
            "value": "held-in-two-hands"
        }
    },
    "type": "weapon"
}
