{
    "_id": "7WRzbBTOCsJx5f7L",
    "img": "systems/pf2e/icons/equipment/weapons/buugeng.webp",
    "name": "Buugeng",
    "system": {
        "baseItem": "buugeng",
        "bonus": {
            "value": 0
        },
        "bonusDamage": {
            "value": 0
        },
        "bulk": {
            "value": 1
        },
        "category": "martial",
        "containerId": null,
        "damage": {
            "damageType": "slashing",
            "dice": 1,
            "die": "d4"
        },
        "description": {
            "value": "<p>A blade of conrasu design, a buugeng has a unique, curved shape that allows it to rotate smoothly in the hand of a trained warrior. This spinning motion makes it easier to attack multiple foes at once with the weapon.</p>"
        },
        "group": "sword",
        "hardness": 0,
        "hp": {
            "max": 0,
            "value": 0
        },
        "level": {
            "value": 0
        },
        "material": {
            "grade": null,
            "type": null
        },
        "price": {
            "value": {
                "gp": 4
            }
        },
        "publication": {
            "license": "OGL",
            "remaster": false,
            "title": "Pathfinder Lost Omens Ancestry Guide"
        },
        "quantity": 1,
        "range": null,
        "reload": {
            "value": ""
        },
        "rules": [],
        "runes": {
            "potency": 0,
            "property": [],
            "striking": 0
        },
        "size": "med",
        "splashDamage": {
            "value": 0
        },
        "traits": {
            "rarity": "uncommon",
            "value": [
                "agile",
                "conrasu",
                "sweep",
                "twin"
            ]
        },
        "usage": {
            "value": "held-in-one-hand"
        }
    },
    "type": "weapon"
}
