{
    "_id": "D2CnWGQ84bSjh5bz",
    "img": "systems/pf2e/icons/equipment/weapons/specific-magic-weapons/buzzsaw-axe.webp",
    "name": "Buzzsaw Axe (Major)",
    "system": {
        "baseItem": "battle-axe",
        "bonus": {
            "value": 0
        },
        "bonusDamage": {
            "value": 0
        },
        "bulk": {
            "value": 0
        },
        "category": "martial",
        "containerId": null,
        "damage": {
            "damageType": "slashing",
            "dice": 1,
            "die": "d8"
        },
        "description": {
            "value": "<p>With an aerodynamic cutting edge and a curved handle, this <em>+3 major striking battle axe</em> is perfectly suited to whirling motions, and in fact seems like it wants to whirl free from your grip. A Strike with this axe that benefits from the sweep trait's circumstance bonus on attack rolls also gains a +4 circumstance bonus to the damage roll.</p>\n<hr />\n<p><strong>Activate</strong> <span class=\"action-glyph\">2</span> command, Interact</p>\n<p><strong>Frequency</strong> once per hour</p>\n<hr />\n<p><strong>Effect</strong> You hurl the axe, which spins at great speed as it flies to a distant point and returns to you, leaving a trail of carnage. Each creature in a @Template[line|distance:120] must succeed at a @Check[reflex|dc:43|basic|name:Thrown Buzzsaw Axe|traits:axe|showDC:all] save or take damage equal to the weapon's melee damage, including your Strength modifier.</p>"
        },
        "group": "axe",
        "hardness": 0,
        "hp": {
            "max": 0,
            "value": 0
        },
        "level": {
            "value": 20
        },
        "material": {
            "grade": null,
            "type": null
        },
        "price": {
            "value": {
                "gp": 65000
            }
        },
        "publication": {
            "license": "OGL",
            "remaster": false,
            "title": "Pathfinder Secrets of Magic"
        },
        "quantity": 1,
        "range": null,
        "reload": {
            "value": ""
        },
        "rules": [],
        "runes": {
            "potency": 3,
            "property": [],
            "striking": 3
        },
        "size": "med",
        "specific": {
            "material": {
                "grade": null,
                "type": null
            },
            "runes": {
                "potency": 3,
                "property": [],
                "striking": 3
            }
        },
        "splashDamage": {
            "value": 0
        },
        "traits": {
            "rarity": "common",
            "value": [
                "magical",
                "sweep"
            ]
        },
        "usage": {
            "value": "held-in-one-hand"
        }
    },
    "type": "weapon"
}
