{
    "_id": "UnTUQ9w8yswupr9m",
    "img": "systems/pf2e/icons/equipment/weapons/cane-pistol.webp",
    "name": "Cane Pistol",
    "system": {
        "baseItem": "cane-pistol",
        "bonus": {
            "value": 0
        },
        "bonusDamage": {
            "value": 0
        },
        "bulk": {
            "value": 1
        },
        "category": "martial",
        "containerId": null,
        "damage": {
            "damageType": "piercing",
            "dice": 1,
            "die": "d4"
        },
        "description": {
            "value": "<p>This fashionable cane's handle hides a dueling pistol fired through the thin, painted cap at the bottom of the cane.</p>"
        },
        "group": "firearm",
        "hardness": 0,
        "hp": {
            "max": 0,
            "value": 0
        },
        "level": {
            "value": 0
        },
        "material": {
            "grade": null,
            "type": null
        },
        "meleeUsage": {
            "damage": {
                "die": "d6",
                "type": "bludgeoning"
            },
            "group": "club",
            "traits": [
                "concealable",
                "critical-fusion",
                "thrown-10"
            ]
        },
        "price": {
            "value": {
                "gp": 8
            }
        },
        "publication": {
            "license": "ORC",
            "remaster": false,
            "title": "Pathfinder Guns & Gears"
        },
        "quantity": 1,
        "range": 30,
        "reload": {
            "value": "1"
        },
        "rules": [],
        "runes": {
            "potency": 0,
            "property": [],
            "striking": 0
        },
        "size": "med",
        "splashDamage": {
            "value": 0
        },
        "traits": {
            "rarity": "uncommon",
            "value": [
                "combination",
                "concealable",
                "concussive",
                "fatal-d8"
            ]
        },
        "usage": {
            "canBeAmmo": false,
            "value": "held-in-one-hand"
        }
    },
    "type": "weapon"
}
