{
    "_id": "IBxtmyiVjWVqFawh",
    "img": "systems/pf2e/icons/default-icons/weapon.svg",
    "name": "Capturing Spetum",
    "system": {
        "baseItem": "capturing-spetum",
        "bonus": {
            "value": 0
        },
        "bonusDamage": {
            "value": 0
        },
        "bulk": {
            "value": 2
        },
        "category": "advanced",
        "containerId": null,
        "damage": {
            "damageType": "piercing",
            "dice": 1,
            "die": "d10"
        },
        "description": {
            "value": "<p>Hobgoblins use these polearms both as standard issue for aggressive military units and on an individual basis for hunting fugitives.</p>"
        },
        "group": "polearm",
        "hardness": 0,
        "hp": {
            "max": 0,
            "value": 0
        },
        "level": {
            "value": 0
        },
        "material": {
            "grade": null,
            "type": null
        },
        "price": {
            "value": {
                "gp": 9
            }
        },
        "publication": {
            "license": "ORC",
            "remaster": true,
            "title": "Pathfinder Player Core 2"
        },
        "quantity": 1,
        "range": null,
        "reload": {
            "value": null
        },
        "rules": [],
        "runes": {
            "potency": 0,
            "property": [],
            "striking": 0
        },
        "size": "med",
        "splashDamage": {
            "value": 0
        },
        "traits": {
            "rarity": "uncommon",
            "value": [
                "hampering",
                "hobgoblin",
                "reach",
                "trip"
            ]
        },
        "usage": {
            "value": "held-in-two-hands"
        }
    },
    "type": "weapon"
}
