{
    "_id": "FlZUF29msGVibG5k",
    "img": "systems/pf2e/icons/equipment/weapons/urumi.webp",
    "name": "Caress of the Great Serpent",
    "system": {
        "baseItem": "urumi",
        "bonus": {
            "value": 0
        },
        "bonusDamage": {
            "value": 0
        },
        "bulk": {
            "value": 2
        },
        "category": "martial",
        "containerId": null,
        "damage": {
            "damageType": "slashing",
            "dice": 1,
            "die": "d6"
        },
        "description": {
            "value": "<p>This <em>+3 greater striking extending urumi</em> was fashioned after the legendary eightheaded orochi serpent, with its whiplike metal blades carved to resemble the many heads of the mythical beast, and its hilt wrapped in scaled leather. These weapons are commonly used by those who worship an orochi, raiding and threatening settlements to obtain sacrifices for the beast in hopes of being granted some modicum of its power.</p>\n<p><strong>Activate—Serpent's Kiss</strong> <span class=\"action-glyph\">3</span> (concentrate)</p>\n<p><strong>Frequency</strong> once per day</p><hr /><p><strong>Effect</strong> You use your urumi as an effigy with which to call upon an orochi's power, offering your blood in exchange. You can make up to eight Strikes with a –2 penalty, each against a different target within 30 feet. For each Strike you choose to make, you take @Damage[1d6[piercing]] damage. Each attack counts toward your multiple attack penalty, but don't increase your penalty until you've made all your attacks.</p>"
        },
        "group": "flail",
        "hardness": 0,
        "hp": {
            "max": 0,
            "value": 0
        },
        "level": {
            "value": 18
        },
        "material": {
            "grade": null,
            "type": null
        },
        "price": {
            "value": {
                "gp": 24000
            }
        },
        "publication": {
            "license": "ORC",
            "remaster": true,
            "title": "Pathfinder Lost Omens Tian Xia Character Guide"
        },
        "quantity": 1,
        "range": null,
        "reload": {
            "value": ""
        },
        "rules": [
            {
                "key": "RollOption",
                "label": "PF2E.SpecificRule.Equipment.CaressOfTheGreatSerpent.SerpentsKiss",
                "option": "serpents-kiss",
                "toggleable": true
            },
            {
                "key": "FlatModifier",
                "predicate": [
                    "serpents-kiss"
                ],
                "selector": "{item|id}-attack",
                "value": -2
            }
        ],
        "runes": {
            "potency": 3,
            "property": [
                "extending"
            ],
            "striking": 2
        },
        "size": "med",
        "specific": {
            "material": {
                "grade": null,
                "type": null
            },
            "runes": {
                "potency": 3,
                "property": [
                    "extending"
                ],
                "striking": 2
            }
        },
        "splashDamage": {
            "value": 0
        },
        "traits": {
            "rarity": "uncommon",
            "value": [
                "deadly-d10",
                "magical",
                "sweep"
            ]
        },
        "usage": {
            "value": "held-in-one-hand"
        }
    },
    "type": "weapon"
}
