{
    "_id": "ePmUVkh4NgM4eGdR",
    "img": "systems/pf2e/icons/default-icons/weapon.svg",
    "name": "Carver-cutter (True)",
    "system": {
        "baseItem": "battle-axe",
        "bonus": {
            "value": 0
        },
        "bonusDamage": {
            "value": 0
        },
        "bulk": {
            "value": 1
        },
        "category": "martial",
        "containerId": null,
        "damage": {
            "damageType": "slashing",
            "dice": 1,
            "die": "d8"
        },
        "description": {
            "value": "<p>Many of the experienced woodcarvers of the Plane of Wood learn to fight as well, the better to travel into hazardous areas in search of rare and beautiful types of wood for their craft. A <em>carver-cutter</em> serves a dual role as a weapon and a tool for felling trees and engraving wood. The <em>+3 keen greater striking battle axe</em> looks like an exquisitely made woodcutting axe.</p>\n<hr />\n<p><strong>Activate - Carving Chisel</strong> <span class=\"action-glyph\">1</span> (concentrate, manipulate)</p>\n<p><strong>Effect</strong> You pull free a woodworking chisel stored in the knob of the axe. It can have any standard chisel shape you imagine as you activate this ability. You get a +3 item bonus to Crafting checks for woodworking if you use chisels from the <em>carver-cutter.</em> The chisel also functions as a main-gauche. All runes on the axe are replicated on the chisel, but only while both items are on the same person. You can Interact to reinsert the chisel.</p>\n<hr />\n<p><strong>Activate - Chop Down</strong> <span class=\"action-glyph\">2</span></p>\n<p><strong>Frequency</strong> once per hour</p>\n<p><strong>Effect</strong> Make a Strike with the axe against a plant creature or a creature made primarily of wood. This Strike deals an additional @Damage[4d6[precision]] damage, and on a hit, the creature is @UUID[Compendium.pf2e.conditionitems.Item.Clumsy]{Clumsy 1} for 1 minute.</p>"
        },
        "group": "axe",
        "hardness": 0,
        "hp": {
            "max": 0,
            "value": 0
        },
        "level": {
            "value": 18
        },
        "material": {
            "grade": null,
            "type": null
        },
        "price": {
            "value": {
                "gp": 24000
            }
        },
        "publication": {
            "license": "OGL",
            "remaster": true,
            "title": "Pathfinder Rage of Elements"
        },
        "quantity": 1,
        "range": null,
        "reload": {
            "value": ""
        },
        "rules": [],
        "runes": {
            "potency": 3,
            "property": [
                "keen"
            ],
            "striking": 2
        },
        "size": "med",
        "specific": {
            "material": {
                "grade": null,
                "type": null
            },
            "runes": {
                "potency": 3,
                "property": [
                    "keen"
                ],
                "striking": 2
            }
        },
        "splashDamage": {
            "value": 0
        },
        "traits": {
            "rarity": "uncommon",
            "value": [
                "magical",
                "sweep",
                "wood"
            ]
        },
        "usage": {
            "value": "held-in-one-hand"
        }
    },
    "type": "weapon"
}
