{
    "_id": "2KNAip9W6IoBrfIU",
    "img": "systems/pf2e/icons/equipment/weapons/sling.webp",
    "name": "Caterwaul Sling",
    "system": {
        "baseItem": "sling",
        "bonus": {
            "value": 1
        },
        "bonusDamage": {
            "value": 0
        },
        "bulk": {
            "value": 0.1
        },
        "category": "simple",
        "containerId": null,
        "damage": {
            "damageType": "bludgeoning",
            "dice": 1,
            "die": "d6"
        },
        "description": {
            "value": "<p>Made of shiny brown leather, this <em>+1 striking sling</em> has a single white thread interwoven into its cord.</p>\n<p><strong>Activate—Unleash Roar</strong> <span class=\"action-glyph\">2</span> (manipulate, sonic)</p>\n<p><strong>Frequency</strong> once per day</p>\n<hr />\n<p><strong>Effect</strong> You pull the white thread free, then whirl the sling in circles at high speed. It lets out an ear-piercing wave of sound. Each creature in a @Template[cone|distance:30] takes @Damage[4d6[sonic]|options:area-damage] damage (@Check[fortitude|dc:21|basic|options:area-effect] save). Any creature that fails is @UUID[Compendium.pf2e.conditionitems.Item.Deafened] for 1 round, or 1 hour on a critical failure.</p>"
        },
        "group": "sling",
        "hardness": 0,
        "hp": {
            "max": 0,
            "value": 0
        },
        "level": {
            "value": 5
        },
        "material": {
            "grade": null,
            "type": null
        },
        "price": {
            "value": {
                "gp": 155
            }
        },
        "publication": {
            "license": "ORC",
            "remaster": true,
            "title": "Pathfinder GM Core"
        },
        "quantity": 1,
        "range": 60,
        "reload": {
            "value": "1"
        },
        "rules": [],
        "runes": {
            "potency": 1,
            "property": [],
            "striking": 1
        },
        "size": "med",
        "specific": {
            "material": {
                "grade": null,
                "type": null
            },
            "runes": {
                "potency": 1,
                "property": [],
                "striking": 1
            }
        },
        "splashDamage": {
            "value": 0
        },
        "traits": {
            "rarity": "common",
            "value": [
                "magical",
                "propulsive"
            ]
        },
        "usage": {
            "value": "held-in-one-hand"
        }
    },
    "type": "weapon"
}
