{
    "_id": "DlvJ0PgEGTGfEgUi",
    "img": "systems/pf2e/icons/default-icons/weapon.svg",
    "name": "Catoblepas Maul",
    "system": {
        "baseItem": "maul",
        "bonus": {
            "value": 0
        },
        "bonusDamage": {
            "value": 0
        },
        "bulk": {
            "value": 2
        },
        "category": "martial",
        "containerId": null,
        "damage": {
            "damageType": "bludgeoning",
            "dice": 1,
            "die": "d12"
        },
        "description": {
            "value": "<p>The putrid stench emanating from the catoblepas antlers adorning this <em>+2 greater striking @UUID[Compendium.pf2e.equipment-srd.Item.Crushing (Greater)]{Greater Crushing} maul</em> interferes with your sense of smell. While wielding this weapon, you gain a +2 item bonus to saves against olfactory effects.</p><hr /><p><strong>Activate—Vile Stench</strong> <span class=\"action-glyph\">1</span> (manipulate, olfactory)</p>\n<p><strong>Requirements</strong> Your last action was a successful Strike with the <em>catoblepas maul</em></p>\n<p><strong>Effect</strong> The target must succeed at a @Check[fortitude|dc:30|traits:olfactory] save or become @UUID[Compendium.pf2e.conditionitems.Item.Sickened]{Sickened 1} (plus @UUID[Compendium.pf2e.conditionitems.Item.Slowed]{Slowed 1} for as long as it's sickened on a critical failure). A creature that succeeds at its save becomes temporarily immune to Vile Stench for 1 minute.</p><hr /><p><strong>Craft Requirements</strong> The initial raw materials must include antlers from a catoblepas.</p>"
        },
        "group": "hammer",
        "hardness": 0,
        "hp": {
            "max": 0,
            "value": 0
        },
        "level": {
            "value": 13
        },
        "material": {
            "grade": null,
            "type": null
        },
        "price": {
            "value": {
                "gp": 2800
            }
        },
        "publication": {
            "license": "ORC",
            "remaster": true,
            "title": "Pathfinder Howl of the Wild"
        },
        "quantity": 1,
        "range": null,
        "reload": {
            "value": null
        },
        "rules": [
            {
                "key": "FlatModifier",
                "predicate": [
                    "item:trait:olfactory"
                ],
                "selector": "saving-throw",
                "type": "item",
                "value": 2
            }
        ],
        "runes": {
            "potency": 2,
            "property": [
                "greaterCrushing"
            ],
            "striking": 2
        },
        "size": "med",
        "specific": {
            "material": {
                "grade": null,
                "type": null
            },
            "runes": {
                "potency": 2,
                "property": [
                    "greaterCrushing"
                ],
                "striking": 2
            }
        },
        "splashDamage": {
            "value": 0
        },
        "traits": {
            "rarity": "uncommon",
            "value": [
                "magical",
                "poison",
                "shove"
            ]
        },
        "usage": {
            "value": "held-in-two-hands"
        }
    },
    "type": "weapon"
}
