{
    "_id": "S1ALL8osqV1pOtf3",
    "img": "icons/weapons/staves/staff-winged-red.webp",
    "name": "Celestial Staff",
    "system": {
        "baseItem": "staff",
        "bonus": {
            "value": 0
        },
        "bonusDamage": {
            "value": 0
        },
        "bulk": {
            "value": 1
        },
        "category": "simple",
        "containerId": null,
        "damage": {
            "damageType": "bludgeoning",
            "dice": 1,
            "die": "d4"
        },
        "description": {
            "value": "<p>Heavenly radiance shines from an active <em>celestial staff</em>, a golden staff capped with a pair of sculpted angel's wings. Used as a weapon, the staff is a <em>+2 greater striking holy staff</em>. While wielding a <em>celestial staff</em>, you gain a +1 circumstance bonus to saving throws against effects that have the evil trait and effects created by evil creatures. When you prepare this staff, if you're evil, you become @UUID[Compendium.pf2e.conditionitems.Item.Drained]{Drained 1} until your next daily preparations.</p>\n<hr />\n<p><strong>Activate</strong> Cast a Spell</p>\n<p><strong>Effect</strong> You expend a number of charges from the staff to cast a spell from its list.</p>\n<ul>\n<li><strong>Cantrip</strong> @UUID[Compendium.pf2e.spells-srd.Item.Divine Lance] (good only)</li>\n<li><strong>1st</strong> @UUID[Compendium.pf2e.spells-srd.Item.Bless], @UUID[Compendium.pf2e.spells-srd.Item.Protection]</li>\n<li><strong>2nd</strong> @UUID[Compendium.pf2e.spells-srd.Item.Everlight], @UUID[Compendium.pf2e.spells-srd.Item.Inner Radiance Torrent]</li>\n<li><strong>3rd</strong> @UUID[Compendium.pf2e.spells-srd.Item.Circle of Protection], @UUID[Compendium.pf2e.spells-srd.Item.Anointed Ground]{Sanctified Ground}</li>\n<li><strong>4th</strong> @UUID[Compendium.pf2e.spells-srd.Item.Holy Cascade], @UUID[Compendium.pf2e.spells-srd.Item.Inner Radiance Torrent]</li>\n<li><strong>5th</strong> @UUID[Compendium.pf2e.spells-srd.Item.Spiritual Guardian], @UUID[Compendium.pf2e.spells-srd.Item.Summon Celestial]</li>\n<li><strong>6th</strong> @UUID[Compendium.pf2e.spells-srd.Item.Holy Cascade], @UUID[Compendium.pf2e.spells-srd.Item.Summon Celestial]</li>\n<li><strong>7th</strong> @UUID[Compendium.pf2e.spells-srd.Item.Angel Form], @UUID[Compendium.pf2e.spells-srd.Item.Inner Radiance Torrent], @UUID[Compendium.pf2e.spells-srd.Item.Summon Celestial]</li>\n</ul>\n<hr />\n<p><strong>Craft Requirements</strong> You're good. Supply one casting of all listed levels of all listed spells.</p>"
        },
        "group": "club",
        "hardness": 0,
        "hp": {
            "max": 0,
            "value": 0
        },
        "level": {
            "value": 17
        },
        "material": {
            "grade": null,
            "type": null
        },
        "price": {
            "value": {
                "gp": 14000
            }
        },
        "publication": {
            "license": "OGL",
            "remaster": false,
            "title": "Pathfinder Treasure Vault"
        },
        "quantity": 1,
        "range": null,
        "reload": {
            "value": ""
        },
        "rules": [
            {
                "key": "FlatModifier",
                "predicate": [
                    {
                        "or": [
                            "evil",
                            "origin:trait:unholy"
                        ]
                    }
                ],
                "selector": [
                    "fortitude",
                    "reflex",
                    "will"
                ],
                "type": "circumstance",
                "value": 1
            }
        ],
        "runes": {
            "potency": 2,
            "property": [
                "holy"
            ],
            "striking": 2
        },
        "size": "med",
        "specific": {
            "material": {
                "grade": null,
                "type": null
            },
            "runes": {
                "potency": 2,
                "property": [
                    "holy"
                ],
                "striking": 2
            }
        },
        "splashDamage": {
            "value": 0
        },
        "traits": {
            "rarity": "uncommon",
            "value": [
                "good",
                "holy",
                "magical",
                "staff",
                "two-hand-d8"
            ]
        },
        "usage": {
            "value": "held-in-one-hand"
        }
    },
    "type": "weapon"
}
