{
    "_id": "rhHGULVS5tumszGP",
    "img": "systems/pf2e/icons/equipment/weapons/chakri.webp",
    "name": "Chakri",
    "system": {
        "baseItem": "chakri",
        "bonus": {
            "value": 0
        },
        "bonusDamage": {
            "value": 0
        },
        "bulk": {
            "value": 0.1
        },
        "category": "martial",
        "containerId": null,
        "damage": {
            "damageType": "slashing",
            "dice": 1,
            "die": "d6"
        },
        "description": {
            "value": "<p>Similar to a chakram, chakri are too light to be wielded in melee but allow the user significantly more control over their throws. A chakri is small and light enough that up to two can be worn on each wrist; a chakri worn on the wrist is reload 0 instead of reload—.</p>"
        },
        "group": "dart",
        "hardness": 0,
        "hp": {
            "max": 0,
            "value": 0
        },
        "level": {
            "value": 0
        },
        "material": {
            "grade": null,
            "type": null
        },
        "price": {
            "value": {
                "sp": 2
            }
        },
        "publication": {
            "license": "OGL",
            "remaster": false,
            "title": "Pathfinder Treasure Vault"
        },
        "quantity": 1,
        "range": 40,
        "reload": {
            "value": "-"
        },
        "rules": [],
        "runes": {
            "potency": 0,
            "property": [],
            "striking": 0
        },
        "size": "med",
        "splashDamage": {
            "value": 0
        },
        "traits": {
            "rarity": "uncommon",
            "value": [
                "recovery",
                "thrown"
            ]
        },
        "usage": {
            "canBeAmmo": false,
            "value": "held-in-one-hand"
        }
    },
    "type": "weapon"
}
