{
    "_id": "rsqPU9IRM6tk2eHc",
    "img": "systems/pf2e/icons/equipment/weapons/specific-magic-weapons/chatterer-of-follies.webp",
    "name": "Chatterer of Follies",
    "system": {
        "baseItem": "khakkhara",
        "bonus": {
            "value": 0
        },
        "bonusDamage": {
            "value": 0
        },
        "bulk": {
            "value": 1
        },
        "category": "martial",
        "containerId": null,
        "damage": {
            "damageType": "bludgeoning",
            "dice": 1,
            "die": "d6"
        },
        "description": {
            "value": "<p>This heavy +1 striking khakarra is cast from solid steel and plated with pyrite. Metal charms shaped like grinning idols festoon its great arched ring, and during combat, as tiny tendrils of flame fly off the pyrite, these hanging dolls seem to chatter in tune with the clash and din of battle.</p>\n<p>Whenever you complete a move action during your turn, choose a creature adjacent to you at the end of your movement. Until the end of your turn, that creature takes a -1 status penalty to Will saves against your enchantment spells and your illusion spells. Any time you cast your enchantment and illusion spells, you become @UUID[Compendium.pf2e.conditionitems.Item.Concealed] during your move actions for the rest of the turn.</p>\n<p>@UUID[Compendium.pf2e.equipment-effects.Item.Effect: Chatterer of Follies]</p>"
        },
        "group": "club",
        "hardness": 0,
        "hp": {
            "max": 0,
            "value": 0
        },
        "level": {
            "value": 6
        },
        "material": {
            "grade": null,
            "type": null
        },
        "price": {
            "value": {
                "gp": 200
            }
        },
        "publication": {
            "license": "OGL",
            "remaster": false,
            "title": "Pathfinder Secrets of Magic"
        },
        "quantity": 1,
        "range": null,
        "reload": {
            "value": ""
        },
        "rules": [],
        "runes": {
            "potency": 1,
            "property": [],
            "striking": 1
        },
        "size": "med",
        "specific": {
            "material": {
                "grade": null,
                "type": null
            },
            "runes": {
                "potency": 1,
                "property": [],
                "striking": 1
            }
        },
        "splashDamage": {
            "value": 0
        },
        "traits": {
            "rarity": "uncommon",
            "value": [
                "illusion",
                "magical",
                "shove",
                "two-hand-d10",
                "versatile-p"
            ]
        },
        "usage": {
            "value": "held-in-one-hand"
        }
    },
    "type": "weapon"
}
