{
    "_id": "Dti9PZZoty6We8OV",
    "img": "icons/equipment/hand/gauntlet-cuffed-steel-blue.webp",
    "name": "Cinderclaw Gauntlet",
    "system": {
        "baseItem": "spiked-gauntlet",
        "bonus": {
            "value": 1
        },
        "bonusDamage": {
            "value": 0
        },
        "bulk": {
            "value": 0.1
        },
        "category": "simple",
        "containerId": null,
        "damage": {
            "damageType": "piercing",
            "dice": 1,
            "die": "d4"
        },
        "description": {
            "value": "<p>This sharp-taloned <em>+1 striking spiked gauntlet</em> appears to have been crafted from dragon scales, with claws built from iron. In addition to the typical weapon traits, a Cinderclaw gauntlet has the versatile S trait.</p>\n<p>On a critical hit, the <em>Cinderclaw gauntlet</em> deals an additional 1d6 fire damage.</p>\n<p><strong>Activate</strong> <span class=\"action-glyph\">R</span> command</p>\n<p><strong>Trigger</strong> Your attack roll with the <em>Cinderclaw gauntlet</em> is a critical success.</p>\n<hr />\n<p><strong>Effect</strong> The creature you hit must succeed at a @Check[fortitude|dc:19|showDC:owner] save or be @UUID[Compendium.pf2e.conditionitems.Item.Sickened]{Sickened 1} by the gauntlet's acrid smoke. Creatures that don't need to breathe are immune.</p>"
        },
        "group": "brawling",
        "hardness": 0,
        "hp": {
            "max": 0,
            "value": 0
        },
        "level": {
            "value": 5
        },
        "material": {
            "grade": null,
            "type": null
        },
        "price": {
            "value": {
                "gp": 150
            }
        },
        "publication": {
            "license": "OGL",
            "remaster": false,
            "title": "Pathfinder #145: Hellknight Hill"
        },
        "quantity": 1,
        "range": null,
        "reload": {
            "value": ""
        },
        "rules": [
            {
                "critical": true,
                "damageType": "fire",
                "diceNumber": 1,
                "dieSize": "d6",
                "key": "DamageDice",
                "selector": "{item|_id}-damage"
            }
        ],
        "runes": {
            "potency": 1,
            "property": [],
            "striking": 1
        },
        "size": "med",
        "specific": {
            "material": {
                "grade": null,
                "type": null
            },
            "runes": {
                "potency": 1,
                "property": [],
                "striking": 1
            }
        },
        "splashDamage": {
            "value": null
        },
        "traits": {
            "rarity": "uncommon",
            "value": [
                "agile",
                "free-hand",
                "magical",
                "versatile-s"
            ]
        },
        "usage": {
            "value": "held-in-one-hand"
        }
    },
    "type": "weapon"
}
