{
    "_id": "5qW06ylMkJ0wToDd",
    "img": "icons/containers/bags/coinpouch-simple-leather-tan.webp",
    "name": "Combat Lure",
    "system": {
        "baseItem": "combat-lure",
        "bonus": {
            "value": 0
        },
        "bonusDamage": {
            "value": 0
        },
        "bulk": {
            "value": 1
        },
        "category": "martial",
        "containerId": null,
        "damage": {
            "damageType": "bludgeoning",
            "dice": 1,
            "die": "d6"
        },
        "description": {
            "value": "<p>A combat lure is a weighted leather sack at the end of a length of toughened cord and can be used both to bludgeon opponents and signal directions to a trained avian or other animal.</p>"
        },
        "group": "flail",
        "hardness": 0,
        "hp": {
            "max": 0,
            "value": 0
        },
        "level": {
            "value": 0
        },
        "material": {
            "grade": null,
            "type": null
        },
        "price": {
            "value": {
                "gp": 2
            }
        },
        "publication": {
            "license": "OGL",
            "remaster": false,
            "title": "Pathfinder Treasure Vault"
        },
        "quantity": 1,
        "range": null,
        "reload": {
            "value": ""
        },
        "rules": [],
        "runes": {
            "potency": 0,
            "property": [],
            "striking": 0
        },
        "size": "med",
        "splashDamage": {
            "value": 0
        },
        "traits": {
            "rarity": "uncommon",
            "value": [
                "finesse",
                "tethered",
                "thrown-20",
                "training"
            ]
        },
        "usage": {
            "canBeAmmo": false,
            "value": "held-in-two-hands"
        }
    },
    "type": "weapon"
}
