{
    "_id": "3T3ayvgw9HDn05Mz",
    "img": "systems/pf2e/icons/equipment/weapons/combat-grapnel.webp",
    "name": "Combat Grapnel",
    "system": {
        "baseItem": "combat-grapnel",
        "bonus": {
            "value": 0
        },
        "bonusDamage": {
            "value": 0
        },
        "bulk": {
            "value": 1
        },
        "category": "martial",
        "containerId": null,
        "damage": {
            "damageType": "piercing",
            "dice": 1,
            "die": "d6"
        },
        "description": {
            "value": "<p>Although grappling hooks typically serve as a climbing tool, this specially reinforced grapnel attached to a rope up to 10 feet long can be swung as a weapon. This is a martial melee weapon.</p>"
        },
        "group": "flail",
        "hardness": 0,
        "hp": {
            "max": 0,
            "value": 0
        },
        "level": {
            "value": 1
        },
        "material": {
            "grade": null,
            "type": null
        },
        "price": {
            "value": {
                "sp": 9
            }
        },
        "publication": {
            "license": "OGL",
            "remaster": false,
            "title": "Pathfinder Lost Omens Pathfinder Society Guide"
        },
        "quantity": 1,
        "range": null,
        "reload": {
            "value": "-"
        },
        "rules": [],
        "runes": {
            "potency": 0,
            "property": [],
            "striking": 0
        },
        "size": "med",
        "splashDamage": {
            "value": 0
        },
        "traits": {
            "rarity": "uncommon",
            "value": [
                "finesse",
                "grapple",
                "tethered",
                "thrown-20"
            ]
        },
        "usage": {
            "value": "held-in-two-hands"
        }
    },
    "type": "weapon"
}
