{
    "_id": "pBPVm5JjKfKX8gaX",
    "img": "icons/weapons/staves/staff-simple.webp",
    "name": "Composer Staff (Major)",
    "system": {
        "baseItem": "staff",
        "bonus": {
            "value": 0
        },
        "bonusDamage": {
            "value": 0
        },
        "bulk": {
            "value": 1
        },
        "category": "simple",
        "containerId": null,
        "damage": {
            "damageType": "bludgeoning",
            "dice": 1,
            "die": "d4"
        },
        "description": {
            "value": "<p>A <em>composer staff</em> is short and shaped like an elegant black conductor's baton with a silver tip. When waved through the air, it hums melodically. In this way, you can play it as though it were an instrument, and it grants a +2 item bonus to Performance checks made with it.</p><hr /><p><strong>Activate</strong> Cast a Spell</p>\n<p><strong>Effect</strong> You expend a number of charges from the staff to cast a spell from its list.</p><ul><li><strong>Cantrip</strong> @UUID[Compendium.pf2e.spells-srd.Item.Haunting Hymn], @UUID[Compendium.pf2e.spells-srd.Item.Summon Instrument]</li><li><strong>1st</strong> @UUID[Compendium.pf2e.spells-srd.Item.Concordant Choir]</li><li><strong>2nd</strong> @UUID[Compendium.pf2e.spells-srd.Item.Sonata Span]</li><li><strong>3rd</strong> @UUID[Compendium.pf2e.spells-srd.Item.Concordant Choir], @UUID[Compendium.pf2e.spells-srd.Item.Roaring Applause], @UUID[Compendium.pf2e.spells-srd.Item.Sculpt Sound]</li><li><strong>4th</strong> @UUID[Compendium.pf2e.spells-srd.Item.Infectious Melody]</li><li><strong>5th</strong> @UUID[Compendium.pf2e.spells-srd.Item.Concordant Choir], @UUID[Compendium.pf2e.spells-srd.Item.Sculpt Sound]</li></ul><hr /><p><strong>Craft Requirements</strong> Supply one casting of all listed ranks of all listed spells.</p>"
        },
        "group": "club",
        "hardness": 0,
        "hp": {
            "max": 0,
            "value": 0
        },
        "level": {
            "value": 12
        },
        "material": {
            "grade": null,
            "type": null
        },
        "price": {
            "value": {
                "gp": 1800
            }
        },
        "publication": {
            "license": "OGL",
            "remaster": false,
            "title": "Pathfinder Treasure Vault"
        },
        "quantity": 1,
        "range": null,
        "reload": {
            "value": ""
        },
        "rules": [
            {
                "domain": "performance",
                "key": "RollOption",
                "label": "PF2E.SpecificRule.PlayingItem",
                "option": "playing",
                "toggleable": true
            },
            {
                "key": "FlatModifier",
                "predicate": [
                    "playing"
                ],
                "selector": "performance",
                "type": "item",
                "value": 2
            }
        ],
        "runes": {
            "potency": 0,
            "property": [],
            "striking": 0
        },
        "size": "med",
        "splashDamage": {
            "value": 0
        },
        "traits": {
            "rarity": "common",
            "value": [
                "magical",
                "staff",
                "two-hand-d8"
            ]
        },
        "usage": {
            "value": "held-in-one-hand"
        }
    },
    "type": "weapon"
}
