{
    "_id": "PFmBfQ4xENK3jX4M",
    "img": "icons/weapons/maces/mace-studded-steel.webp",
    "name": "Conflagration Club",
    "system": {
        "baseItem": "greatclub",
        "bonus": {
            "value": 0
        },
        "bonusDamage": {
            "value": 0
        },
        "bulk": {
            "value": 2
        },
        "category": "martial",
        "containerId": null,
        "damage": {
            "damageType": "bludgeoning",
            "dice": 1,
            "die": "d10"
        },
        "description": {
            "value": "<p>A ring of magical crystals encircles the base of this <em>+1 striking greatclub</em>, allowing it to absorb and store magical energy.</p>\n<hr />\n<p><strong>Activate</strong> <span class=\"action-glyph\">r</span> envision</p>\n<p><strong>Trigger</strong> You Cast a Spell from a spell slot, and the spell has the acid, cold, electricity, fire, or sonic trait</p>\n<p><strong>Requirements</strong> The club has no charges</p>\n<hr />\n<p><strong>Effect</strong> You mentally align the club's crystals to reverberate with energy from the spell. It gains a number of charges equal to the rank of the spell slot, and the charges are attuned to the damage type matching the spell's trait. If the spell has more than one eligible trait, choose one when the charges are stored.</p>\n<hr />\n<p><strong>Activate</strong> <span class=\"action-glyph\">2</span> command, envision (evocation, magical)</p>\n<p><strong>Requirements</strong> The club has at least 1 charge</p>\n<hr />\n<p><strong>Effect</strong> You flip the club around to blast a cone of energy from its base. Each creature in a @Template[cone|distance:15] takes 1d6 damage per charge stored in the club, with a basic Reflex save against your spell DC or DC 19, whichever is greater. The damage type is the same type the charges were attuned to. The club loses all of its charges.</p>"
        },
        "group": "club",
        "hardness": 0,
        "hp": {
            "max": 0,
            "value": 0
        },
        "level": {
            "value": 6
        },
        "material": {
            "grade": null,
            "type": null
        },
        "price": {
            "value": {
                "gp": 250
            }
        },
        "publication": {
            "license": "OGL",
            "remaster": false,
            "title": "Pathfinder Secrets of Magic"
        },
        "quantity": 1,
        "range": null,
        "reload": {
            "value": ""
        },
        "rules": [],
        "runes": {
            "potency": 1,
            "property": [],
            "striking": 1
        },
        "size": "med",
        "specific": {
            "material": {
                "grade": null,
                "type": null
            },
            "runes": {
                "potency": 1,
                "property": [],
                "striking": 1
            }
        },
        "splashDamage": {
            "value": 0
        },
        "traits": {
            "rarity": "common",
            "value": [
                "backswing",
                "magical",
                "shove"
            ]
        },
        "usage": {
            "value": "held-in-two-hands"
        }
    },
    "type": "weapon"
}
