{
    "_id": "k5P9YZO4ARlE4By3",
    "img": "systems/pf2e/icons/equipment/weapons/specific-magic-weapons/crimson-brand.webp",
    "name": "Crimson Brand",
    "system": {
        "baseItem": "bastard-sword",
        "bonus": {
            "value": 1
        },
        "bonusDamage": {
            "value": 0
        },
        "bulk": {
            "value": 1
        },
        "category": "martial",
        "containerId": null,
        "damage": {
            "damageType": "slashing",
            "dice": 1,
            "die": "d8"
        },
        "description": {
            "value": "<p>These ominous swords are decorated with crimson lacquer and serve as perfect conduits for the Crimson Oath's power. The first was granted to Clarethe Iomedar by a mysterious patron who many Reclaimers believe to be an emissary of Ragathiel.</p>\n<p>A crimson brand is a +1 striking @UUID[Compendium.pf2e.equipment-srd.Item.Wounding] bastard sword. When the wielder uses the crimson brand to cast @UUID[Compendium.pf2e.spells-srd.Item.Invoke the Crimson Oath], they can generate a @Template[line|distance:60] or a @Template[cone|distance:30] instead of the normal @Template[cone|distance:20].</p>\n<p>Whenever the wielder would inflict persistent bleed damage on an undead creature with the <em>crimson brand</em>, they can instead wreathe the creature in ruby energy, inflicting the same amount of persistent vitality damage instead of persistent bleed damage.</p>"
        },
        "group": "sword",
        "hardness": 0,
        "hp": {
            "max": 0,
            "value": 0
        },
        "level": {
            "value": 9
        },
        "material": {
            "grade": null,
            "type": null
        },
        "price": {
            "value": {
                "gp": 700
            }
        },
        "publication": {
            "license": "OGL",
            "remaster": false,
            "title": "Pathfinder Lost Omens Character Guide"
        },
        "quantity": 1,
        "range": null,
        "reload": {
            "value": ""
        },
        "rules": [],
        "runes": {
            "potency": 1,
            "property": [
                "wounding"
            ],
            "striking": 1
        },
        "size": "med",
        "specific": {
            "material": {
                "grade": null,
                "type": null
            },
            "runes": {
                "potency": 1,
                "property": [
                    "wounding"
                ],
                "striking": 1
            }
        },
        "splashDamage": {
            "value": null
        },
        "traits": {
            "rarity": "uncommon",
            "value": [
                "magical",
                "two-hand-d12"
            ]
        },
        "usage": {
            "value": "held-in-one-hand"
        }
    },
    "type": "weapon"
}
