{
    "_id": "ivaL0xt33k6QNwQK",
    "img": "systems/pf2e/icons/equipment/alchemical-items/alchemical-bombs/crystal-shards.webp",
    "name": "Crystal Shards (Greater)",
    "system": {
        "baseItem": "alchemical-bomb",
        "bonus": {
            "value": 2
        },
        "bonusDamage": {
            "value": 0
        },
        "bulk": {
            "value": 0.1
        },
        "category": "martial",
        "containerId": null,
        "damage": {
            "damageType": "piercing",
            "dice": 3,
            "die": "d4",
            "persistent": {
                "faces": null,
                "number": 1,
                "type": "bleed"
            }
        },
        "description": {
            "value": "<p><strong>Activate</strong> <span class=\"action-glyph\">A</span> Strike</p><hr /><p>This flask holds a pressurized red-brown gas flecked with bits of sublimated crystal. You gain a +2 item bonus to attack rolls. When the bomb explodes, it deals @Damage[3d4[piercing]] damage and @Damage[(5[splash])[piercing]]{5 piercing splash damage} as the mixture suddenly turns into solid crystals flying at high speeds.</p>\n<p>On a hit, the target takes @Damage[1[persistent,bleed]] damage from the crystals embedded in its flesh. As long as the bleed damage persists, the target also takes a –5-foot penalty to its speed. The target can spend an Interact action to remove the crystals, reducing the DC to stop the bleeding.</p>"
        },
        "group": "bomb",
        "hardness": 0,
        "hp": {
            "max": 0,
            "value": 0
        },
        "level": {
            "value": 12
        },
        "material": {
            "grade": null,
            "type": null
        },
        "price": {
            "value": {
                "gp": 350
            }
        },
        "publication": {
            "license": "ORC",
            "remaster": true,
            "title": "Pathfinder Player Core 2"
        },
        "quantity": 1,
        "range": 20,
        "reload": {
            "value": "-"
        },
        "rules": [
            {
                "key": "Note",
                "selector": "{item|_id}-damage",
                "text": "PF2E.BombNotes.CrystalShards.Note"
            }
        ],
        "runes": {
            "potency": 0,
            "property": [],
            "striking": 0
        },
        "size": "med",
        "splashDamage": {
            "value": 5
        },
        "traits": {
            "rarity": "common",
            "value": [
                "alchemical",
                "bomb",
                "consumable",
                "earth",
                "splash"
            ]
        },
        "usage": {
            "canBeAmmo": false,
            "value": "held-in-one-hand"
        }
    },
    "type": "weapon"
}
