{
    "_id": "1S3RgLWa1DBitB9V",
    "img": "systems/pf2e/icons/equipment/consumables/other-consumables/dagger-of-eternal-sleep.webp",
    "name": "Dagger of Eternal Sleep",
    "system": {
        "baseItem": "dagger",
        "bonus": {
            "value": 1
        },
        "bonusDamage": {
            "value": 0
        },
        "bulk": {
            "value": 0.1
        },
        "category": "simple",
        "containerId": null,
        "damage": {
            "damageType": "piercing",
            "dice": 1,
            "die": "d4"
        },
        "description": {
            "value": "<p>This tiny serrated dagger looks like a miniature sawtooth sabre. Until activated, it is too small and ornamental to function as a weapon, which might allow it to be passed off as a weapon-shaped decoration.</p>\n<p><strong>Activate</strong> <span class=\"action-glyph\">A</span> Interact</p>\n<hr />\n<p><strong>Effect</strong> You transform the dagger of eternal sleep into a +1 @UUID[Compendium.pf2e.equipment-srd.Item.Grievous] striking dagger and Strike an unconscious target with the dagger.</p>\n<p>If you are not in an encounter or otherwise threatened and you roll a hit with your Strike, you get a critical hit instead. The damage from the Strike and the bleed from the critical specialization effect do not awaken the target, though the target becomes temporarily immune to this effect until the next time it wakes up, meaning further daggers of eternal sleep awaken it as normal. The dagger disintegrates immediately after use.</p>"
        },
        "group": "knife",
        "hardness": 0,
        "hp": {
            "max": 0,
            "value": 0
        },
        "level": {
            "value": 5
        },
        "material": {
            "grade": null,
            "type": null
        },
        "price": {
            "value": {
                "gp": 25
            }
        },
        "publication": {
            "license": "OGL",
            "remaster": false,
            "title": "Pathfinder Lost Omens Gods & Magic"
        },
        "quantity": 1,
        "range": null,
        "reload": {
            "value": "-"
        },
        "rules": [],
        "runes": {
            "potency": 1,
            "property": [
                "grievous"
            ],
            "striking": 1
        },
        "size": "med",
        "specific": {
            "material": {
                "grade": null,
                "type": null
            },
            "runes": {
                "potency": 1,
                "property": [
                    "grievous"
                ],
                "striking": 1
            }
        },
        "splashDamage": {
            "value": null
        },
        "traits": {
            "rarity": "uncommon",
            "value": [
                "agile",
                "consumable",
                "finesse",
                "magical",
                "thrown-10",
                "versatile-s"
            ]
        },
        "usage": {
            "value": "held-in-one-hand"
        }
    },
    "type": "weapon"
}
