{
    "_id": "fX63Af9Bf2XVarJu",
    "img": "icons/weapons/polearms/spear-hooked-broad.webp",
    "name": "Dancer's Spear",
    "system": {
        "baseItem": "dancers-spear",
        "bonus": {
            "value": 0
        },
        "bonusDamage": {
            "value": 0
        },
        "bulk": {
            "value": 1
        },
        "category": "martial",
        "containerId": null,
        "damage": {
            "damageType": "piercing",
            "dice": 1,
            "die": "d6"
        },
        "description": {
            "value": "<p>Traditionally a favored weapon in Molthune for settling disputes between military leaders, the dancer's spear has seen a recent resurgence in popularity in the neighboring kingdom of Nirmathas, largely due to its effectiveness at striking down attacking skeletons and other undead from a relatively safe distance. A dancer's spear has a 7-foot-long wooden haft capped with a triangular metal blade at one end, counterbalanced on the other end with a reinforced metal sleeve that, in a pinch, can be used as an effective striking surface.</p>"
        },
        "group": "spear",
        "hardness": 0,
        "hp": {
            "max": 0,
            "value": 0
        },
        "level": {
            "value": 0
        },
        "material": {
            "grade": null,
            "type": null
        },
        "price": {
            "value": {
                "gp": 3
            }
        },
        "publication": {
            "license": "OGL",
            "remaster": false,
            "title": "Pathfinder Treasure Vault"
        },
        "quantity": 1,
        "range": null,
        "reload": {
            "value": ""
        },
        "rules": [],
        "runes": {
            "potency": 0,
            "property": [],
            "striking": 0
        },
        "size": "med",
        "splashDamage": {
            "value": 0
        },
        "traits": {
            "rarity": "common",
            "value": [
                "backswing",
                "finesse",
                "reach",
                "sweep",
                "versatile-b"
            ]
        },
        "usage": {
            "value": "held-in-two-hands"
        }
    },
    "type": "weapon"
}
