{
    "_id": "wpvfykcSSbg27DgU",
    "img": "systems/pf2e/icons/equipment/weapons/dart-umbrella.webp",
    "name": "Dart Umbrella",
    "system": {
        "baseItem": null,
        "bonus": {
            "value": 0
        },
        "bonusDamage": {
            "value": 0
        },
        "bulk": {
            "value": 1
        },
        "category": "martial",
        "containerId": null,
        "damage": {
            "damageType": "piercing",
            "dice": 1,
            "die": ""
        },
        "description": {
            "value": "<p>This umbrella fires tiny blowgun darts from its ferrule with a twist of the handle. The darts are loaded into the shaft, and though the damage they deal is minimal, the dart umbrella is an inconspicuous weapon easy to slip past inspections.</p>"
        },
        "group": "dart",
        "hardness": 0,
        "hp": {
            "max": 0,
            "value": 0
        },
        "level": {
            "value": 0
        },
        "material": {
            "grade": null,
            "type": null
        },
        "price": {
            "value": {
                "gp": 1
            }
        },
        "publication": {
            "license": "ORC",
            "remaster": true,
            "title": "Pathfinder Guns & Gears"
        },
        "quantity": 1,
        "range": 30,
        "reload": {
            "value": "1"
        },
        "rules": [],
        "runes": {
            "potency": 0,
            "property": [],
            "striking": 0
        },
        "size": "med",
        "splashDamage": {
            "value": 0
        },
        "traits": {
            "rarity": "uncommon",
            "value": [
                "agile",
                "concealable",
                "nonlethal"
            ]
        },
        "usage": {
            "value": "held-in-one-hand"
        }
    },
    "type": "weapon"
}
