{
    "_id": "VYmdcWj6VmUrTxJI",
    "img": "icons/weapons/daggers/dagger-crooked-black.webp",
    "name": "Deathseeker",
    "system": {
        "baseItem": "kris",
        "bonus": {
            "value": 0
        },
        "bonusDamage": {
            "value": 0
        },
        "bulk": {
            "value": 0.1
        },
        "category": "martial",
        "containerId": null,
        "damage": {
            "damageType": "piercing",
            "dice": 1,
            "die": "d4"
        },
        "description": {
            "value": "<p>A hauntingly beautiful and masterfully crafted blade, this <em>+1 striking wounding kris</em> has been whet with the spilled blood of its creator, imbuing violent intent within its crimson curves. When you critically succeed at a Strike made with a deathseeker, the target feels the blade's unbridled bloodlust trying to consume it and must attempt a @Check[will|dc:24|traits:incapacitation] save; this effect has the incapacitation trait.</p><hr /><p><strong>Critical Success</strong> The target is unaffected and is temporarily immune for 24 hours.</p>\n<p><strong>Success</strong> The target takes an additional 1 persistent bleed damage, and the DC for recovering from persistent bleed damage is 17, or 12 with particularly effective assistance.</p>\n<p><strong>Failure</strong> As success, except the target is also @UUID[Compendium.pf2e.conditionitems.Item.Confused] for 1 round. It gets a flat check to recover from this confusion when it critically succeeds at a Strike against another creature or reduces another living being to 0 Hit Points, but not when it takes damage.</p>\n<p><strong>Critical Failure</strong> As success, except the target is also confused for 3 rounds. It gets a flat check to recover from this confusion when it critically succeeds at a Strike against another creature or reduces another living being to 0 Hit Points, but not when it takes damage.</p>"
        },
        "group": "knife",
        "hardness": 0,
        "hp": {
            "max": 0,
            "value": 0
        },
        "level": {
            "value": 8
        },
        "material": {
            "grade": null,
            "type": null
        },
        "price": {
            "value": {
                "gp": 500
            }
        },
        "publication": {
            "license": "ORC",
            "remaster": true,
            "title": "Pathfinder Lost Omens Tian Xia Character Guide"
        },
        "quantity": 1,
        "range": null,
        "reload": {
            "value": ""
        },
        "rules": [],
        "runes": {
            "potency": 1,
            "property": [
                "wounding"
            ],
            "striking": 1
        },
        "size": "med",
        "specific": {
            "material": {
                "grade": null,
                "type": null
            },
            "runes": {
                "potency": 1,
                "property": [
                    "wounding"
                ],
                "striking": 1
            }
        },
        "splashDamage": {
            "value": 0
        },
        "traits": {
            "rarity": "common",
            "value": [
                "agile",
                "deadly-d8",
                "finesse",
                "magical"
            ]
        },
        "usage": {
            "value": "held-in-one-hand"
        }
    },
    "type": "weapon"
}
