{
    "_id": "zXUmfJEBQ7Pfovve",
    "img": "systems/pf2e/icons/default-icons/weapon.svg",
    "name": "Deflecting Branch",
    "system": {
        "baseItem": "greatclub",
        "bonus": {
            "value": 0
        },
        "bonusDamage": {
            "value": 0
        },
        "bulk": {
            "value": 2
        },
        "category": "martial",
        "containerId": null,
        "damage": {
            "damageType": "bludgeoning",
            "dice": 1,
            "die": "d10"
        },
        "description": {
            "value": "<p>This massive branch has been cut into a general club shape but still bears several knots and has a number of runes carved along its length. The <em>deflecting branch</em> is a <em>+2 greater striking greatclub</em>.</p>\n<p>On a critical hit, you knock the target @UUID[Compendium.pf2e.conditionitems.Item.Prone].</p>\n<hr />\n<p><strong>Activate</strong> <span class=\"action-glyph\">r</span> Interact</p>\n<p><strong>Frequency</strong> once per minute</p>\n<p><strong>Trigger</strong> You are the target of a physical ranged attack</p>\n<p><strong>Requirements</strong> You're aware of the attack and are not @UUID[Compendium.pf2e.conditionitems.Item.Off-Guard] against it</p>\n<hr />\n<p><strong>Effect</strong> You gain a +4 circumstance bonus to AC against the triggering attack. If the attack misses, you have knocked it away. You can't use this ability to deflect unusually massive ranged projectiles (such as boulders or ballista bolts).</p>\n<hr />\n<p><strong>Activate</strong> <span class=\"action-glyph\">f</span> Interact</p>\n<p><strong>Frequency</strong> once per hour</p>\n<p><strong>Trigger</strong> You knock away a physical ranged attack by using the deflecting branch's other activation</p>\n<hr />\n<p><strong>Effect</strong> You swing the club and reflect the oncoming attack. The attack is redirected toward a creature within 60 feet. Make a ranged attack against the creature using your highest proficiency with a ranged weapon.</p>"
        },
        "group": "club",
        "hardness": 0,
        "hp": {
            "max": 0,
            "value": 0
        },
        "level": {
            "value": 14
        },
        "material": {
            "grade": null,
            "type": null
        },
        "price": {
            "value": {
                "gp": 4500
            }
        },
        "publication": {
            "license": "OGL",
            "remaster": false,
            "title": "Pathfinder #172: Secrets of the Temple-City"
        },
        "quantity": 1,
        "range": null,
        "reload": {
            "value": ""
        },
        "rules": [
            {
                "domain": "ac",
                "key": "RollOption",
                "option": "deflecting-branch",
                "toggleable": true
            },
            {
                "key": "FlatModifier",
                "predicate": [
                    "deflecting-branch"
                ],
                "selector": "ac",
                "type": "circumstance",
                "value": 4
            }
        ],
        "runes": {
            "potency": 2,
            "property": [],
            "striking": 2
        },
        "size": "med",
        "specific": {
            "material": {
                "grade": null,
                "type": null
            },
            "runes": {
                "potency": 2,
                "property": [],
                "striking": 2
            }
        },
        "splashDamage": {
            "value": 0
        },
        "traits": {
            "rarity": "uncommon",
            "value": [
                "backswing",
                "magical",
                "shove"
            ]
        },
        "usage": {
            "value": "held-in-two-hands"
        }
    },
    "type": "weapon"
}
