{
    "_id": "Ey3AowmoC3Fo0OJ9",
    "img": "icons/containers/kitchenware/jug-wrapped-red.webp",
    "name": "Defoliation Bomb (Major)",
    "system": {
        "baseItem": "alchemical-bomb",
        "bonus": {
            "value": 3
        },
        "bonusDamage": {
            "value": 0
        },
        "bulk": {
            "value": 0.1
        },
        "category": "martial",
        "containerId": null,
        "damage": {
            "damageType": "void",
            "dice": 4,
            "die": "d6",
            "persistent": {
                "faces": 4,
                "number": 4,
                "type": "void"
            }
        },
        "description": {
            "value": "<p><strong>Activate</strong> <span class=\"action-glyph\">1</span> Strike</p>\n<hr />\n<p>This brightly painted ceramic sphere contains chemicals that cause plants to wither and die. You gain a +3 item bonus to attack rolls. A defoliation bomb deals the 4d6 void damage, 4d4 persistent void damage, and 4 void splash damage to all plants in the area. Non-creature plants in the area immediately wither and die.</p>"
        },
        "group": "bomb",
        "hardness": 0,
        "hp": {
            "max": 0,
            "value": 0
        },
        "level": {
            "value": 18
        },
        "material": {
            "grade": null,
            "type": null
        },
        "price": {
            "value": {
                "gp": 3600
            }
        },
        "publication": {
            "license": "ORC",
            "remaster": true,
            "title": "Pathfinder #202: Severed at the Root"
        },
        "quantity": 1,
        "range": 20,
        "reload": {
            "value": "-"
        },
        "rules": [],
        "runes": {
            "potency": 0,
            "property": [],
            "striking": 0
        },
        "size": "med",
        "splashDamage": {
            "value": 4
        },
        "traits": {
            "rarity": "uncommon",
            "value": [
                "alchemical",
                "bomb",
                "consumable",
                "splash",
                "void"
            ]
        },
        "usage": {
            "canBeAmmo": false,
            "value": "held-in-one-hand"
        }
    },
    "type": "weapon"
}
