{
    "_id": "kP51e5Ul3Q1fusSg",
    "img": "systems/pf2e/icons/equipment/weapons/air-repeater.webp",
    "name": "Dezullon Fountain",
    "system": {
        "baseItem": "air-repeater",
        "bonus": {
            "value": 0
        },
        "bonusDamage": {
            "value": 0
        },
        "bulk": {
            "value": 0.1
        },
        "category": "simple",
        "containerId": null,
        "damage": {
            "damageType": "acid",
            "dice": 1,
            "die": "d4"
        },
        "description": {
            "value": "<p>A <em>dezullon fountain</em> is a distinct type of <em>+2 striking air repeater</em> made from the still-living pitcher of a dezullon, dealing acid damage instead of the gun's normal piercing damage.</p>\n<p><strong>Activate</strong> <span class=\"action-glyph\">1</span> command</p>\n<p><strong>Frequency</strong> once per day</p>\n<hr />\n<p><strong>Effect</strong> The next creature you successfully Strike with this weapon is exposed to amnesia venom.</p>\n<p><strong>Amnesia Venom</strong> (mental, poison)</p>\n<p><strong>Saving Throw</strong> @Check[fortitude|dc:29|traits:mental,poison]</p>\n<p><strong>Maximum Duration</strong> 6 rounds</p>\n<p><strong>Stage 1</strong> @UUID[Compendium.pf2e.conditionitems.Item.Off-Guard] (1 round)</p>\n<p><strong>Stage 2</strong> off-guard and @UUID[Compendium.pf2e.conditionitems.Item.Clumsy]{Clumsy 1} (1 round)</p>\n<p><strong>Stage 3</strong> @UUID[Compendium.pf2e.conditionitems.Item.Confused], off-guard, and @UUID[Compendium.pf2e.conditionitems.Item.Clumsy]{Clumsy 2} (1 round)</p>\n<hr />\n<p><strong>Craft Requirements</strong> The initial raw materials must include a pitcher from a dezullon or similar creature.</p>"
        },
        "group": "firearm",
        "hardness": 0,
        "hp": {
            "max": 0,
            "value": 0
        },
        "level": {
            "value": 11
        },
        "material": {
            "grade": null,
            "type": null
        },
        "price": {
            "value": {
                "gp": 1300
            }
        },
        "publication": {
            "license": "OGL",
            "remaster": false,
            "title": "Pathfinder Treasure Vault"
        },
        "quantity": 1,
        "range": 30,
        "reload": {
            "value": "0"
        },
        "rules": [],
        "runes": {
            "potency": 2,
            "property": [],
            "striking": 1
        },
        "size": "med",
        "specific": {
            "material": {
                "grade": null,
                "type": null
            },
            "runes": {
                "potency": 2,
                "property": [],
                "striking": 1
            }
        },
        "splashDamage": {
            "value": 0
        },
        "traits": {
            "rarity": "uncommon",
            "value": [
                "acid",
                "agile",
                "plant",
                "repeating"
            ]
        },
        "usage": {
            "value": "held-in-one-hand"
        }
    },
    "type": "weapon"
}
