{
    "_id": "6rWcLbV82KYwaHo1",
    "img": "systems/pf2e/icons/equipment/weapons/specific-magic-weapons/dog-bone-knife.webp",
    "name": "Dog-Bone Knife",
    "system": {
        "baseItem": "dagger",
        "bonus": {
            "value": 0
        },
        "bonusDamage": {
            "value": 0
        },
        "bulk": {
            "value": 1
        },
        "category": "simple",
        "containerId": null,
        "damage": {
            "damageType": "piercing",
            "dice": 1,
            "die": "d4"
        },
        "description": {
            "value": "<p>The blade of this <em>+1 striking dagger</em> is made from the thigh bone of a canine that died in the act of protecting its master. A werecreature or other creature willingly under the effects of a non-permanent polymorph effect damaged by a <em>dog-bone knife</em> must attempt a @Check[will|dc:19] save or immediately revert to its natural form-this has no effect on a creature unwillingly polymorphed. On a successful save, the creature is temporarily immune to this effect for 1 minute. Kushtakas and other creatures vulnerable to canines take a -2 circumstance penalty to saves against this effect, and this weapon overcomes any resistance such creatures have to physical attacks.</p>"
        },
        "group": "knife",
        "hardness": 0,
        "hp": {
            "max": 0,
            "value": 0
        },
        "level": {
            "value": 5
        },
        "material": {
            "grade": null,
            "type": null
        },
        "price": {
            "value": {
                "gp": 150
            }
        },
        "publication": {
            "license": "OGL",
            "remaster": false,
            "title": "Pathfinder Dark Archive"
        },
        "quantity": 1,
        "range": null,
        "reload": {
            "value": ""
        },
        "rules": [],
        "runes": {
            "potency": 1,
            "property": [],
            "striking": 1
        },
        "size": "med",
        "specific": {
            "material": {
                "base": [
                    {
                        "thickness": "thin",
                        "type": "steel"
                    }
                ],
                "grade": null,
                "type": null
            },
            "runes": {
                "potency": 1,
                "property": [],
                "striking": 1
            }
        },
        "splashDamage": {
            "value": 0
        },
        "traits": {
            "rarity": "uncommon",
            "value": [
                "agile",
                "finesse",
                "thrown-10",
                "versatile-s"
            ]
        },
        "usage": {
            "canBeAmmo": false,
            "value": "held-in-one-hand"
        }
    },
    "type": "weapon"
}
