{
    "_id": "Po1oeTDUaSUxeZxG",
    "img": "systems/pf2e/icons/equipment/weapons/donchak.webp",
    "name": "Donchak",
    "system": {
        "baseItem": "donchak",
        "bonus": {
            "value": 0
        },
        "bonusDamage": {
            "value": 0
        },
        "bulk": {
            "value": 2
        },
        "category": "advanced",
        "containerId": null,
        "damage": {
            "damageType": "slashing",
            "dice": 1,
            "die": "d6"
        },
        "description": {
            "value": "<p>This long metal pole has a large chakram attached at the end. A mechanism within the handle allows the wielder to launch and retract the chakram, which is connected with wire to the inside of the weapon. The donchak is seldom seen used outside training scenarios.</p>"
        },
        "group": "polearm",
        "hardness": 0,
        "hp": {
            "max": 0,
            "value": 0
        },
        "level": {
            "value": 0
        },
        "material": {
            "grade": null,
            "type": null
        },
        "price": {
            "value": {
                "gp": 4
            }
        },
        "publication": {
            "license": "OGL",
            "remaster": false,
            "title": "Pathfinder Lost Omens Impossible Lands"
        },
        "quantity": 1,
        "range": null,
        "reload": {
            "value": ""
        },
        "rules": [],
        "runes": {
            "potency": 0,
            "property": [],
            "striking": 0
        },
        "size": "med",
        "splashDamage": {
            "value": 0
        },
        "traits": {
            "rarity": "uncommon",
            "value": [
                "hampering",
                "reach",
                "tethered",
                "thrown-20"
            ]
        },
        "usage": {
            "canBeAmmo": false,
            "value": "held-in-two-hands"
        }
    },
    "type": "weapon"
}
