{
    "_id": "BzVwQ0Go1GFp9R0U",
    "img": "icons/equipment/hand/gauntlet-simple-leather-brown-gold.webp",
    "name": "Dragon Handwraps",
    "system": {
        "apex": {
            "attribute": "str"
        },
        "baseItem": null,
        "bonus": {
            "value": 1
        },
        "bonusDamage": {
            "value": 0
        },
        "bulk": {
            "value": 0
        },
        "category": "unarmed",
        "containerId": null,
        "damage": {
            "damageType": "bludgeoning",
            "dice": 1,
            "die": "d4"
        },
        "description": {
            "value": "<p>These silken handwraps feature intricate embroidery of a serpentine red dragon adorned with golden thread. The handwraps function as +3 major striking greater flaming handwraps of mighty blows. You also gain a +4 item bonus to Athletics checks made to @UUID[Compendium.pf2e.actionspf2e.Item.Grapple] or @UUID[Compendium.pf2e.actionspf2e.Item.Shove]. When you invest the handwraps, you either increase your Strength modifier by 1 or increase it to +4, whichever is higher.</p>\n<p><strong>Activate</strong> <span class=\"action-glyph\">2</span> Interact</p>\n<p><strong>Frequency</strong> once per day</p>\n<hr />\n<p><strong>Effect</strong> You slap the bottom of your palms with hands splayed outward, casting a 7th-rank @UUID[Compendium.pf2e.spells-srd.Item.Breathe Fire] spell (DC 41).</p>\n<hr />\n<p><strong>Activate</strong> <span class=\"action-glyph\">F</span> envision</p>\n<p><strong>Frequency</strong> once per hour</p>\n<p><strong>Trigger</strong> You succeed or critically succeed with a Grapple</p>\n<hr />\n<p><strong>Effect</strong> You gain a +2 status bonus to your Athletics DC against any checks made to @UUID[Compendium.pf2e.actionspf2e.Item.Escape] your grapple until the end of your next turn.</p>"
        },
        "group": "brawling",
        "hardness": 0,
        "hp": {
            "max": 0,
            "value": 0
        },
        "level": {
            "value": 20
        },
        "material": {
            "grade": null,
            "type": null
        },
        "price": {
            "value": {
                "gp": 80000
            }
        },
        "publication": {
            "license": "OGL",
            "remaster": false,
            "title": "Pathfinder Treasure Vault"
        },
        "quantity": 1,
        "range": null,
        "reload": {
            "value": ""
        },
        "rules": [
            {
                "key": "FlatModifier",
                "predicate": [
                    {
                        "or": [
                            "action:grapple",
                            "action:shove"
                        ]
                    }
                ],
                "selector": "athletics",
                "type": "item",
                "value": 4
            }
        ],
        "runes": {
            "potency": 3,
            "property": [
                "greaterFlaming"
            ],
            "striking": 3
        },
        "size": "med",
        "specific": {
            "material": {
                "grade": null,
                "type": null
            },
            "runes": {
                "potency": 3,
                "property": [
                    "greaterFlaming"
                ],
                "striking": 3
            }
        },
        "splashDamage": {
            "value": 0
        },
        "traits": {
            "otherTags": [
                "handwraps-of-mighty-blows"
            ],
            "rarity": "common",
            "value": [
                "agile",
                "apex",
                "finesse",
                "invested",
                "magical",
                "nonlethal",
                "unarmed"
            ]
        },
        "usage": {
            "value": "worngloves"
        }
    },
    "type": "weapon"
}
