{
    "_id": "tEI1WOo4ZRJ5cI0K",
    "img": "icons/weapons/staves/staff-simple.webp",
    "name": "Dragonprism Staff",
    "system": {
        "baseItem": "staff",
        "bonus": {
            "value": 0
        },
        "bonusDamage": {
            "value": 0
        },
        "bulk": {
            "value": 1
        },
        "category": "simple",
        "containerId": null,
        "damage": {
            "damageType": "bludgeoning",
            "dice": 1,
            "die": "d4"
        },
        "description": {
            "value": "<p>A multi-hued array of scales covers a <em>dragonprism staff</em>, forming a gradient of color, and a dragon's claw holds a gem upon the staff's head. Dragons give allies these staves as a mark of esteem. While wielding a <em>dragonprism staff</em> you seem fiercer, gaining a +1 circumstance bonus to Intimidation checks to @UUID[Compendium.pf2e.actionspf2e.Item.Demoralize].</p>\n<hr />\n<p><strong>Activate</strong> Cast a Spell</p>\n<p><strong>Effect</strong> You expend a number of charges from the staff to cast a spell from its list.</p>\n<ul>\n<li><strong>Cantrip</strong> @UUID[Compendium.pf2e.spells-srd.Item.Gouging Claw], @UUID[Compendium.pf2e.spells-srd.Item.Puff of Poison]</li>\n<li><strong>1st</strong> @UUID[Compendium.pf2e.spells-srd.Item.Breathe Fire], @UUID[Compendium.pf2e.spells-srd.Item.Fear]</li>\n<li><strong>2nd</strong> @UUID[Compendium.pf2e.spells-srd.Item.Acid Arrow], @UUID[Compendium.pf2e.spells-srd.Item.Resist Energy]</li>\n<li><strong>3rd</strong> @UUID[Compendium.pf2e.spells-srd.Item.Fear], @UUID[Compendium.pf2e.spells-srd.Item.Lightning Bolt]</li>\n<li><strong>4th</strong> @UUID[Compendium.pf2e.spells-srd.Item.Fly], @UUID[Compendium.pf2e.spells-srd.Item.Reflective Scales]</li>\n<li><strong>5th</strong> @UUID[Compendium.pf2e.spells-srd.Item.Cone of Cold], @UUID[Compendium.pf2e.spells-srd.Item.Summon Dragon]</li>\n<li><strong>6th</strong> @UUID[Compendium.pf2e.spells-srd.Item.Dragon Form], @UUID[Compendium.pf2e.spells-srd.Item.Reflective Scales], @UUID[Compendium.pf2e.spells-srd.Item.Summon Dragon]</li>\n</ul>\n<hr />\n<p><strong>Craft Requirements</strong> Supply one casting of all listed levels of all listed spells.</p>"
        },
        "group": "club",
        "hardness": 0,
        "hp": {
            "max": 0,
            "value": 0
        },
        "level": {
            "value": 14
        },
        "material": {
            "grade": null,
            "type": null
        },
        "price": {
            "value": {
                "gp": 4500
            }
        },
        "publication": {
            "license": "OGL",
            "remaster": false,
            "title": "Pathfinder Treasure Vault"
        },
        "quantity": 1,
        "range": null,
        "reload": {
            "value": ""
        },
        "rules": [
            {
                "key": "FlatModifier",
                "predicate": [
                    "action:demoralize"
                ],
                "selector": "intimidation",
                "type": "circumstance",
                "value": 1
            }
        ],
        "runes": {
            "potency": 0,
            "property": [],
            "striking": 0
        },
        "size": "med",
        "splashDamage": {
            "value": 0
        },
        "traits": {
            "rarity": "common",
            "value": [
                "magical",
                "staff",
                "two-hand-d8"
            ]
        },
        "usage": {
            "value": "held-in-one-hand"
        }
    },
    "type": "weapon"
}
