{
    "_id": "l3IOo6AiQj7pxPhB",
    "img": "systems/pf2e/icons/equipment/weapons/shield-boss.webp",
    "name": "Dragon's Crest",
    "system": {
        "baseItem": "shield-boss",
        "bonus": {
            "value": 0
        },
        "bonusDamage": {
            "value": 0
        },
        "bulk": {
            "value": 0
        },
        "category": "martial",
        "containerId": null,
        "damage": {
            "damageType": "bludgeoning",
            "dice": 1,
            "die": "d6"
        },
        "description": {
            "value": "<p>This variant on the shield boss is usually shaped like a dragon's head, its jaws open wide enough to wedge a small vessel of liquid within. A dragon's crest can be etched with weapon runes, much like a shield boss or shield spikes, but doesn't otherwise alter your shield's statistics. A shield bearing a dragon's crest can't be combined with an attached weapon, like shield spikes.</p>\n<p>You can use an Interact action to wedge an alchemical bomb into the crest's jaws. While a bomb is wedged in the shield, you take a -1 penalty to attack rolls with the shield. When you successfully Strike a creature with the shield, the vessel shatters, exposing the creature you hit-and yourself-to the substance within. This counts as a successful hit with the bomb against the creature if it's adjacent to you or a successful hit against the appropriate adjacent square if it's not. The bomb deals splash damage as normal to surrounding creatures, including you. In addition, the bomb deals full damage to the attached shield.</p>"
        },
        "group": "shield",
        "hardness": 0,
        "hp": {
            "max": 0,
            "value": 0
        },
        "level": {
            "value": 1
        },
        "material": {
            "grade": null,
            "type": null
        },
        "price": {
            "value": {
                "gp": 10
            }
        },
        "publication": {
            "license": "OGL",
            "remaster": false,
            "title": "Pathfinder Lost Omens The Grand Bazaar"
        },
        "quantity": 1,
        "range": null,
        "reload": {
            "value": ""
        },
        "rules": [
            {
                "domain": "all",
                "key": "RollOption",
                "label": "Bomb attached to Dragon's Crest",
                "option": "bomb-attached",
                "toggleable": true
            },
            {
                "key": "FlatModifier",
                "predicate": [
                    "bomb-attached"
                ],
                "selector": "{item|_id}-attack",
                "value": -1
            }
        ],
        "runes": {
            "potency": 0,
            "property": [],
            "striking": 0
        },
        "size": "med",
        "splashDamage": {
            "value": 0
        },
        "traits": {
            "rarity": "uncommon",
            "value": [
                "attached-to-shield"
            ]
        },
        "usage": {
            "value": "held-in-one-hand"
        }
    },
    "type": "weapon"
}
