{
    "_id": "SQrkh42q3EYgygx8",
    "img": "systems/pf2e/icons/default-icons/weapon.svg",
    "name": "Dragontooth Club",
    "system": {
        "baseItem": "leiomano",
        "bonus": {
            "value": 0
        },
        "bonusDamage": {
            "value": 0
        },
        "bulk": {
            "value": 1
        },
        "category": "martial",
        "containerId": null,
        "damage": {
            "damageType": "slashing",
            "dice": 1,
            "die": "d6"
        },
        "description": {
            "value": "<p>Dragon teeth line the edges of this <em>+2 greater striking leiomano</em>. The leiomano also has a flaming, frost, shock, or corrosive rune, as appropriate for the dragon from which the teeth were taken, which also grants the weapon the associated energy trait (for instance, fire for a club made with teeth taken from a red dragon).</p>\n<p><strong>Activate</strong> <span class=\"action-glyph\">2</span> Interact (evocation, magical)</p>\n<p><strong>Frequency</strong> once per minute</p>\n<hr />\n<p><strong>Effect</strong> You swing the leiomano, sending several of the dragon teeth shooting through the air on jets of energy. The dragon teeth deal @Damage[3d6[piercing]] and 3d6 damage of the energy type corresponding to the weapon in a @Template[cone|distance:15] (@Check[reflex|dc:29|basic]). The teeth hunt down their targets, correcting their flight in midair, which reduces any circumstance bonus from cover by 2.</p>\n<hr />\n<p><strong>Craft Requirements</strong> The initial raw materials must include teeth from a dragon with a breath weapon that deals acid, cold, electricity, fire, or poison damage.</p>"
        },
        "group": "club",
        "hardness": 0,
        "hp": {
            "max": 0,
            "value": 0
        },
        "level": {
            "value": 13
        },
        "material": {
            "grade": null,
            "type": null
        },
        "price": {
            "value": {
                "gp": 3000
            }
        },
        "publication": {
            "license": "OGL",
            "remaster": false,
            "title": "Pathfinder Treasure Vault"
        },
        "quantity": 1,
        "range": null,
        "reload": {
            "value": ""
        },
        "rules": [],
        "runes": {
            "potency": 2,
            "property": [],
            "striking": 2
        },
        "size": "med",
        "specific": {
            "material": {
                "grade": null,
                "type": null
            },
            "runes": {
                "potency": 2,
                "property": [],
                "striking": 2
            }
        },
        "splashDamage": {
            "value": 0
        },
        "traits": {
            "rarity": "uncommon",
            "value": [
                "fatal-d10",
                "versatile-s"
            ]
        },
        "usage": {
            "value": "held-in-one-hand"
        }
    },
    "type": "weapon"
}
