{
    "_id": "Gfu13B6b9eDdHCtV",
    "img": "systems/pf2e/icons/default-icons/weapon.svg",
    "name": "Drake Rifle (Fire)",
    "system": {
        "baseItem": null,
        "bonus": {
            "value": 0
        },
        "bonusDamage": {
            "value": 0
        },
        "bulk": {
            "value": 2
        },
        "category": "martial",
        "containerId": null,
        "damage": {
            "damageType": "fire",
            "dice": 1,
            "die": "d10"
        },
        "description": {
            "value": "<p>A drake rifle is a firearm made from the saliva glands of a drake. The firearm launches small bursts of empowered spittle instead of typical rounds of ammunition. A drake rifle is a +1 weapon. It's a distinct type of martial firearm that deals 1d10 fire damage with a range increment of 150 feet and reload 1. On a critical hit, the spittle clings to the target and they take persistent damage of the same type as the weapon equal to @Damage[(1d4 + @item.system.damage.dice)[persistent,@item.system.damage.damageType]]{1d4 + the number of weapon damage dice}. A drake rifle does not add critical specialization effects.</p><hr /><p><strong>Activate—Drake Shot</strong> <span class=\"action-glyph\">3</span> (manipulate)</p>\n<p><strong>Frequency</strong> once per day</p>\n<p><strong>Effect</strong> You fire a large, specialized burst designed to hamper your foes. Make a ranged Strike with the drake rifle. As long as the Strike isn't a critical failure, the drake rifle deals @Damage[(1 * @item.system.damage.dice[splash])[@item.system.damage.damageType]]{1 splash damage per weapon damage die} to the target and creatures within @Template[burst|distance:5]{5 feet} of the target. This splash damage is of the same type as its normal damage.</p>\n<p>On a hit, the drake rifle provides one of the following additional effects based on its damage type:</p><ul><li><strong>Fire</strong> A massive explosion knocks the target back. The target is pushed 10 feet away from you, and if it's on the ground, it falls @UUID[Compendium.pf2e.conditionitems.Item.Prone].</li></ul><hr /><p><strong>Craft Requirements</strong> The initial raw materials must include the saliva glands of a ritually hunted drake with a breath weapon that deals the appropriate damage type for the drake rifle</p>"
        },
        "group": "firearm",
        "hardness": 0,
        "hp": {
            "max": 0,
            "value": 0
        },
        "level": {
            "value": 4
        },
        "material": {
            "grade": null,
            "type": null
        },
        "price": {
            "value": {
                "gp": 100
            }
        },
        "publication": {
            "license": "ORC",
            "remaster": true,
            "title": "Pathfinder Guns & Gears"
        },
        "quantity": 1,
        "range": 150,
        "reload": {
            "value": "1"
        },
        "rules": [
            {
                "alternate": true,
                "key": "CriticalSpecialization",
                "predicate": [
                    "item:id:{item|_id}"
                ],
                "text": "PF2E.SpecificRule.Equipment.DrakeRifle.CriticalSpecialization"
            },
            {
                "key": "Note",
                "outcome": [
                    "success",
                    "criticalSuccess"
                ],
                "selector": "{item|_id}-damage",
                "text": "PF2E.SpecificRule.Equipment.DrakeRifle.Note.Fire",
                "title": "PF2E.Check.Result.Degree.Check.success"
            },
            {
                "category": "persistent",
                "critical": true,
                "damageType": "fire",
                "diceNumber": 1,
                "dieSize": "d4",
                "key": "DamageDice",
                "selector": "{item|id}-damage"
            },
            {
                "critical": true,
                "damageCategory": "persistent",
                "key": "FlatModifier",
                "selector": "{item|id}-damage",
                "type": "item",
                "value": "@weapon.system.damage.dice"
            }
        ],
        "runes": {
            "potency": 1,
            "property": [],
            "striking": 0
        },
        "size": "med",
        "specific": {
            "material": {
                "grade": null,
                "type": null
            },
            "runes": {
                "potency": 1,
                "property": [],
                "striking": 0
            }
        },
        "splashDamage": {
            "value": 0
        },
        "traits": {
            "rarity": "uncommon",
            "value": [
                "magical"
            ]
        },
        "usage": {
            "value": "held-in-two-hands"
        }
    },
    "type": "weapon"
}
