{
    "_id": "IvFEJqp2MUew65nQ",
    "img": "systems/pf2e/icons/equipment/alchemical-items/alchemical-bombs/dread-ampoule.webp",
    "name": "Dread Ampoule (Moderate)",
    "system": {
        "baseItem": "alchemical-bomb",
        "bonus": {
            "value": 1
        },
        "bonusDamage": {
            "value": 0
        },
        "bulk": {
            "value": 0.1
        },
        "category": "martial",
        "containerId": null,
        "damage": {
            "damageType": "mental",
            "dice": 2,
            "die": "d6"
        },
        "description": {
            "value": "<p><strong>Activate</strong> <span class=\"action-glyph\">A</span> Strike</p>\n<hr />\n<p>This flask is filled with a murky purple gas that briefly interferes with normal brain activity. A dread ampoule deals 2d6 mental damage and 2 mental splash damage.</p>\n<p>On a hit, the target becomes @UUID[Compendium.pf2e.conditionitems.Item.Frightened]{Frightened 1}, or @UUID[Compendium.pf2e.conditionitems.Item.Frightened]{Frightened 2} on a critical hit. Many types also grant an item bonus to attack rolls.</p>\n<p>You gain a +1 item bonus to attack rolls.</p>"
        },
        "group": "bomb",
        "hardness": 0,
        "hp": {
            "max": 0,
            "value": 0
        },
        "level": {
            "value": 3
        },
        "material": {
            "grade": null,
            "type": null
        },
        "price": {
            "value": {
                "gp": 10
            }
        },
        "publication": {
            "license": "ORC",
            "remaster": true,
            "title": "Pathfinder GM Core"
        },
        "quantity": 1,
        "range": 20,
        "reload": {
            "value": "-"
        },
        "rules": [
            {
                "key": "Note",
                "outcome": [
                    "success"
                ],
                "selector": "{item|_id}-damage",
                "text": "PF2E.BombNotes.DreadAmpoule.Note.success"
            },
            {
                "key": "Note",
                "outcome": [
                    "criticalSuccess"
                ],
                "selector": "{item|_id}-damage",
                "text": "PF2E.BombNotes.DreadAmpoule.Note.criticalSuccess"
            }
        ],
        "runes": {
            "potency": 0,
            "property": [],
            "striking": 0
        },
        "size": "med",
        "splashDamage": {
            "value": 2
        },
        "traits": {
            "rarity": "common",
            "value": [
                "alchemical",
                "bomb",
                "consumable",
                "emotion",
                "fear",
                "mental",
                "poison",
                "splash"
            ]
        },
        "usage": {
            "canBeAmmo": false,
            "value": "held-in-one-hand"
        }
    },
    "type": "weapon"
}
