{
    "_id": "B9BYJQt5Jlwv2cxv",
    "img": "icons/consumables/fruit/durian-cut-yellow.webp",
    "name": "Durian Bomb (Moderate)",
    "system": {
        "baseItem": "alchemical-bomb",
        "bonus": {
            "value": 1
        },
        "bonusDamage": {
            "value": 0
        },
        "bulk": {
            "value": 0.1
        },
        "category": "martial",
        "containerId": null,
        "damage": {
            "damageType": "piercing",
            "dice": 2,
            "die": "d4"
        },
        "description": {
            "value": "<p>Whereas a durian's aroma ranges from pleasant to revolting depending on the person, a durian bomb is a fruit that's been alchemically modified for maximum revulsion. You gain a +1 item bonus to attack rolls.</p>\n<p>On a successful Strike, a durian bomb deals the 2d4 piercing damage to the target. Any creature hit by the bomb or in its splash area must attempt a @Check[fortitude|dc:17] saving throw. Creatures in the splash area treat the results of their saving throw as one step better. Creatures sickened by a durian bomb are unable to smell anything else while the sickened condition lasts, suppressing any scent special sense they might have.</p>\n<p>Once a creature is sickened by a durian bomb, they're immune to the sickened condition caused by other durian bombs for 1 minute.</p><hr /><p><strong>Critical Success</strong> The target is unaffected.</p>\n<p><strong>Success</strong> The creature is @UUID[Compendium.pf2e.conditionitems.Item.Sickened]{Sickened 1}.</p>\n<p><strong>Failure</strong> The creature is @UUID[Compendium.pf2e.conditionitems.Item.Dazzled] for 1 round and sickened 1.</p>\n<p><strong>Critical Failure</strong> The creature is dazzled for 1 round and @UUID[Compendium.pf2e.conditionitems.Item.Sickened]{Sickened 2}.</p>"
        },
        "group": "bomb",
        "hardness": 0,
        "hp": {
            "max": 0,
            "value": 0
        },
        "level": {
            "value": 3
        },
        "material": {
            "grade": null,
            "type": null
        },
        "price": {
            "value": {
                "gp": 12
            }
        },
        "publication": {
            "license": "ORC",
            "remaster": true,
            "title": "Pathfinder #203: Shepherd of Decay"
        },
        "quantity": 1,
        "range": 20,
        "reload": {
            "value": "-"
        },
        "rules": [],
        "runes": {
            "potency": 0,
            "property": [],
            "striking": 0
        },
        "size": "med",
        "splashDamage": {
            "value": 0
        },
        "traits": {
            "rarity": "uncommon",
            "value": [
                "alchemical",
                "bomb",
                "consumable",
                "olfactory",
                "plant",
                "splash"
            ]
        },
        "usage": {
            "canBeAmmo": false,
            "value": "held-in-one-hand"
        }
    },
    "type": "weapon"
}
