{
    "_id": "aYzWoFt5uYY31zEQ",
    "img": "systems/pf2e/icons/equipment/weapons/dwarven-dorn-dergar.webp",
    "name": "Dwarven Dorn-Dergar",
    "system": {
        "baseItem": "dwarven-dorn-dergar",
        "bonus": {
            "value": 0
        },
        "bonusDamage": {
            "value": 0
        },
        "bulk": {
            "value": 2
        },
        "category": "advanced",
        "containerId": null,
        "damage": {
            "damageType": "bludgeoning",
            "dice": 1,
            "die": "d10"
        },
        "description": {
            "value": "<p>A heavy, weighted cube of metal at the end of a long chain, the dorn-dergar is used by dwarven berserkers and sappers who specialize in breaking through lines of shielded opponents or disabling enemy siege weapons.</p>"
        },
        "group": "flail",
        "hardness": 0,
        "hp": {
            "max": 0,
            "value": 0
        },
        "level": {
            "value": 0
        },
        "material": {
            "grade": null,
            "type": null
        },
        "price": {
            "value": {
                "gp": 8
            }
        },
        "publication": {
            "license": "OGL",
            "remaster": false,
            "title": "Pathfinder Treasure Vault"
        },
        "quantity": 1,
        "range": null,
        "reload": {
            "value": ""
        },
        "rules": [],
        "runes": {
            "potency": 0,
            "property": [],
            "striking": 0
        },
        "size": "med",
        "splashDamage": {
            "value": 0
        },
        "traits": {
            "rarity": "uncommon",
            "value": [
                "dwarf",
                "razing",
                "reach"
            ]
        },
        "usage": {
            "value": "held-in-two-hands"
        }
    },
    "type": "weapon"
}
