{
    "_id": "XK4DM8wOtcuOsji6",
    "img": "icons/weapons/hammers/hammer-double-engraved-gold.webp",
    "name": "Dwarven Thrower",
    "system": {
        "baseItem": "warhammer",
        "bonus": {
            "value": 2
        },
        "bonusDamage": {
            "value": 0
        },
        "bulk": {
            "value": 1
        },
        "category": "martial",
        "containerId": null,
        "damage": {
            "damageType": "bludgeoning",
            "dice": 1,
            "die": "d8"
        },
        "description": {
            "value": "<p>This +2 striking warhammer is inlaid with precious metals and decorated with geometric patterns in a dwarven style. If you're a dwarf, a dwarven thrower functions for you as a +2 greater striking returning warhammer with the thrown 30 feet trait, and your attacks with the hammer deal 1d8 additional damage against giants.</p>"
        },
        "group": "hammer",
        "hardness": 0,
        "hp": {
            "max": 0,
            "value": 0
        },
        "level": {
            "value": 13
        },
        "material": {
            "grade": null,
            "type": null
        },
        "price": {
            "value": {
                "gp": 2750
            }
        },
        "publication": {
            "license": "OGL",
            "remaster": false,
            "title": "Pathfinder Core Rulebook"
        },
        "quantity": 1,
        "range": null,
        "reload": {
            "value": ""
        },
        "rules": [
            {
                "key": "Striking",
                "predicate": [
                    "self:ancestry:dwarf"
                ],
                "selector": "{item|_id}-damage",
                "value": 2
            },
            {
                "diceNumber": 1,
                "diceSize": "d8",
                "key": "DamageDice",
                "predicate": [
                    "target:trait:giant",
                    "self:ancestry:dwarf"
                ],
                "selector": "{item|_id}-damage"
            }
        ],
        "runes": {
            "potency": 2,
            "property": [],
            "striking": 1
        },
        "size": "med",
        "specific": {
            "material": {
                "grade": null,
                "type": null
            },
            "runes": {
                "potency": 2,
                "property": [],
                "striking": 1
            }
        },
        "splashDamage": {
            "value": 0
        },
        "traits": {
            "rarity": "common",
            "value": [
                "magical",
                "shove"
            ]
        },
        "usage": {
            "value": "held-in-one-hand"
        }
    },
    "type": "weapon"
}
