{
    "_id": "xZFT5JdEvDi7q467",
    "img": "systems/pf2e/icons/equipment/consumables/ammunition/dwarven-daisy.webp",
    "name": "Dwarven Daisy (Lesser)",
    "system": {
        "baseItem": "alchemical-bomb",
        "bonus": {
            "value": 0
        },
        "bonusDamage": {
            "value": 0
        },
        "bulk": {
            "value": 0.1
        },
        "category": "martial",
        "containerId": null,
        "damage": {
            "damageType": "fire",
            "dice": 1,
            "die": "d6"
        },
        "description": {
            "value": "<p><strong>Activate</strong> <span class=\"action-glyph\">1</span> Strike</p>\n<hr />\n<p>A dwarven daisy is a string of dozens of firecrackers that create tiny, loud explosions. The string ends with a short, wrapped fuse. Pulling off the wrapping in a quick motion lights the fuse and is done as part of the action to Strike. A dwarven daisy deals the listed fire damage and splash damage. A dwarven daisy also has a chance to dazzle its target. A creature struck by a dwarven daisy must succeed at a @Check[fortitude|dc:16|name:Lesser Dwarven Daisy|traits:damaging-effect|showDC:all] save or become @UUID[Compendium.pf2e.conditionitems.Item.Dazzled] for 1 round.</p>\n<p>The firework deals 1d6 fire damage and 1 fire splash damage. The DC is 16.</p>"
        },
        "group": "bomb",
        "hardness": 0,
        "hp": {
            "max": 0,
            "value": 0
        },
        "level": {
            "value": 1
        },
        "material": {
            "grade": null,
            "type": null
        },
        "price": {
            "value": {
                "gp": 6
            }
        },
        "publication": {
            "license": "OGL",
            "remaster": false,
            "title": "Pathfinder Society Quest #5: The Dragon who Stole Evoking Day"
        },
        "quantity": 1,
        "range": 20,
        "reload": {
            "value": "-"
        },
        "rules": [
            {
                "key": "Note",
                "selector": "{item|_id}-damage",
                "text": "PF2E.BombNotes.DwarvenDaisy.Lesser.success"
            }
        ],
        "runes": {
            "potency": 0,
            "property": [],
            "striking": 0
        },
        "size": "med",
        "splashDamage": {
            "value": 1
        },
        "traits": {
            "rarity": "uncommon",
            "value": [
                "alchemical",
                "bomb",
                "consumable",
                "fire",
                "splash"
            ]
        },
        "usage": {
            "canBeAmmo": false,
            "value": "held-in-one-hand"
        }
    },
    "type": "weapon"
}
