{
    "_id": "fcWvG7jAZDLMRBWn",
    "img": "icons/weapons/hammers/hammer-double-studded.webp",
    "name": "Earthbreaker",
    "system": {
        "baseItem": "earthbreaker",
        "bonus": {
            "value": 0
        },
        "bonusDamage": {
            "value": 0
        },
        "bulk": {
            "value": 2
        },
        "category": "martial",
        "containerId": null,
        "damage": {
            "damageType": "bludgeoning",
            "dice": 1,
            "die": "d6"
        },
        "description": {
            "value": "<p>This massive hammer's metal head is shaped or molded with heavy metal wedges along its primary striking surface, enabling it to tear through shields and armor with ease.</p>"
        },
        "group": "hammer",
        "hardness": 0,
        "hp": {
            "max": 0,
            "value": 0
        },
        "level": {
            "value": 0
        },
        "material": {
            "grade": null,
            "type": null
        },
        "price": {
            "value": {
                "gp": 4
            }
        },
        "publication": {
            "license": "OGL",
            "remaster": false,
            "title": "Pathfinder Treasure Vault"
        },
        "quantity": 1,
        "range": null,
        "reload": {
            "value": ""
        },
        "rules": [],
        "runes": {
            "potency": 0,
            "property": [],
            "striking": 0
        },
        "size": "med",
        "splashDamage": {
            "value": 0
        },
        "traits": {
            "rarity": "common",
            "value": [
                "razing",
                "shove",
                "two-hand-d10",
                "versatile-p"
            ]
        },
        "usage": {
            "value": "held-in-one-hand"
        }
    },
    "type": "weapon"
}
