{
    "_id": "cFHUt5tTA7jVPtRh",
    "img": "systems/pf2e/icons/equipment/weapons/explosive-dogslicer.webp",
    "name": "Explosive Dogslicer",
    "system": {
        "baseItem": "explosive-dogslicer",
        "bonus": {
            "value": 0
        },
        "bonusDamage": {
            "value": 0
        },
        "bulk": {
            "value": 2
        },
        "category": "advanced",
        "containerId": null,
        "damage": {
            "damageType": "slashing",
            "dice": 1,
            "die": "d6"
        },
        "description": {
            "value": "<p>An explosive dogslicer is a sneaky, explosive weapon that often brings perverse joy to the goblins who use them. At first glance, it appears to be a triple-bladed dogslicer with an oversized guard.</p>"
        },
        "group": "firearm",
        "hardness": 0,
        "hp": {
            "max": 0,
            "value": 0
        },
        "level": {
            "value": 1
        },
        "material": {
            "grade": null,
            "type": null
        },
        "meleeUsage": {
            "damage": {
                "die": "d6",
                "type": "slashing"
            },
            "group": "sword",
            "traits": [
                "agile",
                "backstabber",
                "critical-fusion",
                "finesse",
                "goblin"
            ]
        },
        "price": {
            "value": {
                "gp": 10
            }
        },
        "publication": {
            "license": "ORC",
            "remaster": true,
            "title": "Pathfinder Guns & Gears"
        },
        "quantity": 1,
        "range": 20,
        "reload": {
            "value": "1"
        },
        "rules": [],
        "runes": {
            "potency": 0,
            "property": [],
            "striking": 0
        },
        "size": "med",
        "splashDamage": {
            "value": 0
        },
        "traits": {
            "rarity": "uncommon",
            "value": [
                "backstabber",
                "combination",
                "fatal-d10",
                "goblin",
                "scatter-5"
            ]
        },
        "usage": {
            "value": "held-in-two-hands"
        }
    },
    "type": "weapon"
}
