{
    "_id": "CIglJOSgO3HsBqUP",
    "img": "icons/weapons/hammers/hammer-double-studded.webp",
    "name": "Faultline Hammer",
    "system": {
        "baseItem": "earthbreaker",
        "bonus": {
            "value": 0
        },
        "bonusDamage": {
            "value": 0
        },
        "bulk": {
            "value": 2
        },
        "category": "martial",
        "containerId": null,
        "damage": {
            "damageType": "bludgeoning",
            "dice": 1,
            "die": "d6"
        },
        "description": {
            "value": "<p>The steel head of this <em>+1 striking earthbreaker</em> has a large crack that zigzags down its center, making it look like it could crack in half with any swing. This belies the hammer's strength; its strikes can shatter stone with ease.</p>\n<p><strong>Activate—Create Faultline</strong> <span class=\"action-glyph\">f</span> (concentrate)</p>\n<p><strong>Frequency</strong> once per day</p>\n<p><strong>Trigger</strong> You Strike an object or raised shield with the faultline hammer and would deal piercing damage to that object</p><hr /><p><strong>Effect</strong> Until the end of your next turn, any weapon that Strikes the object deals additional damage as though the weapon had the razing trait. The triggering Strike also deals this additional damage.</p>"
        },
        "group": "hammer",
        "hardness": 0,
        "hp": {
            "max": 0,
            "value": 0
        },
        "level": {
            "value": 6
        },
        "material": {
            "grade": null,
            "type": null
        },
        "price": {
            "value": {
                "gp": 250
            }
        },
        "publication": {
            "license": "ORC",
            "remaster": true,
            "title": "Pathfinder #208: Hoof, Cinder, and Storm"
        },
        "quantity": 1,
        "range": null,
        "reload": {
            "value": ""
        },
        "rules": [],
        "runes": {
            "potency": 1,
            "property": [],
            "striking": 1
        },
        "size": "med",
        "specific": {
            "material": {
                "grade": null,
                "type": null
            },
            "runes": {
                "potency": 1,
                "property": [],
                "striking": 1
            }
        },
        "splashDamage": {
            "value": 0
        },
        "traits": {
            "rarity": "uncommon",
            "value": [
                "magical",
                "razing",
                "shove",
                "two-hand-d10",
                "versatile-p"
            ]
        },
        "usage": {
            "value": "held-in-one-hand"
        }
    },
    "type": "weapon"
}
