{
    "_id": "yUgOLSyb4pGGxfCR",
    "img": "systems/pf2e/icons/default-icons/weapon.svg",
    "name": "Feng Huo Lun",
    "system": {
        "baseItem": "feng-huo-lun",
        "bonus": {
            "value": 0
        },
        "bonusDamage": {
            "value": 0
        },
        "bulk": {
            "value": 0.1
        },
        "category": "advanced",
        "containerId": null,
        "damage": {
            "damageType": "slashing",
            "dice": 1,
            "die": "d4"
        },
        "description": {
            "value": "<p>Also known as wind and fire wheels, these large, flat steel rings feature several protruding blades typically stylized to resemble flames.</p>"
        },
        "group": "knife",
        "hardness": 0,
        "hp": {
            "max": 0,
            "value": 0
        },
        "level": {
            "value": 0
        },
        "material": {
            "grade": null,
            "type": null
        },
        "price": {
            "value": {
                "gp": 2
            }
        },
        "publication": {
            "license": "OGL",
            "remaster": false,
            "title": "Pathfinder Treasure Vault"
        },
        "quantity": 1,
        "range": null,
        "reload": {
            "value": ""
        },
        "rules": [],
        "runes": {
            "potency": 0,
            "property": [],
            "striking": 0
        },
        "size": "med",
        "splashDamage": {
            "value": 0
        },
        "traits": {
            "rarity": "uncommon",
            "value": [
                "agile",
                "disarm",
                "finesse",
                "monk",
                "parry",
                "twin",
                "versatile-p"
            ]
        },
        "usage": {
            "value": "held-in-one-hand"
        }
    },
    "type": "weapon"
}
