{
    "_id": "edlvRl3zCceS7MSo",
    "img": "systems/pf2e/icons/default-icons/weapon.svg",
    "name": "Fighting Oar",
    "system": {
        "baseItem": "fighting-oar",
        "bonus": {
            "value": 0
        },
        "bonusDamage": {
            "value": 0
        },
        "bulk": {
            "value": 2
        },
        "category": "simple",
        "containerId": null,
        "damage": {
            "damageType": "bludgeoning",
            "dice": 1,
            "die": "d8"
        },
        "description": {
            "value": "<p>A fighting oar is a sturdy boat oar, typically made of wood, whose haft and blades are reinforced for use in combat. A fighting oar adds its item bonus from weapon potency runes (if any) as an item bonus on Piloting Lore and Sailing Lore checks made to pilot a rowed vehicle.</p>"
        },
        "group": "polearm",
        "hardness": 0,
        "hp": {
            "max": 0,
            "value": 0
        },
        "level": {
            "value": 0
        },
        "material": {
            "grade": null,
            "type": null
        },
        "price": {
            "value": {
                "sp": 5
            }
        },
        "publication": {
            "license": "ORC",
            "remaster": true,
            "title": "Pathfinder War of Immortals"
        },
        "quantity": 1,
        "range": null,
        "reload": {
            "value": null
        },
        "rules": [],
        "runes": {
            "potency": 0,
            "property": [],
            "striking": 0
        },
        "size": "med",
        "splashDamage": {
            "value": 0
        },
        "traits": {
            "rarity": "uncommon",
            "value": [
                "sweep",
                "versatile-s"
            ]
        },
        "usage": {
            "value": "held-in-two-hands"
        }
    },
    "type": "weapon"
}
