{
    "_id": "Kx6FQS5GyVB6jlrW",
    "img": "systems/pf2e/icons/equipment/weapons/specific-magic-weapons/fighters-fork.webp",
    "name": "Fighter's Fork",
    "system": {
        "baseItem": "trident",
        "bonus": {
            "value": 1
        },
        "bonusDamage": {
            "value": 0
        },
        "bulk": {
            "value": 1
        },
        "category": "martial",
        "containerId": null,
        "damage": {
            "damageType": "piercing",
            "dice": 1,
            "die": "d8"
        },
        "description": {
            "value": "<p>This <em>+1 trident</em>, usually engraved with a decorative pattern resembling fish scales, is a common weapon among warriors of aquatic ancestries.</p>\n<hr />\n<p><strong>Activate—Fluid Length</strong> <span class=\"action-glyph\">A</span> manipulate</p>\n<p><strong>Effect</strong> You extend or shorten the trident's haft. When extended, the trident requires two hands to wield and gains the reach trait, but loses the trident's normal thrown trait.</p>"
        },
        "group": "spear",
        "hardness": 0,
        "hp": {
            "max": 0,
            "value": 0
        },
        "level": {
            "value": 3
        },
        "material": {
            "grade": null,
            "type": null
        },
        "price": {
            "value": {
                "gp": 50
            }
        },
        "publication": {
            "license": "ORC",
            "remaster": true,
            "title": "Pathfinder GM Core"
        },
        "quantity": 1,
        "range": null,
        "reload": {
            "value": "-"
        },
        "rules": [
            {
                "domain": "all",
                "key": "RollOption",
                "label": "PF2E.SpecificRule.Equipment.FightersFork.FluidLengthLabel",
                "option": "fighters-fork:fluid-length",
                "toggleable": true
            },
            {
                "itemId": "{item|id}",
                "key": "ItemAlteration",
                "mode": "add",
                "predicate": [
                    "fighters-fork:fluid-length"
                ],
                "property": "traits",
                "value": "reach"
            },
            {
                "itemId": "{item|id}",
                "key": "ItemAlteration",
                "mode": "remove",
                "predicate": [
                    "fighters-fork:fluid-length"
                ],
                "property": "traits",
                "value": "thrown-20"
            }
        ],
        "runes": {
            "potency": 1,
            "property": [],
            "striking": 0
        },
        "size": "med",
        "specific": {
            "material": {
                "grade": null,
                "type": null
            },
            "runes": {
                "potency": 1,
                "property": [],
                "striking": 0
            }
        },
        "splashDamage": {
            "value": 0
        },
        "traits": {
            "rarity": "common",
            "value": [
                "magical",
                "thrown-20"
            ]
        },
        "usage": {
            "canBeAmmo": false,
            "value": "held-in-one-hand"
        }
    },
    "type": "weapon"
}
