{
    "_id": "17MQKaMIHQAJNtuu",
    "img": "systems/pf2e/icons/equipment/weapons/fighting-stick.webp",
    "name": "Fighting Stick",
    "system": {
        "baseItem": "fighting-stick",
        "bonus": {
            "value": 0
        },
        "bonusDamage": {
            "value": 0
        },
        "bulk": {
            "value": 1
        },
        "category": "martial",
        "containerId": null,
        "damage": {
            "damageType": "bludgeoning",
            "dice": 1,
            "die": "d6"
        },
        "description": {
            "value": "<p>This hard but flexible longsword-length piece of wood looks more like a pole than a weapon, but can be deadly in the right hands. While generally not used for combat outside of Song'o culture, some halflings have become so proficient as to make it just as effective as a blade in a fight. Many halflings will even sing to maintain a certain tempo and rhythm during combat. It deals 1d6 bludgeoning damage. A fighting stick is a martial one-handed melee weapon in the club weapon group.</p>"
        },
        "group": "club",
        "hardness": 0,
        "hp": {
            "max": 0,
            "value": 0
        },
        "level": {
            "value": 0
        },
        "material": {
            "grade": null,
            "type": null
        },
        "price": {
            "value": {
                "sp": 5
            }
        },
        "publication": {
            "license": "OGL",
            "remaster": false,
            "title": "Pathfinder Lost Omens The Mwangi Expanse"
        },
        "quantity": 1,
        "range": null,
        "reload": {
            "value": ""
        },
        "rules": [],
        "runes": {
            "potency": 0,
            "property": [],
            "striking": 0
        },
        "size": "med",
        "splashDamage": {
            "value": 0
        },
        "traits": {
            "rarity": "uncommon",
            "value": [
                "backswing",
                "halfling",
                "nonlethal",
                "shove"
            ]
        },
        "usage": {
            "value": "held-in-one-hand"
        }
    },
    "type": "weapon"
}
