{
    "_id": "nz1v5aetUZVLBlvg",
    "img": "systems/pf2e/icons/equipment/weapons/specific-magic-weapons/final-rest.webp",
    "name": "Final Rest",
    "system": {
        "baseItem": "longsword",
        "bonus": {
            "value": 0
        },
        "bonusDamage": {
            "value": 0
        },
        "bulk": {
            "value": 1
        },
        "category": "martial",
        "containerId": null,
        "damage": {
            "damageType": "slashing",
            "dice": 1,
            "die": "d8"
        },
        "description": {
            "value": "<p>This <em>+3 @UUID[Compendium.pf2e.equipment-srd.Item.Vitalizing (Greater)] greater striking silver longsword</em> is made from the purest silver. The blade is carefully etched to depict a vast and sprawling necropolis, a place where the dead are laid to rest. Whenever you critically hit an undead creature with <em>final rest</em>, the undead creature takes @Damage[3d6[persistent,spirit]] damage, with a @Check[fortitude|dc:36].</p>\n<p><strong>Critical Success</strong> No effect.</p>\n<p><strong>Success</strong> The creature takes half the persistent spirit damage.</p>\n<p><strong>Failure</strong> The creature is @UUID[Compendium.pf2e.conditionitems.Item.Stunned]{Stunned 1} and takes the full persistent spirit damage.</p>\n<p><strong>Critical Failure</strong> The creature is @UUID[Compendium.pf2e.conditionitems.Item.Stunned] and takes double the persistent spirit damage.</p>\n<hr />\n<p><strong>Activate</strong> <span class=\"action-glyph\">2</span> command, envision</p>\n<p><strong>Frequency</strong> once per day</p>\n<p><strong>Effect</strong> You hold the sword aloft, making it cast @UUID[Compendium.pf2e.spells-srd.Item.Sunburst] (@Check[reflex|dc:38]).</p>"
        },
        "group": "sword",
        "hardness": 0,
        "hp": {
            "max": 0,
            "value": 0
        },
        "level": {
            "value": 18
        },
        "material": {
            "grade": "standard",
            "type": "silver"
        },
        "price": {
            "value": {
                "gp": 24000
            }
        },
        "publication": {
            "license": "OGL",
            "remaster": false,
            "title": "Pathfinder Book of the Dead"
        },
        "quantity": 1,
        "range": null,
        "reload": {
            "value": ""
        },
        "rules": [],
        "runes": {
            "potency": 3,
            "property": [
                "greaterDisrupting"
            ],
            "striking": 2
        },
        "size": "med",
        "specific": {
            "material": {
                "grade": "standard",
                "type": "silver"
            },
            "runes": {
                "potency": 3,
                "property": [
                    "greaterDisrupting"
                ],
                "striking": 2
            }
        },
        "splashDamage": {
            "value": 0
        },
        "traits": {
            "rarity": "common",
            "value": [
                "magical",
                "versatile-p"
            ]
        },
        "usage": {
            "value": "held-in-one-hand"
        }
    },
    "type": "weapon"
}
