{
    "_id": "QKhVKfaum7DyF53w",
    "img": "systems/pf2e/icons/equipment/weapons/nodachi.webp",
    "name": "Flashblade",
    "system": {
        "baseItem": "nodachi",
        "bonus": {
            "value": 0
        },
        "bonusDamage": {
            "value": 0
        },
        "bulk": {
            "value": 2
        },
        "category": "advanced",
        "containerId": null,
        "damage": {
            "damageType": "slashing",
            "dice": 1,
            "die": "d8"
        },
        "description": {
            "value": "<p>A sleek and impossibly lightweight blade attached to a haft scriven with lightning bolts make up this <em>+1 striking nodachi</em>.</p>\n<p><strong>Activate—Prepare Flash</strong> <span class=\"action-glyph\">2</span> (concentrate)</p>\n<p><strong>Frequency</strong> once per 10 minutes</p><hr /><p><strong>Effect</strong> You concentrate with complete focus on your surroundings, breathing in the flashblade's magic to make you lighter and faster, and the blade of your sword more flexible. You Ready a melee Strike, increasing the flashblade's reach for that Strike to 15 feet. If the trigger doesn't occur, this doesn't count against the flashblade's frequency.</p>"
        },
        "group": "sword",
        "hardness": 0,
        "hp": {
            "max": 0,
            "value": 0
        },
        "level": {
            "value": 6
        },
        "material": {
            "grade": null,
            "type": null
        },
        "price": {
            "value": {
                "gp": 230
            }
        },
        "publication": {
            "license": "ORC",
            "remaster": true,
            "title": "Pathfinder Lost Omens Tian Xia Character Guide"
        },
        "quantity": 1,
        "range": null,
        "reload": {
            "value": ""
        },
        "rules": [],
        "runes": {
            "potency": 1,
            "property": [],
            "striking": 1
        },
        "size": "med",
        "specific": {
            "material": {
                "grade": null,
                "type": null
            },
            "runes": {
                "potency": 1,
                "property": [],
                "striking": 1
            }
        },
        "splashDamage": {
            "value": 0
        },
        "traits": {
            "rarity": "common",
            "value": [
                "brace",
                "deadly-d12",
                "magical",
                "reach"
            ]
        },
        "usage": {
            "value": "held-in-two-hands"
        }
    },
    "type": "weapon"
}
