{
    "_id": "dfheZ5lK0thQUTVT",
    "img": "icons/weapons/daggers/dagger-crooked-black.webp",
    "name": "Flaying Knife",
    "system": {
        "baseItem": "dagger",
        "bonus": {
            "value": 0
        },
        "bonusDamage": {
            "value": 0
        },
        "bulk": {
            "value": 1
        },
        "category": "simple",
        "containerId": null,
        "damage": {
            "damageType": "piercing",
            "dice": 1,
            "die": "d4"
        },
        "description": {
            "value": "<p>This long, thin +1 striking @UUID[Compendium.pf2e.equipment-srd.Item.Wounding] dagger has a smooth edge on one side and a serrated edge on the other.</p>\n<p>Its persistent bleed damage comes from slicing away long strips of the target's flesh, and it deals @Damage[1d8[bleed]] on a hit instead of 1d6. A creature takes a -2 status penalty to saving throws against diseases for as long as it has persistent bleed damage from this knife.</p>"
        },
        "group": "knife",
        "hardness": 0,
        "hp": {
            "max": 0,
            "value": 0
        },
        "level": {
            "value": 8
        },
        "material": {
            "grade": null,
            "type": null
        },
        "price": {
            "value": {
                "gp": 480
            }
        },
        "publication": {
            "license": "OGL",
            "remaster": false,
            "title": "Pathfinder Adventure: The Slithering"
        },
        "quantity": 1,
        "range": null,
        "reload": {
            "value": "-"
        },
        "rules": [
            {
                "key": "Note",
                "outcome": [
                    "success"
                ],
                "selector": "{item|_id}-attack",
                "text": "PF2E.PersistentDamage.Bleed1d8.success"
            },
            {
                "key": "Note",
                "outcome": [
                    "criticalSuccess"
                ],
                "selector": "{item|_id}-attack",
                "text": "PF2E.PersistentDamage.Bleed1d8.criticalSuccess"
            }
        ],
        "runes": {
            "potency": 1,
            "property": [
                "wounding"
            ],
            "striking": 1
        },
        "size": "med",
        "specific": {
            "material": {
                "grade": null,
                "type": null
            },
            "runes": {
                "potency": 1,
                "property": [
                    "wounding"
                ],
                "striking": 1
            }
        },
        "splashDamage": {
            "value": 0
        },
        "traits": {
            "rarity": "uncommon",
            "value": [
                "agile",
                "finesse",
                "magical",
                "thrown-10",
                "versatile-s"
            ]
        },
        "usage": {
            "value": "held-in-one-hand"
        }
    },
    "type": "weapon"
}
