{
    "_id": "smrNvKVL976JNEab",
    "img": "icons/weapons/staves/staff-orb-feather.webp",
    "name": "Fluid Form Staff (Major)",
    "system": {
        "baseItem": "staff",
        "bonus": {
            "value": 0
        },
        "bonusDamage": {
            "value": 0
        },
        "bulk": {
            "value": 1
        },
        "category": "simple",
        "containerId": null,
        "damage": {
            "damageType": "bludgeoning",
            "dice": 1,
            "die": "d4"
        },
        "description": {
            "value": "<p>A glass orb atop this metal staff contains fine sand. While wielding the staff, you gain a +2 circumstance bonus to Perception checks to identify morph and polymorph magic.</p>\n<p><strong>Activate</strong> Cast a Spell</p>\n<hr />\n<p><strong>Effect</strong> You expend a number of charges from the staff to cast a spell from its list.</p>\n<ul>\n<li><strong>1st</strong> @UUID[Compendium.pf2e.spells-srd.Item.Pest Form]</li>\n<li><strong>2nd</strong> @UUID[Compendium.pf2e.spells-srd.Item.Animal Form], @UUID[Compendium.pf2e.spells-srd.Item.Enlarge], @UUID[Compendium.pf2e.spells-srd.Item.Shrink]</li>\n<li><strong>3rd</strong> @UUID[Compendium.pf2e.spells-srd.Item.Feet to Fins], @UUID[Compendium.pf2e.spells-srd.Item.Insect Form]</li>\n<li><strong>4th</strong> @UUID[Compendium.pf2e.spells-srd.Item.Aerial Form], @UUID[Compendium.pf2e.spells-srd.Item.Animal Form], @UUID[Compendium.pf2e.spells-srd.Item.Dinosaur Form]</li>\n<li><strong>5th</strong> @UUID[Compendium.pf2e.spells-srd.Item.Animal Form], @UUID[Compendium.pf2e.spells-srd.Item.Insect Form]</li>\n<li><strong>6th</strong> @UUID[Compendium.pf2e.spells-srd.Item.Cursed Metamorphosis], @UUID[Compendium.pf2e.spells-srd.Item.Dragon Form], @UUID[Compendium.pf2e.familiar-abilities.Item.Plant Form]</li>\n</ul>\n<p><strong>Craft Requirements</strong> Supply one casting of all listed levels of all listed spells.</p>"
        },
        "group": "club",
        "hardness": 0,
        "hp": {
            "max": 0,
            "value": 0
        },
        "level": {
            "value": 14
        },
        "material": {
            "grade": null,
            "type": null
        },
        "price": {
            "value": {
                "gp": 4000
            }
        },
        "publication": {
            "license": "ORC",
            "remaster": true,
            "title": "Pathfinder GM Core"
        },
        "quantity": 1,
        "range": null,
        "reload": {
            "value": null
        },
        "rules": [
            {
                "key": "FlatModifier",
                "predicate": [
                    "action:identify-magic",
                    {
                        "or": [
                            "item:trait:morph",
                            "item:trait:polymorph"
                        ]
                    }
                ],
                "selector": "perception",
                "type": "circumstance",
                "value": 2
            }
        ],
        "runes": {
            "potency": 0,
            "property": [],
            "striking": 0
        },
        "size": "med",
        "splashDamage": {
            "value": 0
        },
        "traits": {
            "rarity": "common",
            "value": [
                "magical",
                "staff",
                "two-hand-d8"
            ]
        },
        "usage": {
            "value": "held-in-one-hand"
        }
    },
    "type": "weapon"
}
