{
    "_id": "3oexArva2aEm69WV",
    "img": "systems/pf2e/icons/equipment/weapons/specific-magic-weapons/four-ways-dogslicer.webp",
    "name": "Four-Ways Dogslicer",
    "system": {
        "baseItem": "dogslicer",
        "bonus": {
            "value": 0
        },
        "bonusDamage": {
            "value": 0
        },
        "bulk": {
            "value": 0.1
        },
        "category": "martial",
        "containerId": null,
        "damage": {
            "damageType": "slashing",
            "dice": 1,
            "die": "d6"
        },
        "description": {
            "value": "<p>This <em>+2 striking dogslicer</em> is obviously the work of a brilliant but scrappy artisan who valued versatility over safety. Four toothy gems line the blade's cutting edge, three of which glow-one with fiery red light, one with a chill blue, and one that gives off sparks-while the last is a glistening black. Each of these gems embodies a weapon property rune, but only one rune can be active at a time.</p><hr /><p><strong>Activate-Gem Twist</strong> <span class=\"action-glyph\">1</span> (manipulate)</p>\n<p><strong>Effect</strong> You twist the gem along the blade corresponding with the desired weapon rune: red for <em>flaming</em>, blue for <em>frost</em>, or yellow for <em>shock</em>. You take @Damage[1d6[untyped]] damage of the type the chosen rune deals. You can instead twist the black gem to disable the active property rune, taking no damage.</p>"
        },
        "group": "sword",
        "hardness": 0,
        "hp": {
            "max": 0,
            "value": 0
        },
        "level": {
            "value": 12
        },
        "material": {
            "grade": null,
            "type": null
        },
        "price": {
            "value": {
                "gp": 1700
            }
        },
        "publication": {
            "license": "ORC",
            "remaster": true,
            "title": "Pathfinder Player Core 2"
        },
        "quantity": 1,
        "range": null,
        "reload": {
            "value": ""
        },
        "rules": [
            {
                "domain": "all",
                "key": "RollOption",
                "option": "gem-twist",
                "suboptions": [
                    {
                        "label": "PF2E.WeaponPropertyRune.flaming.Name",
                        "value": "flaming"
                    },
                    {
                        "label": "PF2E.WeaponPropertyRune.frost.Name",
                        "value": "frost"
                    },
                    {
                        "label": "PF2E.WeaponPropertyRune.shock.Name",
                        "value": "shock"
                    }
                ],
                "toggleable": true
            },
            {
                "definition": [
                    "item:id:{item|id}"
                ],
                "key": "AdjustStrike",
                "mode": "add",
                "predicate": [
                    "gem-twist"
                ],
                "property": "property-runes",
                "value": "{item|flags.pf2e.rulesSelections.gemTwist}"
            },
            {
                "key": "DamageAlteration",
                "mode": "override",
                "predicate": [
                    "gem-twist:flaming"
                ],
                "property": "damage-type",
                "requiresEquipped": false,
                "selectors": [
                    "{item|id}-inline-damage"
                ],
                "value": "fire"
            },
            {
                "key": "DamageAlteration",
                "mode": "override",
                "predicate": [
                    "gem-twist:frost"
                ],
                "property": "damage-type",
                "requiresEquipped": false,
                "selectors": [
                    "{item|id}-inline-damage"
                ],
                "value": "cold"
            },
            {
                "key": "DamageAlteration",
                "mode": "override",
                "predicate": [
                    "gem-twist:shock"
                ],
                "property": "damage-type",
                "requiresEquipped": false,
                "selectors": [
                    "{item|id}-inline-damage"
                ],
                "value": "electricity"
            }
        ],
        "runes": {
            "potency": 2,
            "property": [],
            "striking": 1
        },
        "size": "med",
        "specific": {
            "material": {
                "grade": null,
                "type": null
            },
            "runes": {
                "potency": 2,
                "property": [],
                "striking": 1
            }
        },
        "splashDamage": {
            "value": 0
        },
        "traits": {
            "rarity": "uncommon",
            "value": [
                "agile",
                "backstabber",
                "cold",
                "electricity",
                "finesse",
                "fire",
                "goblin",
                "magical"
            ]
        },
        "usage": {
            "value": "held-in-one-hand"
        }
    },
    "type": "weapon"
}
