{
    "_id": "87IvbaQnkUOBgdD0",
    "img": "systems/pf2e/icons/equipment/weapons/specific-magic-weapons/frost-brand.webp",
    "name": "Frost Brand",
    "system": {
        "baseItem": "greatsword",
        "bonus": {
            "value": 2
        },
        "bonusDamage": {
            "value": 0
        },
        "bulk": {
            "value": 2
        },
        "category": "martial",
        "containerId": null,
        "damage": {
            "damageType": "slashing",
            "dice": 1,
            "die": "d12"
        },
        "description": {
            "value": "<p>The blade of this <em>+2 greater striking @UUID[Compendium.pf2e.equipment-srd.Item.Frost (Greater)] greatsword</em> appears to be nothing but icy shards. The <em>frost brand</em> automatically extinguishes non-magical fires in a @Template[emanation|distance:20]. While wielding it, you gain fire resistance 5.</p>\n<hr />\n<p><strong>Activate</strong> <span class=\"action-glyph\">2</span> command, Interact</p>\n<p><strong>Effect</strong> You swing the <em>frost brand</em> into the area of an ongoing magical fire, and the blade attempts to counteract the fire with a counteract modifier of [[/r 1d20+27 #Counteract]]{+27}. If it fails, it can't attempt to counteract the same fire again.</p>"
        },
        "group": "sword",
        "hardness": 0,
        "hp": {
            "max": 0,
            "value": 0
        },
        "level": {
            "value": 16
        },
        "material": {
            "grade": null,
            "type": null
        },
        "price": {
            "value": {
                "gp": 10000
            }
        },
        "publication": {
            "license": "OGL",
            "remaster": false,
            "title": "Pathfinder Core Rulebook"
        },
        "quantity": 1,
        "range": null,
        "reload": {
            "value": ""
        },
        "rules": [
            {
                "key": "Resistance",
                "type": "fire",
                "value": 5
            }
        ],
        "runes": {
            "potency": 2,
            "property": [
                "greaterFrost"
            ],
            "striking": 2
        },
        "size": "med",
        "specific": {
            "material": {
                "grade": null,
                "type": null
            },
            "runes": {
                "potency": 2,
                "property": [
                    "greaterFrost"
                ],
                "striking": 2
            }
        },
        "splashDamage": {
            "value": 0
        },
        "traits": {
            "rarity": "common",
            "value": [
                "cold",
                "magical",
                "versatile-p"
            ]
        },
        "usage": {
            "value": "held-in-two-hands"
        }
    },
    "type": "weapon"
}
