{
    "_id": "4DJQID8GIlxQ7b9C",
    "img": "systems/pf2e/icons/equipment/alchemical-items/alchemical-bombs/frost-vial.webp",
    "name": "Frost Vial (Major)",
    "system": {
        "baseItem": "alchemical-bomb",
        "bonus": {
            "value": 3
        },
        "bonusDamage": {
            "value": 0
        },
        "bulk": {
            "value": 0.1
        },
        "category": "martial",
        "containerId": null,
        "damage": {
            "damageType": "cold",
            "dice": 4,
            "die": "d6"
        },
        "description": {
            "value": "<p><strong>Activate</strong> <span class=\"action-glyph\">1</span> Strike</p><hr /><p>The bright blue liquid reagents in this vial rapidly absorb heat when exposed to air. A frost vial deals 4d6 cold damage and 4 cold splash damage. On a hit, the target takes a -15-foot status penalty to its Speeds until the end of its next turn. You gain a +3 item bonus to attack rolls.</p>\n<p>@UUID[Compendium.pf2e.equipment-effects.Item.Effect: Frost Vial]</p>"
        },
        "group": "bomb",
        "hardness": 0,
        "hp": {
            "max": 0,
            "value": 0
        },
        "level": {
            "value": 17
        },
        "material": {
            "grade": null,
            "type": null
        },
        "price": {
            "value": {
                "gp": 2500
            }
        },
        "publication": {
            "license": "ORC",
            "remaster": true,
            "title": "Pathfinder Player Core 2"
        },
        "quantity": 1,
        "range": 20,
        "reload": {
            "value": "-"
        },
        "rules": [
            {
                "key": "Note",
                "selector": "{item|_id}-damage",
                "text": "PF2E.BombNotes.FrostVial.Major.success"
            }
        ],
        "runes": {
            "potency": 0,
            "property": [],
            "striking": 0
        },
        "size": "med",
        "splashDamage": {
            "value": 4
        },
        "traits": {
            "rarity": "common",
            "value": [
                "alchemical",
                "bomb",
                "cold",
                "consumable",
                "splash"
            ]
        },
        "usage": {
            "canBeAmmo": false,
            "value": "held-in-one-hand"
        }
    },
    "type": "weapon"
}
