{
    "_id": "0E9ADJkQUVsz7A4G",
    "img": "systems/pf2e/icons/equipment/weapons/composite-shortbow.webp",
    "name": "Gakgung",
    "system": {
        "baseItem": "gakgung",
        "bonus": {
            "value": 0
        },
        "bonusDamage": {
            "value": 0
        },
        "bulk": {
            "value": 0.1
        },
        "category": "martial",
        "containerId": null,
        "damage": {
            "damageType": "piercing",
            "dice": 1,
            "die": "d6"
        },
        "description": {
            "value": "<p>A gakgung is a type of composite reflex bow that combines speed and power in equal amounts for effective precision shooting.</p>"
        },
        "group": "bow",
        "hardness": 0,
        "hp": {
            "max": 0,
            "value": 0
        },
        "level": {
            "value": 0
        },
        "material": {
            "grade": null,
            "type": null
        },
        "price": {
            "value": {
                "gp": 2
            }
        },
        "publication": {
            "license": "ORC",
            "remaster": true,
            "title": "Pathfinder Lost Omens Tian Xia Character Guide"
        },
        "quantity": 1,
        "range": 100,
        "reload": {
            "value": "0"
        },
        "rules": [],
        "runes": {
            "potency": 0,
            "property": [],
            "striking": 0
        },
        "size": "med",
        "splashDamage": {
            "value": 0
        },
        "traits": {
            "rarity": "common",
            "value": [
                "deadly-d8",
                "monk",
                "propulsive"
            ]
        },
        "usage": {
            "value": "held-in-one-plus-hands"
        }
    },
    "type": "weapon"
}
