{
    "_id": "IKuvON8e4o7ARe4p",
    "img": "icons/weapons/staves/staff-simple.webp",
    "name": "Gambler's Staff",
    "system": {
        "baseItem": "staff",
        "bonus": {
            "value": 0
        },
        "bonusDamage": {
            "value": 0
        },
        "bulk": {
            "value": 1
        },
        "category": "simple",
        "containerId": null,
        "damage": {
            "damageType": "bludgeoning",
            "dice": 1,
            "die": "d4"
        },
        "description": {
            "value": "<p>A small glass orb on the head of a <em>gambler's staff</em> holds a pair of six-sided dice that shift and roll within. Spellcasters who make their living via games of chance use <em>gamblers' staves</em> to encourage the odds in their favor. Most gambling dens ban players they discover using such magic items. A <em>gambler's staff</em> grants you a +2 circumstance bonus to checks to @UUID[Compendium.pf2e.actionspf2e.Item.Earn Income] from gambling (typically using Games Lore). To get this benefit, the staff must be on your person during all the downtime you spend gambling.</p>\n<p><strong>Activate</strong> Cast a Spell</p>\n<hr />\n<p><strong>Effect</strong> You expend a number of charges from the staff to cast a spell from its list.</p>\n<ul>\n<li><strong>Cantrip</strong> @UUID[Compendium.pf2e.spells-srd.Item.Wash Your Luck]</li>\n<li><strong>1st</strong> @UUID[Compendium.pf2e.spells-srd.Item.Nudge the Odds]</li>\n<li><strong>2nd</strong> @UUID[Compendium.pf2e.spells-srd.Item.Lucky Number]</li>\n<li><strong>3rd</strong> @UUID[Compendium.pf2e.spells-srd.Item.Shift Blame]</li>\n<li><strong>4th</strong> @UUID[Compendium.pf2e.spells-srd.Item.Read Omens], @UUID[Compendium.pf2e.spells-srd.Item.Winning Streak]</li>\n<li><strong>5th</strong> @UUID[Compendium.pf2e.spells-srd.Item.Nudge the Odds]</li>\n</ul>\n<hr />\n<p><strong>Craft Requirements</strong> Supply one casting of all listed levels of all listed spells.</p>"
        },
        "group": "club",
        "hardness": 0,
        "hp": {
            "max": 0,
            "value": 0
        },
        "level": {
            "value": 12
        },
        "material": {
            "grade": null,
            "type": null
        },
        "price": {
            "value": {
                "gp": 2000
            }
        },
        "publication": {
            "license": "OGL",
            "remaster": false,
            "title": "Pathfinder Treasure Vault"
        },
        "quantity": 1,
        "range": null,
        "reload": {
            "value": ""
        },
        "rules": [],
        "runes": {
            "potency": 0,
            "property": [],
            "striking": 0
        },
        "size": "med",
        "splashDamage": {
            "value": 0
        },
        "traits": {
            "rarity": "uncommon",
            "value": [
                "magical",
                "staff",
                "two-hand-d8"
            ]
        },
        "usage": {
            "value": "held-in-one-hand"
        }
    },
    "type": "weapon"
}
