{
    "_id": "LcIfvbMPnOGYXVge",
    "img": "systems/pf2e/icons/equipment/weapons/gauntlet-bow.webp",
    "name": "Gauntlet Bow",
    "system": {
        "baseItem": "gauntlet-bow",
        "bonus": {
            "value": 0
        },
        "bonusDamage": {
            "value": 0
        },
        "bulk": {
            "value": 1
        },
        "category": "martial",
        "containerId": null,
        "damage": {
            "damageType": "piercing",
            "dice": 1,
            "die": "d4"
        },
        "description": {
            "value": "<p>The gauntlet bow is a heavy metal glove with a built-in crossbow and rotating chamber mechanism for easy reloading. A gauntlet bow can be used to make melee attacks like a standard gauntlet. You can't reload a gauntlet bow with the hand wielding it.</p>"
        },
        "group": "crossbow",
        "hardness": 0,
        "hp": {
            "max": 0,
            "value": 0
        },
        "level": {
            "value": 0
        },
        "material": {
            "grade": null,
            "type": null
        },
        "price": {
            "value": {
                "gp": 9
            }
        },
        "publication": {
            "license": "OGL",
            "remaster": false,
            "title": "Pathfinder Treasure Vault"
        },
        "quantity": 1,
        "range": 60,
        "reload": {
            "value": "1"
        },
        "rules": [],
        "runes": {
            "potency": 0,
            "property": [],
            "striking": 0
        },
        "size": "med",
        "splashDamage": {
            "value": 0
        },
        "traits": {
            "rarity": "common",
            "value": [
                "capacity-4",
                "free-hand",
                "parry"
            ]
        },
        "usage": {
            "value": "held-in-one-hand"
        }
    },
    "type": "weapon"
}
