{
    "_id": "Ix2vicchE79d6Cl3",
    "img": "icons/equipment/hand/gauntlet-tooled-steel.webp",
    "name": "Gauntlet",
    "system": {
        "baseItem": "gauntlet",
        "bonus": {
            "value": 0
        },
        "bonusDamage": {
            "value": 0
        },
        "bulk": {
            "value": 0.1
        },
        "category": "simple",
        "containerId": null,
        "damage": {
            "damageType": "bludgeoning",
            "dice": 1,
            "die": "d4"
        },
        "description": {
            "value": "<p>A pair of these metal gloves comes with full plate, half plate, and splint armor; they can also be purchased separately and worn with other types of armor. They not only protect your hands but also transform your hands into lethal weapons.</p>"
        },
        "group": "brawling",
        "hardness": 0,
        "hp": {
            "max": 0,
            "value": 0
        },
        "level": {
            "value": 0
        },
        "material": {
            "grade": null,
            "type": null
        },
        "price": {
            "value": {
                "sp": 2
            }
        },
        "publication": {
            "license": "ORC",
            "remaster": true,
            "title": "Pathfinder Player Core"
        },
        "quantity": 1,
        "range": null,
        "reload": {
            "value": ""
        },
        "rules": [],
        "runes": {
            "potency": 0,
            "property": [],
            "striking": 0
        },
        "size": "med",
        "splashDamage": {
            "value": 0
        },
        "traits": {
            "rarity": "common",
            "value": [
                "agile",
                "free-hand"
            ]
        },
        "usage": {
            "value": "held-in-one-hand"
        }
    },
    "type": "weapon"
}
