{
    "_id": "VSxLv1JRSo10waL0",
    "img": "icons/weapons/daggers/dagger-straight-thin-black.webp",
    "name": "Ghast Stiletto",
    "system": {
        "baseItem": "dagger",
        "bonus": {
            "value": 0
        },
        "bonusDamage": {
            "value": 0
        },
        "bulk": {
            "value": 0.1
        },
        "category": "simple",
        "containerId": null,
        "damage": {
            "damageType": "piercing",
            "dice": 1,
            "die": "d4"
        },
        "description": {
            "value": "<p>A <em>ghast stiletto</em> is a <em>+1 dagger</em> wrapped in the still-undead skin of a ghast. While you wield the dagger, you gain a +1 status bonus to all saves against paralysis.</p>\n<p><strong>Activate</strong> <span class=\"action-glyph\">1</span> command, Interact (divine, necromancy, olfactory)</p>\n<p><strong>Frequency</strong> once per hour</p>\n<hr />\n<p><strong>Effect</strong> The ghast stiletto afflicts the next living target struck by the dagger with a terrible wound that emits the foul stench of the grave. For the next minute, the target creature, as well as any creatures within a @Template[emanation|distance:10], must succeed at a @Check[fortitude|dc:16|traits:divine,necromancy,olfactory] save or become @UUID[Compendium.pf2e.conditionitems.Item.Sickened]{Sickened 1} (plus @UUID[Compendium.pf2e.conditionitems.Item.Slowed]{Slowed 1} as long as it's sickened on a critical failure). While within the emanation, the creature takes a –2 circumstance penalty to saves against disease and to recover from the sickened condition. A creature that succeeds at its save is temporarily immune for 1 minute.</p>\n<hr />\n<p><strong>Craft Requirements</strong> The initial raw materials must include skin from a ghast.</p>"
        },
        "group": "knife",
        "hardness": 0,
        "hp": {
            "max": 0,
            "value": 0
        },
        "level": {
            "value": 3
        },
        "material": {
            "grade": null,
            "type": null
        },
        "price": {
            "value": {
                "gp": 60
            }
        },
        "publication": {
            "license": "OGL",
            "remaster": false,
            "title": "Pathfinder Treasure Vault"
        },
        "quantity": 1,
        "range": null,
        "reload": {
            "value": "-"
        },
        "rules": [
            {
                "key": "FlatModifier",
                "predicate": [
                    "inflicts:paralysis"
                ],
                "selector": "saving-throw",
                "type": "status",
                "value": 1
            }
        ],
        "runes": {
            "potency": 1,
            "property": [],
            "striking": 0
        },
        "size": "med",
        "specific": {
            "material": {
                "grade": null,
                "type": null
            },
            "runes": {
                "potency": 1,
                "property": [],
                "striking": 0
            }
        },
        "splashDamage": {
            "value": 0
        },
        "traits": {
            "rarity": "common",
            "value": [
                "agile",
                "finesse",
                "thrown-10",
                "versatile-s"
            ]
        },
        "usage": {
            "value": "held-in-one-hand"
        }
    },
    "type": "weapon"
}
