{
    "_id": "LNd5u19GqC51ngby",
    "img": "systems/pf2e/icons/equipment/alchemical-items/alchemical-bombs/ghost-charge.webp",
    "name": "Ghost Charge (Lesser)",
    "system": {
        "baseItem": "alchemical-bomb",
        "bonus": {
            "value": 0
        },
        "bonusDamage": {
            "value": 0
        },
        "bulk": {
            "value": 0.1
        },
        "category": "martial",
        "containerId": null,
        "damage": {
            "damageType": "vitality",
            "dice": 1,
            "die": "d8"
        },
        "description": {
            "value": "<p><strong>Activate</strong> <span class=\"action-glyph\">A</span> Strike</p>\n<hr />\n<p>These spring-loaded metal canisters contain a mixture of chemicals and salts that drain and disintegrate nearby undead creatures.</p>\n<p>A <em>ghost charge</em> deals 1d8 vitality damage and 1 vitality splash damage, though as usual for vitality damage, this damage harms only undead and creatures with void healing. A primary target that takes damage from a <em>ghost charge</em> becomes @UUID[Compendium.pf2e.conditionitems.Item.Enfeebled]{Enfeebled 1} until the start of your next turn.</p>\n<p><em>Ghost charges</em> are designed to explode even on contact with a spiritual substance, making them ideal for damaging incorporeal undead.</p>"
        },
        "group": "bomb",
        "hardness": 0,
        "hp": {
            "max": 0,
            "value": 0
        },
        "level": {
            "value": 1
        },
        "material": {
            "grade": null,
            "type": null
        },
        "price": {
            "value": {
                "gp": 3
            }
        },
        "publication": {
            "license": "ORC",
            "remaster": true,
            "title": "Pathfinder Player Core 2"
        },
        "quantity": 1,
        "range": 20,
        "reload": {
            "value": "-"
        },
        "rules": [
            {
                "key": "Note",
                "selector": "{item|_id}-damage",
                "text": "PF2E.BombNotes.GhostCharge.Lesser.success"
            }
        ],
        "runes": {
            "potency": 0,
            "property": [],
            "striking": 0
        },
        "size": "med",
        "splashDamage": {
            "value": 1
        },
        "traits": {
            "rarity": "common",
            "value": [
                "alchemical",
                "bomb",
                "consumable",
                "splash",
                "vitality"
            ]
        },
        "usage": {
            "canBeAmmo": false,
            "value": "held-in-one-hand"
        }
    },
    "type": "weapon"
}
