{
    "_id": "5IXLQVFWf2PEUHOJ",
    "img": "systems/pf2e/icons/default-icons/weapon.svg",
    "name": "Giant Squid Lash",
    "system": {
        "baseItem": "whip",
        "bonus": {
            "value": 0
        },
        "bonusDamage": {
            "value": 0
        },
        "bulk": {
            "value": 1
        },
        "category": "martial",
        "containerId": null,
        "damage": {
            "damageType": "slashing",
            "dice": 1,
            "die": "d4"
        },
        "description": {
            "value": "<p>Three dried tentacles from a giant squid studded with pufferfish spines have been twisted together to form this robust <em>+1 @UUID[Compendium.pf2e.equipment-srd.Item.Wounding] whip</em>. With a clever flick of the wrist, they can be unfurled into a deadly arc of poisonous barbs.</p><hr /><p><strong>Activate—Poison Barrage</strong> <span class=\"action-glyph\">2</span> (manipulate)</p>\n<p><strong>Frequency</strong> once per hour</p>\n<p><strong>Effect</strong> You lash out with the whip's three tentacles in a @Template[cone|distance:15]. Each creature inside the cone must attempt a @Check[fortitude|dc:27|basic|options:area-effect] save or take @Damage[4d6[poison]|options:area-damage] damage. On a critical failure, the creature also takes @Damage[1d6[persistent,poison]] damage.</p><hr /><p><strong>Craft Requirements</strong> The initial raw materials must include three tentacles from a giant squid.</p>"
        },
        "group": "flail",
        "hardness": 0,
        "hp": {
            "max": 0,
            "value": 0
        },
        "level": {
            "value": 10
        },
        "material": {
            "grade": null,
            "type": null
        },
        "price": {
            "value": {
                "gp": 750
            }
        },
        "publication": {
            "license": "ORC",
            "remaster": true,
            "title": "Pathfinder Howl of the Wild"
        },
        "quantity": 1,
        "range": null,
        "reload": {
            "value": null
        },
        "rules": [],
        "runes": {
            "potency": 1,
            "property": [
                "wounding"
            ],
            "striking": 0
        },
        "size": "med",
        "specific": {
            "material": {
                "grade": null,
                "type": null
            },
            "runes": {
                "potency": 1,
                "property": [
                    "wounding"
                ],
                "striking": 0
            }
        },
        "splashDamage": {
            "value": 0
        },
        "traits": {
            "rarity": "uncommon",
            "value": [
                "disarm",
                "finesse",
                "magical",
                "nonlethal",
                "reach",
                "trip"
            ]
        },
        "usage": {
            "value": "held-in-one-hand"
        }
    },
    "type": "weapon"
}
