{
    "_id": "J5It6yq3ZkN059zP",
    "img": "systems/pf2e/icons/equipment/weapons/specific-magic-weapons/glaive-of-the-artist.webp",
    "name": "Glaive of the Artist",
    "system": {
        "baseItem": "glaive",
        "bonus": {
            "value": 2
        },
        "bonusDamage": {
            "value": 0
        },
        "bulk": {
            "value": 2
        },
        "category": "martial",
        "containerId": null,
        "damage": {
            "damageType": "slashing",
            "dice": 1,
            "die": "d8"
        },
        "description": {
            "value": "<p>This <em>+2 @UUID[Compendium.pf2e.equipment-srd.Item.Holy] greater striking glaive</em> has a long, multi-tailed rainbow-colored banner affixed to the butt of the pole in the style of Shelyn's religious symbol. While wielding the glaive, you gain a +2 item bonus on Crafting and Performance checks.</p>\n<hr />\n<p><strong>Activate</strong> <span class=\"action-glyph\">A</span> Interact</p>\n<p><strong>Frequency</strong> once per round</p>\n<hr />\n<p><strong>Effect</strong> You furl one of the colored tails around the pole, causing the glaive to gain the effects of your choice of the corrosive, flaming, frost, shocking, or thundering property runes for 1 round, depending on the tail you chose.</p>\n<hr />\n<p><strong>Activate</strong> <span class=\"action-glyph\">2</span> Interact</p>\n<p><strong>Frequency</strong> once per day</p>\n<hr />\n<p><strong>Effect</strong> You thrust the blade of the glaive into the ground, activating the power of the banner. (The blade can penetrate any non-metallic surface when used in this way, and does not leave a mark when withdrawn.) As long as the glaive is thrust into the ground and standing upright, all allies within 60 feet who can see the glaive's banner gain a +2 item bonus to Performance checks.</p>\n<p>@UUID[Compendium.pf2e.equipment-effects.Item.Effect: Glaive of the Artist]</p>"
        },
        "group": "polearm",
        "hardness": 0,
        "hp": {
            "max": 0,
            "value": 0
        },
        "level": {
            "value": 14
        },
        "material": {
            "grade": null,
            "type": null
        },
        "price": {
            "value": {
                "gp": 4000
            }
        },
        "publication": {
            "license": "OGL",
            "remaster": false,
            "title": "Pathfinder Lost Omens Gods & Magic"
        },
        "quantity": 1,
        "range": null,
        "reload": {
            "value": ""
        },
        "rules": [
            {
                "key": "FlatModifier",
                "selector": [
                    "crafting",
                    "performance"
                ],
                "type": "item",
                "value": 2
            }
        ],
        "runes": {
            "potency": 2,
            "property": [
                "holy"
            ],
            "striking": 2
        },
        "size": "med",
        "specific": {
            "material": {
                "grade": null,
                "type": null
            },
            "runes": {
                "potency": 2,
                "property": [
                    "holy"
                ],
                "striking": 2
            }
        },
        "splashDamage": {
            "value": null
        },
        "traits": {
            "rarity": "uncommon",
            "value": [
                "deadly-d8",
                "forceful",
                "magical",
                "reach"
            ]
        },
        "usage": {
            "value": "held-in-two-hands"
        }
    },
    "type": "weapon"
}
