{
    "_id": "HWVORFebjWAPQ2NI",
    "img": "systems/pf2e/icons/equipment/weapons/specific-magic-weapons/gloaming-shard.webp",
    "name": "Gloaming Shard",
    "system": {
        "baseItem": "dagger",
        "bonus": {
            "value": 0
        },
        "bonusDamage": {
            "value": 0
        },
        "bulk": {
            "value": 0.1
        },
        "category": "simple",
        "containerId": null,
        "damage": {
            "damageType": "piercing",
            "dice": 1,
            "die": "d4"
        },
        "description": {
            "value": "<p>The blade of this <em>+2 striking returning dagger</em> shines the color of twilight, with a triangular lattice design on the hilt. A thin string of darkness connects your shadow to that of the blade, even once it leaves your hand.</p>\n<hr />\n<p><strong>Activate</strong> <span class=\"action-glyph\">2</span> Interact (shadow, teleportation)</p>\n<p><strong>Frequency</strong> once per hour</p>\n<hr />\n<p><strong>Effect</strong> You make a thrown Strike with the gloaming shard at a target within 60 feet. Whether you hit or miss, rather than returning to you, the blade pulls you down into your own shadow and along the connecting thread. You instantly teleport to a space adjacent to the target of your Strike, as @UUID[Compendium.pf2e.spells-srd.Item.Translocate], and then catch the dagger in your hand.</p>"
        },
        "group": "knife",
        "hardness": 0,
        "hp": {
            "max": 0,
            "value": 0
        },
        "level": {
            "value": 11
        },
        "material": {
            "grade": null,
            "type": null
        },
        "price": {
            "value": {
                "gp": 1400
            }
        },
        "publication": {
            "license": "OGL",
            "remaster": false,
            "title": "Pathfinder Secrets of Magic"
        },
        "quantity": 1,
        "range": null,
        "reload": {
            "value": "-"
        },
        "rules": [],
        "runes": {
            "potency": 2,
            "property": [
                "returning"
            ],
            "striking": 1
        },
        "size": "med",
        "specific": {
            "material": {
                "grade": null,
                "type": null
            },
            "runes": {
                "potency": 2,
                "property": [
                    "returning"
                ],
                "striking": 1
            }
        },
        "splashDamage": {
            "value": 0
        },
        "traits": {
            "rarity": "common",
            "value": [
                "agile",
                "finesse",
                "magical",
                "shadow",
                "thrown-10",
                "versatile-s"
            ]
        },
        "usage": {
            "value": "held-in-one-hand"
        }
    },
    "type": "weapon"
}
