{
    "_id": "w5ZX1R3dPvuLcuRx",
    "img": "systems/pf2e/icons/equipment/weapons/specific-magic-weapons/gloom-blade.webp",
    "name": "Gloom Blade",
    "system": {
        "baseItem": "shortsword",
        "bonus": {
            "value": 1
        },
        "bonusDamage": {
            "value": 0
        },
        "bulk": {
            "value": 0.1
        },
        "category": "martial",
        "containerId": null,
        "damage": {
            "damageType": "piercing",
            "dice": 1,
            "die": "d6"
        },
        "description": {
            "value": "<p>As black as coal, this blade grows more potent in darkness. While in bright light, it functions as a <em>+1 shortsword</em> and doesn't appear to radiate a magic aura to @UUID[Compendium.pf2e.spells-srd.Item.Detect Magic] or similar spells unless the spells are 4th rank or higher.</p>\n<p>In dim light or darkness, the <em>gloom blade</em> becomes a <em>+2 striking shortsword</em>. Whenever you use the <em>gloom blade</em> to attack a creature you're undetected by, you deal 1d6 additional precision damage.</p>\n<p>To upgrade the <em>gloom blade's</em> fundamental runes, start with the base <em>+1 shortsword</em>, but if you improve it beyond a <em>+2 striking shortsword</em>, the runes apply in dim light or darkness as well.</p>"
        },
        "group": "sword",
        "hardness": 0,
        "hp": {
            "max": 0,
            "value": 0
        },
        "level": {
            "value": 9
        },
        "material": {
            "grade": null,
            "type": null
        },
        "price": {
            "value": {
                "gp": 700
            }
        },
        "publication": {
            "license": "ORC",
            "remaster": true,
            "title": "Pathfinder GM Core"
        },
        "quantity": 1,
        "range": null,
        "reload": {
            "value": ""
        },
        "rules": [
            {
                "domain": "all",
                "key": "RollOption",
                "label": "PF2E.SkillVariant.DimLightOrDarkness",
                "option": "lighting:dim-light",
                "toggleable": true
            },
            {
                "key": "WeaponPotency",
                "predicate": [
                    {
                        "or": [
                            "lighting:dim-light",
                            "lighting:darkness"
                        ]
                    }
                ],
                "selector": "{item|_id}-attack",
                "value": 2
            },
            {
                "key": "Striking",
                "predicate": [
                    {
                        "or": [
                            "lighting:dim-light",
                            "lighting:darkness"
                        ]
                    }
                ],
                "selector": "{item|_id}-damage",
                "value": 1
            },
            {
                "category": "precision",
                "diceNumber": 1,
                "dieSize": "d6",
                "key": "DamageDice",
                "predicate": [
                    "self:condition:undetected"
                ],
                "selector": "{item|_id}-damage"
            }
        ],
        "runes": {
            "potency": 1,
            "property": [],
            "striking": 0
        },
        "size": "med",
        "specific": {
            "material": {
                "grade": null,
                "type": null
            },
            "runes": {
                "potency": 1,
                "property": [],
                "striking": 0
            }
        },
        "splashDamage": {
            "value": 0
        },
        "traits": {
            "rarity": "common",
            "value": [
                "agile",
                "finesse",
                "magical",
                "versatile-s"
            ]
        },
        "usage": {
            "value": "held-in-one-hand"
        }
    },
    "type": "weapon"
}
