{
    "_id": "BxJNWWvpxacDIsdt",
    "img": "icons/containers/bags/sack-simple-leather-tan.webp",
    "name": "Glue Bomb (Major)",
    "system": {
        "baseItem": "alchemical-bomb",
        "bonus": {
            "value": 3
        },
        "bonusDamage": {
            "value": 0
        },
        "bulk": {
            "value": 0.1
        },
        "category": "martial",
        "containerId": null,
        "damage": {
            "damageType": "bludgeoning",
            "dice": 0,
            "die": ""
        },
        "description": {
            "value": "<p><strong>Activate</strong> <span class=\"action-glyph\">1</span> Strike</p><hr /><p>A glue bomb is a harmless explosive mechanism bursting with sticky substances. When you hit a creature with a glue bomb, that creature takes a –20-foot status penalty to its Speeds for 1 minute. You gain a +3 item bonus to attack rolls, and the @UUID[Compendium.pf2e.actionspf2e.Item.Escape] DC is [[/act escape dc=37]]{37}.</p>\n<p>On a critical hit, a creature in contact with a solid surface becomes stuck to the surface and @UUID[Compendium.pf2e.conditionitems.Item.Immobilized] for 1 round, and a creature flying via wings has its wings tangled, causing it to fall safely to the ground and become unable to Fly again for 1 round. Glue bombs are not effective when used on a creature that is in water.</p>\n<p>The target can end any effects by Escaping or spending a total of 3 Interact actions to carefully remove the sticky substances. These Interact actions don't have to be consecutive, and other creatures can provide the actions as well.</p>\n<p>@UUID[Compendium.pf2e.equipment-effects.Item.Effect: Glue Bomb]</p>"
        },
        "group": "bomb",
        "hardness": 0,
        "hp": {
            "max": 0,
            "value": 0
        },
        "level": {
            "value": 17
        },
        "material": {
            "grade": null,
            "type": null
        },
        "price": {
            "value": {
                "gp": 2500
            }
        },
        "publication": {
            "license": "ORC",
            "remaster": true,
            "title": "Pathfinder GM Core"
        },
        "quantity": 1,
        "range": 20,
        "reload": {
            "value": "-"
        },
        "rules": [
            {
                "key": "Note",
                "outcome": [
                    "success"
                ],
                "selector": "{item|_id}-attack",
                "text": "PF2E.BombNotes.TanglefootBag.Major.success",
                "title": "{item|name}"
            },
            {
                "key": "Note",
                "outcome": [
                    "criticalSuccess"
                ],
                "selector": "{item|_id}-attack",
                "text": "PF2E.BombNotes.TanglefootBag.Major.criticalSuccess",
                "title": "{item|name}"
            }
        ],
        "runes": {
            "potency": 0,
            "property": [],
            "striking": 0
        },
        "size": "med",
        "splashDamage": {
            "value": 0
        },
        "traits": {
            "rarity": "common",
            "value": [
                "alchemical",
                "bomb",
                "consumable"
            ]
        },
        "usage": {
            "canBeAmmo": false,
            "value": "held-in-one-hand"
        }
    },
    "type": "weapon"
}
