{
    "_id": "caWhNJ2ahCzZjr55",
    "img": "systems/pf2e/icons/equipment/weapons/gnome-amalgam-musket.webp",
    "name": "Gnome Amalgam Musket",
    "system": {
        "baseItem": "gnome-amalgam-musket",
        "bonus": {
            "value": 0
        },
        "bonusDamage": {
            "value": 0
        },
        "bulk": {
            "value": 2
        },
        "category": "martial",
        "containerId": null,
        "damage": {
            "damageType": "piercing",
            "dice": 1,
            "die": "d6"
        },
        "description": {
            "value": "<p>Rumored to be the result of a gnomish dare to make a variant of a hooked hammer that's even more intricate and complex, this weapon adds a musket to the mix of an already overcomplicated device.</p>"
        },
        "group": "firearm",
        "hardness": 0,
        "hp": {
            "max": 0,
            "value": 0
        },
        "level": {
            "value": 1
        },
        "material": {
            "grade": null,
            "type": null
        },
        "meleeUsage": {
            "damage": {
                "die": "d8",
                "type": "bludgeoning"
            },
            "group": "hammer",
            "traits": [
                "backswing",
                "critical-fusion",
                "gnome",
                "trip",
                "versatile-p"
            ]
        },
        "price": {
            "value": {
                "gp": 10
            }
        },
        "publication": {
            "license": "ORC",
            "remaster": true,
            "title": "Pathfinder Guns & Gears"
        },
        "quantity": 1,
        "range": 50,
        "reload": {
            "value": "2"
        },
        "rules": [],
        "runes": {
            "potency": 0,
            "property": [],
            "striking": 0
        },
        "size": "med",
        "splashDamage": {
            "value": 0
        },
        "traits": {
            "rarity": "uncommon",
            "value": [
                "combination",
                "concussive",
                "fatal-d10",
                "gnome"
            ]
        },
        "usage": {
            "value": "held-in-two-hands"
        }
    },
    "type": "weapon"
}
