{
    "_id": "wi97vRj8IXx3wLmZ",
    "img": "icons/consumables/potions/bottle-round-ring-teal.webp",
    "name": "Goo Grenade (Moderate)",
    "system": {
        "baseItem": "alchemical-bomb",
        "bonus": {
            "value": 1
        },
        "bonusDamage": {
            "value": 0
        },
        "bulk": {
            "value": 0.1
        },
        "category": "martial",
        "containerId": null,
        "damage": {
            "damageType": "acid",
            "dice": 2,
            "die": "d4",
            "persistent": {
                "faces": null,
                "number": 2,
                "type": "acid"
            }
        },
        "description": {
            "value": "<p><strong>Activate</strong> <span class=\"action-glyph\">1</span> Strike</p>\n<p>A goo grenade is a flask filled with a fast-growing, short-lived alchemical ooze. When you hit a creature with a goo grenade, that creature takes 2d4 acid damage, 2 persistent acid damage, and 2 acid splash damage, and a -5 circumstance penalty to its Speeds from the clinging goo. You gain a +1 item bonus to attack rolls. The target can end any penalties, conditions, and persistent damage caused by the bomb by Escaping (DC 17) or spending a total of 3 Interact actions to pry themselves free of the ooze. These Interact actions don't have to be consecutive, and other creatures can provide the actions as well.</p>\n<p>@UUID[Compendium.pf2e.equipment-effects.Item.Effect: Goo Grenade]</p>"
        },
        "group": "bomb",
        "hardness": 0,
        "hp": {
            "max": 0,
            "value": 0
        },
        "level": {
            "value": 3
        },
        "material": {
            "grade": null,
            "type": null
        },
        "price": {
            "value": {
                "gp": 10
            }
        },
        "publication": {
            "license": "OGL",
            "remaster": false,
            "title": "Pathfinder Lost Omens Impossible Lands"
        },
        "quantity": 1,
        "range": 20,
        "reload": {
            "value": "-"
        },
        "rules": [
            {
                "key": "Note",
                "outcome": [
                    "success",
                    "criticalSuccess"
                ],
                "selector": "{item|_id}-damage",
                "text": "PF2E.BombNotes.GooGrenade.success"
            }
        ],
        "runes": {
            "potency": 0,
            "property": [],
            "striking": 0
        },
        "size": "med",
        "splashDamage": {
            "value": 2
        },
        "traits": {
            "rarity": "uncommon",
            "value": [
                "alchemical",
                "bomb",
                "consumable",
                "splash"
            ]
        },
        "usage": {
            "canBeAmmo": false,
            "value": "held-in-one-hand"
        }
    },
    "type": "weapon"
}
