{
    "_id": "8COlYvHe6hKCXY8x",
    "img": "icons/weapons/axes/axe-double-engraved.webp",
    "name": "Greataxe",
    "system": {
        "baseItem": "greataxe",
        "bonus": {
            "value": 0
        },
        "bonusDamage": {
            "value": 0
        },
        "bulk": {
            "value": 2
        },
        "category": "martial",
        "containerId": null,
        "damage": {
            "damageType": "slashing",
            "dice": 1,
            "die": "d12"
        },
        "description": {
            "value": "<p>This large battle axe is too heavy to wield with only one hand. Many greataxes incorporate two blades, and they are often \"bearded,\" having a hook at the bottom to increase the strength of their chopping power.</p>"
        },
        "group": "axe",
        "hardness": 0,
        "hp": {
            "max": 0,
            "value": 0
        },
        "level": {
            "value": 0
        },
        "material": {
            "grade": null,
            "type": null
        },
        "price": {
            "value": {
                "gp": 2
            }
        },
        "publication": {
            "license": "ORC",
            "remaster": true,
            "title": "Pathfinder Player Core"
        },
        "quantity": 1,
        "range": null,
        "reload": {
            "value": ""
        },
        "rules": [],
        "runes": {
            "potency": 0,
            "property": [],
            "striking": 0
        },
        "size": "med",
        "splashDamage": {
            "value": 0
        },
        "traits": {
            "rarity": "common",
            "value": [
                "sweep"
            ]
        },
        "usage": {
            "value": "held-in-two-hands"
        }
    },
    "type": "weapon"
}
