{
    "_id": "3Zv5hSXXtlaDatUv",
    "img": "systems/pf2e/icons/equipment/weapons/greatpick.webp",
    "name": "Greatpick",
    "system": {
        "baseItem": "greatpick",
        "bonus": {
            "value": 0
        },
        "bonusDamage": {
            "value": 0
        },
        "bulk": {
            "value": 2
        },
        "category": "martial",
        "containerId": null,
        "damage": {
            "damageType": "piercing",
            "dice": 1,
            "die": "d10"
        },
        "description": {
            "value": "<p>This pick has a longer handle and broader head than a regular pick. It is too heavy to wield in one hand.</p>"
        },
        "group": "pick",
        "hardness": 0,
        "hp": {
            "max": 0,
            "value": 0
        },
        "level": {
            "value": 0
        },
        "material": {
            "grade": null,
            "type": null
        },
        "price": {
            "value": {
                "gp": 1
            }
        },
        "publication": {
            "license": "ORC",
            "remaster": true,
            "title": "Pathfinder Player Core"
        },
        "quantity": 1,
        "range": null,
        "reload": {
            "value": ""
        },
        "rules": [],
        "runes": {
            "potency": 0,
            "property": [],
            "striking": 0
        },
        "size": "med",
        "splashDamage": {
            "value": 0
        },
        "traits": {
            "rarity": "common",
            "value": [
                "fatal-d12"
            ]
        },
        "usage": {
            "value": "held-in-two-hands"
        }
    },
    "type": "weapon"
}
