{
    "_id": "ER9gH5A7elGPdHag",
    "img": "systems/pf2e/icons/equipment/weapons/injection-spear.webp",
    "name": "Grounding Spike",
    "system": {
        "baseItem": "dancers-spear",
        "bonus": {
            "value": 0
        },
        "bonusDamage": {
            "value": 0
        },
        "bulk": {
            "value": 1
        },
        "category": "martial",
        "containerId": null,
        "damage": {
            "damageType": "piercing",
            "dice": 1,
            "die": "d6"
        },
        "description": {
            "value": "<p>Metal caps the bottom of this <em>+1 striking thundering dancer's spear</em> and its point gives off the faint smell of ozone. If you hit a target that has been struck by a polarizing mace within the last round, you deal additional electricity damage to the target equal to the number of grounding spike's damage dice. If you critically hit such a target, the creature is @UUID[Compendium.pf2e.conditionitems.Item.Off-Guard] until the start of your next turn.</p>\n<p><strong>Special</strong> The grounding spike pairs with the <em>polarizing mace</em>.</p>"
        },
        "group": "spear",
        "hardness": 0,
        "hp": {
            "max": 0,
            "value": 0
        },
        "level": {
            "value": 10
        },
        "material": {
            "grade": null,
            "type": null
        },
        "price": {
            "value": {
                "gp": 950
            }
        },
        "publication": {
            "license": "OGL",
            "remaster": false,
            "title": "Pathfinder Treasure Vault"
        },
        "quantity": 1,
        "range": null,
        "reload": {
            "value": ""
        },
        "rules": [],
        "runes": {
            "potency": 1,
            "property": [
                "thundering"
            ],
            "striking": 1
        },
        "size": "med",
        "specific": {
            "material": {
                "grade": null,
                "type": null
            },
            "runes": {
                "potency": 1,
                "property": [
                    "thundering"
                ],
                "striking": 1
            }
        },
        "splashDamage": {
            "value": 0
        },
        "traits": {
            "rarity": "uncommon",
            "value": [
                "backswing",
                "finesse",
                "reach",
                "sweep",
                "versatile-b"
            ]
        },
        "usage": {
            "value": "held-in-two-hands"
        }
    },
    "type": "weapon"
}
