{
    "_id": "ssS1yEAZwZun8yFw",
    "img": "systems/pf2e/icons/default-icons/weapon.svg",
    "name": "Growth Gun",
    "system": {
        "baseItem": "hand-cannon",
        "bonus": {
            "value": 0
        },
        "bonusDamage": {
            "value": 0
        },
        "bulk": {
            "value": 1
        },
        "category": "simple",
        "containerId": null,
        "damage": {
            "damageType": "piercing",
            "dice": 1,
            "die": "d6"
        },
        "description": {
            "value": "<p>A <em>growth gun</em> is a <em>+1 striking hand cannon</em> made from the regenerative flesh of a hydra, troll, or other similar creature. It has an attached flesh sac that slowly replenishes one shot each round and can be loaded like a normal round of ammunition. It fires regenerating gobbets of flesh, bone, or teeth, determined by the damage type selected for its modular trait. A <em>growth gun</em> can be fired underwater, though it's still limited by the selected damage type as normal.</p><hr /><p><strong>Activate—Wart Shot</strong> <span class=\"action-glyph\">2</span> (manipulate)</p>\n<p><strong>Frequency</strong> once per minute</p>\n<p><strong>Effect</strong> Make a ranged Strike. On a hit, the creature becomes covered in a mass of flesh that continues to grow on the target for a brief time. The creature becomes @UUID[Compendium.pf2e.conditionitems.Item.Slowed]{Slowed 1} for 1 round, after which the growth withers and falls off.</p><hr /><p><strong>Craft Requirements</strong> The initial raw materials must include the flesh of a creature with regeneration.</p>"
        },
        "group": "firearm",
        "hardness": 0,
        "hp": {
            "max": 0,
            "value": 0
        },
        "level": {
            "value": 9
        },
        "material": {
            "grade": null,
            "type": null
        },
        "price": {
            "value": {
                "gp": 700
            }
        },
        "publication": {
            "license": "ORC",
            "remaster": true,
            "title": "Pathfinder Guns & Gears"
        },
        "quantity": 1,
        "range": 30,
        "reload": {
            "value": "1"
        },
        "rules": [],
        "runes": {
            "potency": 1,
            "property": [],
            "striking": 1
        },
        "size": "med",
        "specific": {
            "material": {
                "grade": null,
                "type": null
            },
            "runes": {
                "potency": 1,
                "property": [],
                "striking": 1
            }
        },
        "splashDamage": {
            "value": 0
        },
        "traits": {
            "rarity": "uncommon",
            "value": [
                "magical",
                "modular"
            ]
        },
        "usage": {
            "value": "held-in-one-hand"
        }
    },
    "type": "weapon"
}
