{
    "_id": "REvrniIEqBykkWyI",
    "img": "icons/weapons/wands/wand-carved-pink.webp",
    "name": "Guardian Staff (Major)",
    "system": {
        "baseItem": "staff",
        "bonus": {
            "value": 0
        },
        "bonusDamage": {
            "value": 0
        },
        "bulk": {
            "value": 1
        },
        "category": "simple",
        "containerId": null,
        "damage": {
            "damageType": "bludgeoning",
            "dice": 1,
            "die": "d4"
        },
        "description": {
            "value": "<p>A <em>guardian staff</em> is formed from ivory strands woven in a diamond pattern and capped with a glowing ruby. Those charged with protecting others value this staff's spells.</p>\n<hr />\n<p><strong>Activate</strong> <span class=\"action-glyph\">1</span> envision</p>\n<p><strong>Effect</strong> You raise the staff and choose an ally within 10 feet. A ruby-colored plane of force appears like a shield near the ally, granting them a +1 circumstance bonus to AC until the start of your next turn. If you use this action again, any creature you previously granted this bonus to loses it.</p>\n<p>@UUID[Compendium.pf2e.equipment-effects.Item.Effect: Guardian Staff]</p>\n<hr />\n<p><strong>Activate</strong> Cast a Spell</p>\n<p><strong>Effect</strong> You expend a number of charges from the staff to cast a spell from its list.</p>\n<ul>\n<li><strong>Cantrip</strong> @UUID[Compendium.pf2e.spells-srd.Item.Forbidding Ward]</li>\n<li><strong>1st</strong> @UUID[Compendium.pf2e.spells-srd.Item.Sanctuary], @UUID[Compendium.pf2e.spells-srd.Item.Spirit Link]</li>\n<li><strong>2nd</strong> @UUID[Compendium.pf2e.spells-srd.Item.Share Life], @UUID[Compendium.pf2e.spells-srd.Item.Spirit Link]</li>\n<li><strong>3rd</strong> @UUID[Compendium.pf2e.spells-srd.Item.Life Connection], @UUID[Compendium.pf2e.spells-srd.Item.Spirit Link]</li>\n<li><strong>4th</strong> @UUID[Compendium.pf2e.spells-srd.Item.Unfettered Movement], @UUID[Compendium.pf2e.spells-srd.Item.Spirit Link]</li>\n<li><strong>5th</strong> @UUID[Compendium.pf2e.spells-srd.Item.Blessing of Defiance], @UUID[Compendium.pf2e.spells-srd.Item.Death Ward], @UUID[Compendium.pf2e.spells-srd.Item.Spirit Link]</li>\n<li><strong>6th</strong> @UUID[Compendium.pf2e.spells-srd.Item.Unfettered Movement], @UUID[Compendium.pf2e.spells-srd.Item.Repulsion], @UUID[Compendium.pf2e.spells-srd.Item.Scintillating Safeguard], @UUID[Compendium.pf2e.spells-srd.Item.Spirit Link]</li>\n</ul>\n<hr />\n<p><strong>Craft Requirements</strong> Supply one casting of all listed levels of all listed spells.</p>"
        },
        "group": "club",
        "hardness": 0,
        "hp": {
            "max": 0,
            "value": 0
        },
        "level": {
            "value": 14
        },
        "material": {
            "grade": null,
            "type": null
        },
        "price": {
            "value": {
                "gp": 4000
            }
        },
        "publication": {
            "license": "OGL",
            "remaster": false,
            "title": "Pathfinder Treasure Vault"
        },
        "quantity": 1,
        "range": null,
        "reload": {
            "value": ""
        },
        "rules": [],
        "runes": {
            "potency": 0,
            "property": [],
            "striking": 0
        },
        "size": "med",
        "splashDamage": {
            "value": 0
        },
        "traits": {
            "rarity": "common",
            "value": [
                "magical",
                "staff",
                "two-hand-d8"
            ]
        },
        "usage": {
            "value": "held-in-one-hand"
        }
    },
    "type": "weapon"
}
