{
    "_id": "10J0WjnfgRvriLXc",
    "img": "systems/pf2e/icons/equipment/weapons/gun-sword.webp",
    "name": "Gun Sword",
    "system": {
        "baseItem": "gun-sword",
        "bonus": {
            "value": 0
        },
        "bonusDamage": {
            "value": 0
        },
        "bulk": {
            "value": 2
        },
        "category": "martial",
        "containerId": null,
        "damage": {
            "damageType": "piercing",
            "dice": 1,
            "die": "d10"
        },
        "description": {
            "value": "<p>This weapon consists of a large sword with a powerful gun based on a harmona gun down the center. Vanguards and other characters who rely on Strength and Dexterity enjoy the power and flexibility of a gun sword.</p>"
        },
        "group": "firearm",
        "hardness": 0,
        "hp": {
            "max": 0,
            "value": 0
        },
        "level": {
            "value": 1
        },
        "material": {
            "grade": null,
            "type": null
        },
        "meleeUsage": {
            "damage": {
                "die": "d8",
                "type": "slashing"
            },
            "group": "sword",
            "traits": [
                "critical-fusion",
                "versatile-p"
            ]
        },
        "price": {
            "value": {
                "gp": 13
            }
        },
        "publication": {
            "license": "ORC",
            "remaster": true,
            "title": "Pathfinder Guns & Gears"
        },
        "quantity": 1,
        "range": 30,
        "reload": {
            "value": "1"
        },
        "rules": [],
        "runes": {
            "potency": 0,
            "property": [],
            "striking": 0
        },
        "size": "med",
        "splashDamage": {
            "value": 0
        },
        "traits": {
            "rarity": "uncommon",
            "value": [
                "combination",
                "concussive",
                "kickback"
            ]
        },
        "usage": {
            "value": "held-in-two-hands"
        }
    },
    "type": "weapon"
}
