{
    "_id": "DV4qelKHrviM0O5i",
    "img": "icons/weapons/staves/staff-ornate-wood.webp",
    "name": "Halfling Sling Staff",
    "system": {
        "baseItem": "halfling-sling-staff",
        "bonus": {
            "value": 0
        },
        "bonusDamage": {
            "value": 0
        },
        "bulk": {
            "value": 1
        },
        "category": "martial",
        "containerId": null,
        "damage": {
            "damageType": "bludgeoning",
            "dice": 1,
            "die": "d10"
        },
        "description": {
            "value": "<p>This staff ends in a Y-shaped split that cradles a sling. The length of the staff provides excellent leverage when used two-handed to fling rocks or bullets from the sling.</p>"
        },
        "group": "sling",
        "hardness": 0,
        "hp": {
            "max": 0,
            "value": 0
        },
        "level": {
            "value": 0
        },
        "material": {
            "grade": null,
            "type": null
        },
        "price": {
            "value": {
                "gp": 5
            }
        },
        "publication": {
            "license": "ORC",
            "remaster": true,
            "title": "Pathfinder Player Core"
        },
        "quantity": 1,
        "range": 80,
        "reload": {
            "value": "1"
        },
        "rules": [],
        "runes": {
            "potency": 0,
            "property": [],
            "striking": 0
        },
        "size": "med",
        "splashDamage": {
            "value": 0
        },
        "traits": {
            "rarity": "uncommon",
            "value": [
                "halfling",
                "propulsive"
            ]
        },
        "usage": {
            "value": "held-in-two-hands"
        }
    },
    "type": "weapon"
}
