{
    "_id": "XyA6PKV46aNlLXOd",
    "img": "systems/pf2e/icons/equipment/weapons/hand-crossbow.webp",
    "name": "Hand Crossbow",
    "system": {
        "baseItem": "hand-crossbow",
        "bonus": {
            "value": 0
        },
        "bonusDamage": {
            "value": 0
        },
        "bulk": {
            "value": 0.1
        },
        "category": "simple",
        "containerId": null,
        "damage": {
            "damageType": "piercing",
            "dice": 1,
            "die": "d6"
        },
        "description": {
            "value": "<p>Sometimes referred to as an alley bow by rogues or ruffians, this small crossbow fires small bolts that are sometimes used to deliver poison to the target. It's small enough to be shot one-handed, but it still requires two hands to load.</p>"
        },
        "group": "crossbow",
        "hardness": 0,
        "hp": {
            "max": 0,
            "value": 0
        },
        "level": {
            "value": 0
        },
        "material": {
            "grade": null,
            "type": null
        },
        "price": {
            "value": {
                "gp": 3
            }
        },
        "publication": {
            "license": "ORC",
            "remaster": true,
            "title": "Pathfinder Player Core"
        },
        "quantity": 1,
        "range": 60,
        "reload": {
            "value": "1"
        },
        "rules": [],
        "runes": {
            "potency": 0,
            "property": [],
            "striking": 0
        },
        "size": "med",
        "splashDamage": {
            "value": 0
        },
        "traits": {
            "rarity": "common",
            "value": []
        },
        "usage": {
            "value": "held-in-one-hand"
        }
    },
    "type": "weapon"
}
