{
    "_id": "oTQKyZ8Vd2RPzaWK",
    "img": "icons/weapons/polearms/spear-simple-barbed.webp",
    "name": "Harpoon",
    "system": {
        "baseItem": "harpoon",
        "bonus": {
            "value": 0
        },
        "bonusDamage": {
            "value": 0
        },
        "bulk": {
            "value": 1
        },
        "category": "martial",
        "containerId": null,
        "damage": {
            "damageType": "piercing",
            "dice": 1,
            "die": "d8"
        },
        "description": {
            "value": "<p>Often used for hunting exceptionally large aquatic creatures, the harpoon is similar to a javelin but features a barbed head and rope tether so it (or the corpse it's attached to) can be easily retrieved.</p>"
        },
        "group": "dart",
        "hardness": 0,
        "hp": {
            "max": 0,
            "value": 0
        },
        "level": {
            "value": 0
        },
        "material": {
            "grade": null,
            "type": null
        },
        "price": {
            "value": {
                "gp": 1
            }
        },
        "publication": {
            "license": "OGL",
            "remaster": false,
            "title": "Pathfinder Treasure Vault"
        },
        "quantity": 1,
        "range": 30,
        "reload": {
            "value": "-"
        },
        "rules": [],
        "runes": {
            "potency": 0,
            "property": [],
            "striking": 0
        },
        "size": "med",
        "splashDamage": {
            "value": 0
        },
        "traits": {
            "rarity": "common",
            "value": [
                "tethered",
                "thrown"
            ]
        },
        "usage": {
            "canBeAmmo": false,
            "value": "held-in-two-hands"
        }
    },
    "type": "weapon"
}
