{
    "_id": "srCxiFF44RcuRMHD",
    "img": "icons/magic/fire/barrier-wall-flame-ring-yellow.webp",
    "name": "Heavenly Rolling Flames",
    "system": {
        "baseItem": "feng-huo-lun",
        "bonus": {
            "value": 0
        },
        "bonusDamage": {
            "value": 0
        },
        "bulk": {
            "value": 0.1
        },
        "category": "advanced",
        "containerId": null,
        "damage": {
            "damageType": "slashing",
            "dice": 1,
            "die": "d4"
        },
        "description": {
            "value": "<p>This set of <em>+2 greater striking flaming feng huo lun</em> is warm to the touch and wreathed in the bright red and orange glow of a constantly flickering flame. While wielded, you gain cold resistance 2, and you treat the effects of environmental cold as one degree lower. Heavenly rolling flames can be Activated only if you wield two of them, and Activating them counts against the frequency for both weapons.</p>\n<p><strong>Activate—Rolling Flight</strong> <span class=\"action-glyph\">2</span> (concentrate)</p>\n<p><strong>Frequency</strong> once per hour</p><hr /><p><strong>Effect</strong> You attach the wheels to your feet, and their constant movement and energy allow you to move through the air. You gain a fly Speed of 20 feet for 10 minutes. While in use in this way, you can't wield the wheels as weapons. You can spend an Interact action at any time to end this effect and re-grip the heavenly rolling flames. If you lack enough free hands to wield them, you drop them in your space.</p>\n<p>@UUID[Compendium.pf2e.equipment-effects.Item.Effect: Rolling Flight]</p>\n<p><strong>Activate—Speed of Heaven</strong> <span class=\"action-glyph\">2</span> (manipulate)</p>\n<p><strong>Frequency</strong> once per day</p><hr /><p><strong>Effect</strong> You cast @UUID[Compendium.pf2e.spells-srd.Item.Haste] as a 3rd-rank occult spell, but you can target only yourself.</p>"
        },
        "group": "knife",
        "hardness": 0,
        "hp": {
            "max": 0,
            "value": 0
        },
        "level": {
            "value": 14
        },
        "material": {
            "grade": null,
            "type": null
        },
        "price": {
            "value": {
                "gp": 4500
            }
        },
        "publication": {
            "license": "ORC",
            "remaster": true,
            "title": "Pathfinder Lost Omens Tian Xia Character Guide"
        },
        "quantity": 1,
        "range": null,
        "reload": {
            "value": ""
        },
        "rules": [
            {
                "key": "Resistance",
                "type": "cold",
                "value": 2
            }
        ],
        "runes": {
            "potency": 2,
            "property": [
                "flaming"
            ],
            "striking": 2
        },
        "size": "med",
        "specific": {
            "material": {
                "grade": null,
                "type": null
            },
            "runes": {
                "potency": 2,
                "property": [
                    "flaming"
                ],
                "striking": 2
            }
        },
        "splashDamage": {
            "value": 0
        },
        "traits": {
            "rarity": "uncommon",
            "value": [
                "agile",
                "disarm",
                "finesse",
                "magical",
                "monk",
                "parry",
                "twin",
                "versatile-p"
            ]
        },
        "usage": {
            "value": "held-in-one-hand"
        }
    },
    "type": "weapon"
}
