{
    "_id": "QbEkoFL1EYNGsOom",
    "img": "systems/pf2e/icons/equipment/staves/hell-staff.webp",
    "name": "Hell Staff",
    "system": {
        "baseItem": "staff",
        "bonus": {
            "value": 0
        },
        "bonusDamage": {
            "value": 0
        },
        "bulk": {
            "value": 1
        },
        "category": "simple",
        "containerId": null,
        "damage": {
            "damageType": "bludgeoning",
            "dice": 1,
            "die": "d4"
        },
        "description": {
            "value": "<p>A <em>hell staff</em> is a tall, pointed staff forged of red-tinted steel with Infernal inscriptions that march neatly down its sides. At its top sits an inverted ruby pyramid divided into nine sections. Found mostly in Cheliax or other lands where diabolic influences hold sway, when used as a weapon the staff is a <em>+3 greater striking axiomatic unholy staff</em>. When you prepare this staff, if you're holy, you become @UUID[Compendium.pf2e.conditionitems.Item.Drained]{Drained 1} until your next daily preparations. The staff's <em>summon lesser servitor spell</em> can be used only to summon animals with the fiend trait, devils, or hell hounds (at 4th level). Its <em>summon fiend</em> spell can summon only devils or hell hounds.</p>\n<hr />\n<p><strong>Activate</strong> Cast a Spell</p>\n<p><strong>Effect</strong> You expend a number of charges from the staff to cast a spell from its list.</p>\n<ul>\n<li><strong>Cantrip</strong> @UUID[Compendium.pf2e.spells-srd.Item.Divine Lance] (evil or lawful only)</li>\n<li><strong>1st</strong> @UUID[Compendium.pf2e.spells-srd.Item.Protection], @UUID[Compendium.pf2e.spells-srd.Item.Summon Lesser Servitor]</li>\n<li><strong>2nd</strong> @UUID[Compendium.pf2e.spells-srd.Item.Summon Lesser Servitor], <em>Undetectable Alignment</em></li>\n<li><strong>3rd</strong> @UUID[Compendium.pf2e.spells-srd.Item.Chilling Darkness], @UUID[Compendium.pf2e.spells-srd.Item.Summon Lesser Servitor]</li>\n<li><strong>4th</strong> @UUID[Compendium.pf2e.spells-srd.Item.Divine Wrath] (evil or lawful only), @UUID[Compendium.pf2e.spells-srd.Item.Summon Lesser Servitor]</li>\n<li><strong>5th</strong> @UUID[Compendium.pf2e.spells-srd.Item.Flame Strike], @UUID[Compendium.pf2e.spells-srd.Item.Summon Fiend]</li>\n<li><strong>6th</strong> @UUID[Compendium.pf2e.spells-srd.Item.Devil Form], @UUID[Compendium.pf2e.spells-srd.Item.Summon Fiend]</li>\n<li><strong>7th</strong> @UUID[Compendium.pf2e.spells-srd.Item.Divine Decree] (evil or lawful only), @UUID[Compendium.pf2e.spells-srd.Item.Summon Fiend]</li>\n</ul>\n<hr />\n<p><strong>Craft Requirements</strong> You're lawful evil. Supply one casting of all listed levels of all listed spells.</p>"
        },
        "group": "club",
        "hardness": 0,
        "hp": {
            "max": 0,
            "value": 0
        },
        "level": {
            "value": 17
        },
        "material": {
            "grade": null,
            "type": null
        },
        "price": {
            "value": {
                "gp": 13000
            }
        },
        "publication": {
            "license": "OGL",
            "remaster": false,
            "title": "Pathfinder Treasure Vault"
        },
        "quantity": 1,
        "range": null,
        "reload": {
            "value": ""
        },
        "rules": [],
        "runes": {
            "potency": 3,
            "property": [
                "unholy"
            ],
            "striking": 2
        },
        "size": "med",
        "specific": {
            "material": {
                "grade": null,
                "type": null
            },
            "runes": {
                "potency": 3,
                "property": [
                    "unholy"
                ],
                "striking": 2
            }
        },
        "splashDamage": {
            "value": 0
        },
        "traits": {
            "rarity": "uncommon",
            "value": [
                "evil",
                "magical",
                "staff",
                "two-hand-d8",
                "unholy"
            ]
        },
        "usage": {
            "value": "held-in-one-hand"
        }
    },
    "type": "weapon"
}
