{
    "_id": "z9T4c1hXwOotsMCp",
    "img": "systems/pf2e/icons/equipment/consumables/other-consumables/holy-water.webp",
    "name": "Holy Water",
    "system": {
        "baseItem": null,
        "bonus": {
            "value": 0
        },
        "bonusDamage": {
            "value": 0
        },
        "bulk": {
            "value": 0.1
        },
        "category": "simple",
        "containerId": null,
        "damage": {
            "damageType": "spirit",
            "dice": 1,
            "die": "d6"
        },
        "description": {
            "value": "<p><strong>Activate</strong> <span class=\"action-glyph\">A</span> Strike</p>\n<hr />\n<p>This vial contains water blessed by a benevolent deity. You activate a vial of <em>holy water</em> by throwing it as a Strike. It's a simple thrown weapon with a range increment of 20 feet.</p>\n<p><em>Holy water</em> deals 1d6 spirit damage and 1 spirit splash damage. <em>Holy water</em> can damage only creatures with the unholy trait.</p>"
        },
        "group": null,
        "hardness": 0,
        "hp": {
            "max": 0,
            "value": 0
        },
        "level": {
            "value": 1
        },
        "material": {
            "grade": null,
            "type": null
        },
        "price": {
            "value": {
                "gp": 3
            }
        },
        "publication": {
            "license": "ORC",
            "remaster": true,
            "title": "Pathfinder GM Core"
        },
        "quantity": 1,
        "range": 20,
        "reload": {
            "value": "-"
        },
        "rules": [
            {
                "key": "Note",
                "selector": "{item|id}-damage",
                "text": "PF2E.SpecificRule.Equipment.HolyWater.Note",
                "title": "{item|name}"
            }
        ],
        "runes": {
            "potency": 0,
            "property": [],
            "striking": 0
        },
        "size": "med",
        "splashDamage": {
            "value": 1
        },
        "traits": {
            "rarity": "common",
            "value": [
                "consumable",
                "divine",
                "holy",
                "splash",
                "thrown"
            ]
        },
        "usage": {
            "canBeAmmo": false,
            "value": "held-in-one-hand"
        }
    },
    "type": "weapon"
}
