{
    "_id": "a5DlDpB3RuSIvLIC",
    "img": "icons/weapons/bows/shortbow-recurve-bone.webp",
    "name": "Hongali Hornbow",
    "system": {
        "baseItem": "hongali-hornbow",
        "bonus": {
            "value": 0
        },
        "bonusDamage": {
            "value": 0
        },
        "bulk": {
            "value": 2
        },
        "category": "advanced",
        "containerId": null,
        "damage": {
            "damageType": "piercing",
            "dice": 1,
            "die": "d8"
        },
        "description": {
            "value": "<p>These immense bows are traditionally made from the horns of great beasts, though modern residents of Hongal, the northernmost nation in Tian Xia, often use composite materials or even small trees as the weapon's base. While Hongali hornbows have a shorter range than other bows, they make up for it by focusing the power of the longbow at a short distance and can be used from horseback-perfect for the skirmishing fighting style of mounted Hongali troops. While it's difficult for those in Avistan to get their hands on these Hongali weapons, a small warband of beast-riding orcs from the Hold of Belkzen managed to arm themselves with Hongali hornbows and cut a bloody swathe through adventurers and neighboring militaries alike for several years before they were finally defeated via a desperate ambush. The stories of that warband spread, causing Avistani adventurers with little knowledge of Tian Xia to associate the bows with orcs. Hongali characters have access to the Hongali hornbow.</p>"
        },
        "group": "bow",
        "hardness": 0,
        "hp": {
            "max": 0,
            "value": 0
        },
        "level": {
            "value": 0
        },
        "material": {
            "grade": null,
            "type": null
        },
        "price": {
            "value": {
                "gp": 11
            }
        },
        "publication": {
            "license": "OGL",
            "remaster": false,
            "title": "Pathfinder Lost Omens The Grand Bazaar"
        },
        "quantity": 1,
        "range": 40,
        "reload": {
            "value": "0"
        },
        "rules": [],
        "runes": {
            "potency": 0,
            "property": [],
            "striking": 0
        },
        "size": "med",
        "splashDamage": {
            "value": 0
        },
        "traits": {
            "rarity": "uncommon",
            "value": [
                "deadly-d6",
                "propulsive"
            ]
        },
        "usage": {
            "value": "held-in-one-plus-hands"
        }
    },
    "type": "weapon"
}
