{
    "_id": "RZkttcpkv4qLs1Lk",
    "img": "systems/pf2e/icons/equipment/weapons/specific-magic-weapons/hundred-moth-caress.webp",
    "name": "Hundred-Moth Caress",
    "system": {
        "baseItem": "scythe",
        "bonus": {
            "value": 0
        },
        "bonusDamage": {
            "value": 0
        },
        "bulk": {
            "value": 2
        },
        "category": "martial",
        "containerId": null,
        "damage": {
            "damageType": "slashing",
            "dice": 1,
            "die": "d10"
        },
        "description": {
            "value": "<p>The handles of this <em>+1 striking scythe</em> are made from a dull, gray wood of bone-like consistency, and when you slice with it, a fluttering gust of hundreds of moths' wingbeats fills the air. If you're a devotee of Urgathoa, you can use this scythe as a divine focus, and with every Strike, it exudes a pallid cloud of powdery dust.</p>\n<hr />\n<p><strong>Activate</strong> <span class=\"action-glyph\">f</span> command (divine, necromancy, void)</p>\n<p><strong>Frequency</strong> once per round</p>\n<hr />\n<p><strong>Effect</strong> You deal @Damage[1d10[void]] damage to yourself. If your next action is to Strike with the scythe or to Cast a Spell with the disease or void trait, that Strike or spell deals additional void damage equal to the damage you took (after any reductions or increases from immunity, resistances, weaknesses).</p>"
        },
        "group": "polearm",
        "hardness": 0,
        "hp": {
            "max": 0,
            "value": 0
        },
        "level": {
            "value": 8
        },
        "material": {
            "grade": null,
            "type": null
        },
        "price": {
            "value": {
                "gp": 475
            }
        },
        "publication": {
            "license": "OGL",
            "remaster": false,
            "title": "Pathfinder Secrets of Magic"
        },
        "quantity": 1,
        "range": null,
        "reload": {
            "value": ""
        },
        "rules": [],
        "runes": {
            "potency": 1,
            "property": [],
            "striking": 1
        },
        "size": "med",
        "specific": {
            "material": {
                "grade": null,
                "type": null
            },
            "runes": {
                "potency": 1,
                "property": [],
                "striking": 1
            }
        },
        "splashDamage": {
            "value": 0
        },
        "traits": {
            "rarity": "common",
            "value": [
                "deadly-d10",
                "divine",
                "trip",
                "void"
            ]
        },
        "usage": {
            "value": "held-in-two-hands"
        }
    },
    "type": "weapon"
}
