{
    "_id": "4DnjM0PNivT2dlf9",
    "img": "systems/pf2e/icons/equipment/weapons/specific-magic-weapons/hunters-bow.webp",
    "name": "Hunter's Anthem",
    "system": {
        "baseItem": "longbow",
        "bonus": {
            "value": 0
        },
        "bonusDamage": {
            "value": 0
        },
        "bulk": {
            "value": 2
        },
        "category": "martial",
        "containerId": null,
        "damage": {
            "damageType": "piercing",
            "dice": 1,
            "die": "d8"
        },
        "description": {
            "value": "<p>This <em>+2 striking longbow</em> is carefully handcrafted from a length of flexible green-tinted wood, etched in a variety of runic symbols, and strung with a dawnsilver bowstring. When you shoot the bow in rapid succession, the echoing chords generated by the bowstring form a haunting dirge that evokes the inevitable end of all things. If you have the @UUID[Compendium.pf2e.classfeatures.Item.Hunt Prey] class feature, the weapon gains the <em>@UUID[Compendium.pf2e.equipment-srd.Item.Thundering]</em> rune on Strikes against your prey.</p>\n<hr />\n<p><strong>Activate—Song of the Bow</strong> <span class=\"action-glyph\">2</span> (concentration)</p>\n<p><strong>Frequency</strong> once per day</p>\n<p><strong>Effect</strong> You shoot an arrow thrumming with the song of the bow. Make a Strike with the bow that deals damage as normal. As long as the Strike isn't a critical failure, the arrow explodes in a @Template[emanation|distance:20] around your target, dealing @Damage[5d10[sonic]] damage to creatures in the area, including the target, with a @Check[fortitude|dc:28|basic]. Any creature that critically fails is @UUID[Compendium.pf2e.conditionitems.Item.Deafened] for 1 minute. If any creature in the area is @UUID[Compendium.pf2e.conditionitems.Item.Undetected] or @UUID[Compendium.pf2e.conditionitems.Item.Unnoticed] by you, you learn its location, making it @UUID[Compendium.pf2e.conditionitems.Item.Hidden] to you instead.</p>"
        },
        "group": "bow",
        "hardness": 0,
        "hp": {
            "max": 0,
            "value": 0
        },
        "level": {
            "value": 11
        },
        "material": {
            "grade": null,
            "type": null
        },
        "price": {
            "value": {
                "gp": 1300
            }
        },
        "publication": {
            "license": "ORC",
            "remaster": true,
            "title": "Pathfinder GM Core"
        },
        "quantity": 1,
        "range": 100,
        "reload": {
            "value": "0"
        },
        "rules": [
            {
                "definition": [
                    "item:id:{item|_id}"
                ],
                "key": "AdjustStrike",
                "mode": "add",
                "predicate": [
                    "feature:hunt-prey",
                    "hunted-prey"
                ],
                "property": "property-runes",
                "value": "thundering"
            }
        ],
        "runes": {
            "potency": 2,
            "property": [],
            "striking": 1
        },
        "size": "med",
        "specific": {
            "material": {
                "grade": null,
                "type": null
            },
            "runes": {
                "potency": 2,
                "property": [],
                "striking": 1
            }
        },
        "splashDamage": {
            "value": 0
        },
        "traits": {
            "rarity": "common",
            "value": [
                "deadly-d10",
                "volley-30"
            ]
        },
        "usage": {
            "value": "held-in-one-plus-hands"
        }
    },
    "type": "weapon"
}
