{
    "_id": "RapaDb10oJZOjujo",
    "img": "systems/pf2e/icons/equipment/weapons/specific-magic-weapons/hunters-bow.webp",
    "name": "Hunter's Bow",
    "system": {
        "baseItem": "shortbow",
        "bonus": {
            "value": 0
        },
        "bonusDamage": {
            "value": 0
        },
        "bulk": {
            "value": 1
        },
        "category": "martial",
        "containerId": null,
        "damage": {
            "damageType": "piercing",
            "dice": 1,
            "die": "d6"
        },
        "description": {
            "value": "<p>Stealthy hunters and rogues can use this +1 magic shortbow to attack from hiding. If you use this bow to Strike a target that can't see you and you get a critical hit, the target takes an extra 1d6 piercing damage (this is in addition to sneak attack damage if you're a rogue).</p>"
        },
        "group": "bow",
        "hardness": 0,
        "hp": {
            "max": 0,
            "value": 0
        },
        "level": {
            "value": 3
        },
        "material": {
            "grade": null,
            "type": null
        },
        "price": {
            "value": {
                "gp": 60
            }
        },
        "publication": {
            "license": "OGL",
            "remaster": false,
            "title": "Pathfinder Beginner Box"
        },
        "quantity": 1,
        "range": 60,
        "reload": {
            "value": "0"
        },
        "rules": [
            {
                "critical": true,
                "damageType": "piercing",
                "diceNumber": 1,
                "dieSize": "d6",
                "key": "DamageDice",
                "predicate": [
                    {
                        "or": [
                            "self:hidden",
                            "self:undetected",
                            "self:unnoticed",
                            "target:condition:blinded"
                        ]
                    }
                ],
                "selector": "{item|_id}-damage"
            }
        ],
        "runes": {
            "potency": 1,
            "property": [],
            "striking": 0
        },
        "size": "med",
        "specific": {
            "material": {
                "grade": null,
                "type": null
            },
            "runes": {
                "potency": 1,
                "property": [],
                "striking": 0
            }
        },
        "splashDamage": {
            "value": 0
        },
        "traits": {
            "rarity": "common",
            "value": [
                "deadly-d10",
                "magical"
            ]
        },
        "usage": {
            "value": "held-in-one-plus-hands"
        }
    },
    "type": "weapon"
}
