{
    "_id": "NARrXbTyQ2X6hA7e",
    "img": "icons/magic/water/projectile-arrow-ice-gray-blue.webp",
    "name": "Icicle",
    "system": {
        "baseItem": "longspear",
        "bonus": {
            "value": 0
        },
        "bonusDamage": {
            "value": 0
        },
        "bulk": {
            "value": 2
        },
        "category": "simple",
        "containerId": null,
        "damage": {
            "damageType": "piercing",
            "dice": 1,
            "die": "d8"
        },
        "description": {
            "value": "<p>This <em>+2 greater striking greater frost longspear</em> appears to be a single continuous icicle stretching over 6 feet long. The icicle automatically extinguishes non-magical fires in a @Template[emanation|distance:20]. While wielding it, you gain fire resistance 5.</p><hr /><p><strong>Activate—Quench Flames</strong> <span class=\"action-glyph\">2</span> (concentrate, manipulate)</p>\n<p><strong>Effect</strong> You swing the icicle into the area of an ongoing magical fire, and the spear attempts to counteract the fire with a counteract modifier of [[/r 1d20+27 #Counteract]]{+27}. If it fails, it can't attempt to counteract the same fire again.</p><hr /><p><strong>Activate—Ice Spike</strong> <span class=\"action-glyph\">2</span> (concentrate, manipulate)</p>\n<p><strong>Frequency</strong> once per day</p>\n<p><strong>Effect</strong> The icicle grows rapidly, piercing creatures in a @Template[line|distance:30]. Each creature in the area takes @Damage[11d6[cold]|options:area-damage] damage with a @Check[reflex|dc:35|options:area-effect,damaging-effect]. A creature that fails its save also takes @Damage[3d6[persistent,bleed]] damage (double on a critical failure).</p>"
        },
        "group": "spear",
        "hardness": 0,
        "hp": {
            "max": 0,
            "value": 0
        },
        "level": {
            "value": 16
        },
        "material": {
            "grade": null,
            "type": null
        },
        "price": {
            "value": {
                "gp": 10000
            }
        },
        "publication": {
            "license": "ORC",
            "remaster": true,
            "title": "Pathfinder GM Core"
        },
        "quantity": 1,
        "range": null,
        "reload": {
            "value": null
        },
        "rules": [
            {
                "key": "Resistance",
                "type": "fire",
                "value": 5
            }
        ],
        "runes": {
            "potency": 2,
            "property": [
                "frost"
            ],
            "striking": 2
        },
        "size": "med",
        "specific": {
            "material": {
                "grade": null,
                "type": null
            },
            "runes": {
                "potency": 2,
                "property": [
                    "frost"
                ],
                "striking": 2
            }
        },
        "splashDamage": {
            "value": 0
        },
        "traits": {
            "rarity": "common",
            "value": [
                "cold",
                "reach"
            ]
        },
        "usage": {
            "value": "held-in-two-hands"
        }
    },
    "type": "weapon"
}
