{
    "_id": "A3uCOubAKyCSRPRv",
    "img": "systems/pf2e/icons/equipment/alchemical-items/alchemical-bombs/acid-flask.webp",
    "name": "Inflammation Flask (Moderate)",
    "system": {
        "baseItem": "alchemical-bomb",
        "bonus": {
            "value": 1
        },
        "bonusDamage": {
            "value": 0
        },
        "bulk": {
            "value": 0.1
        },
        "category": "martial",
        "containerId": null,
        "damage": {
            "damageType": "acid",
            "dice": 2,
            "die": "d6"
        },
        "description": {
            "value": "<p><strong>Activate</strong> <span class=\"action-glyph\">A</span> Strike</p><hr /><p>This flask contains a caustic irritant that makes a target's skin, scales, or carapace extremely sensitive to further nicks and burns. An inflammation flask deals the 2d6 acid damage and 2 acid splash damage. On a hit, the target also gains weakness 2 to acid, fire, and slashing damage for 3 rounds. You gain a +1 item bonus to attack rolls.</p>\n<p>The target can end the weakness effect by three means: being drenched with water (such as submersion or exposure to an area water effect), being Administered First Aid (DC 20), or regaining Hit Points from a single effect equal to twice the inflammation flask's level. A creature that critically fails to Administer First Aid in this way deals untyped damage to the target equal to the inflammation flask's initial acid damage.</p><hr /><p>@UUID[Compendium.pf2e.equipment-effects.Item.Effect: Inflammation Flask]</p>"
        },
        "group": "bomb",
        "hardness": 0,
        "hp": {
            "max": 0,
            "value": 0
        },
        "level": {
            "value": 4
        },
        "material": {
            "grade": null,
            "type": null
        },
        "price": {
            "value": {
                "gp": 15
            }
        },
        "publication": {
            "license": "ORC",
            "remaster": true,
            "title": "Pathfinder #203: Shepherd of Decay"
        },
        "quantity": 1,
        "range": 20,
        "reload": {
            "value": "-"
        },
        "rules": [],
        "runes": {
            "potency": 0,
            "property": [],
            "striking": 0
        },
        "size": "med",
        "splashDamage": {
            "value": 2
        },
        "staff": null,
        "traits": {
            "rarity": "uncommon",
            "value": [
                "acid",
                "alchemical",
                "bomb",
                "consumable",
                "disease",
                "splash"
            ]
        },
        "usage": {
            "canBeAmmo": false,
            "value": "held-in-one-hand"
        }
    },
    "type": "weapon"
}
