{
    "_id": "RhfhVSfiH23v4U7k",
    "img": "systems/pf2e/icons/equipment/weapons/juggling-club.webp",
    "name": "Juggling Club",
    "system": {
        "baseItem": "juggling-club",
        "bonus": {
            "value": 0
        },
        "bonusDamage": {
            "value": 0
        },
        "bulk": {
            "value": 0.1
        },
        "category": "simple",
        "containerId": null,
        "damage": {
            "damageType": "bludgeoning",
            "dice": 1,
            "die": "d4"
        },
        "description": {
            "value": "<p>A juggling club is lighter than a typical club and balanced to be easily caught and thrown again by a juggler. While a juggling club deals less damage, the extra throwing distance its light weight allows is important for juggling.</p>"
        },
        "group": "club",
        "hardness": 0,
        "hp": {
            "max": 0,
            "value": 0
        },
        "level": {
            "value": 0
        },
        "material": {
            "grade": null,
            "type": null
        },
        "price": {
            "value": {
                "sp": 1
            }
        },
        "publication": {
            "license": "OGL",
            "remaster": false,
            "title": "Pathfinder #151: The Show Must Go On"
        },
        "quantity": 1,
        "range": null,
        "reload": {
            "value": "-"
        },
        "rules": [],
        "runes": {
            "potency": 0,
            "property": [],
            "striking": 0
        },
        "size": "med",
        "splashDamage": {
            "value": ""
        },
        "traits": {
            "rarity": "uncommon",
            "value": [
                "agile",
                "nonlethal",
                "thrown-20"
            ]
        },
        "usage": {
            "value": "held-in-one-hand"
        }
    },
    "type": "weapon"
}
