{
    "_id": "1MuIK1TnzdKuqZJO",
    "img": "icons/commodities/materials/pottery-jug.webp",
    "name": "Junk Bomb (Moderate)",
    "system": {
        "baseItem": "alchemical-bomb",
        "bonus": {
            "value": 1
        },
        "bonusDamage": {
            "value": 0
        },
        "bulk": {
            "value": 0.1
        },
        "category": "martial",
        "containerId": null,
        "damage": {
            "damageType": "slashing",
            "dice": 2,
            "die": "d8",
            "persistent": {
                "faces": null,
                "number": 2,
                "type": "bleed"
            }
        },
        "description": {
            "value": "<p><strong>Activate</strong> <span class=\"action-glyph\">1</span> Strike</p><hr /><p>This volatile-looking bomb is cobbled together from jagged metal scrap, broken glass, and other bits of razor-sharp fragments, lashed around a core of explosive alchemical slag. A junk bomb deals @Damage[2d8[slashing]] damage, @Damage[2[bleed]] damage, and @Damage[(2[splash])[slashing]]{2 slashing splash damage}.</p>\n<p>You gain a +1 item bonus to attack rolls.</p>"
        },
        "group": "bomb",
        "hardness": 0,
        "hp": {
            "max": 0,
            "value": 0
        },
        "level": {
            "value": 3
        },
        "material": {
            "grade": null,
            "type": null
        },
        "price": {
            "value": {
                "gp": 12
            }
        },
        "publication": {
            "license": "OGL",
            "remaster": false,
            "title": "Pathfinder Special: Fumbus!"
        },
        "quantity": 1,
        "range": 20,
        "reload": {
            "value": "-"
        },
        "rules": [],
        "runes": {
            "potency": 0,
            "property": [],
            "striking": 0
        },
        "size": "med",
        "splashDamage": {
            "value": 2
        },
        "traits": {
            "rarity": "uncommon",
            "value": [
                "alchemical",
                "bomb",
                "consumable",
                "splash"
            ]
        },
        "usage": {
            "canBeAmmo": false,
            "value": "held-in-one-hand"
        }
    },
    "type": "weapon"
}
