{
    "_id": "TgP5Rwzrampv1sDU",
    "img": "systems/pf2e/icons/equipment/weapons/greatclub.webp",
    "name": "Kinetic Club",
    "system": {
        "baseItem": "greatclub",
        "bonus": {
            "value": 0
        },
        "bonusDamage": {
            "value": 0
        },
        "bulk": {
            "value": 2
        },
        "category": "martial",
        "containerId": null,
        "damage": {
            "damageType": "bludgeoning",
            "dice": 1,
            "die": "d10"
        },
        "description": {
            "value": "<p>Embedded along the length of this <em>+1 striking greatclub</em> are the teeth and scales of a zetogeki, a giant lizard that can absorb and then release bursts of kinetic energy. The more momentum a wielder builds up while swinging the weapon, the more forceful the impact when it finally makes contact.</p>\n<p><strong>Activate—Store Kinetic Energy</strong> <span class=\"action-glyph\">f</span> (concentrate)</p>\n<p><strong>Frequency</strong> once per hour</p>\n<p><strong>Trigger</strong> You add a circumstance bonus to your attack with the <em>kinetic club's</em> backswing trait and successfully Strike your target</p><hr /><p><strong>Effect</strong> You channel the club's stored energy into the Strike, dealing 1d6 additional damage. If the club has a <em>greater striking</em> rune, increase the additional damage to 2d6. If the club has a <em>major striking</em> rune, increase the additional damage to 3d6.</p>"
        },
        "group": "club",
        "hardness": 0,
        "hp": {
            "max": 0,
            "value": 0
        },
        "level": {
            "value": 7
        },
        "material": {
            "grade": null,
            "type": null
        },
        "price": {
            "value": {
                "gp": 325
            }
        },
        "publication": {
            "license": "ORC",
            "remaster": true,
            "title": "Pathfinder #208: Hoof, Cinder, and Storm"
        },
        "quantity": 1,
        "range": null,
        "reload": {
            "value": ""
        },
        "rules": [],
        "runes": {
            "potency": 1,
            "property": [],
            "striking": 1
        },
        "size": "med",
        "specific": {
            "material": {
                "grade": null,
                "type": null
            },
            "runes": {
                "potency": 1,
                "property": [],
                "striking": 1
            }
        },
        "splashDamage": {
            "value": 0
        },
        "traits": {
            "rarity": "uncommon",
            "value": [
                "backswing",
                "earth",
                "magical",
                "shove"
            ]
        },
        "usage": {
            "value": "held-in-two-hands"
        }
    },
    "type": "weapon"
}
