{
    "_id": "EmTK4nPOORXtb58X",
    "img": "systems/pf2e/icons/equipment/weapons/lance.webp",
    "name": "Knight Captain's Lance",
    "system": {
        "baseItem": "lance",
        "bonus": {
            "value": 0
        },
        "bonusDamage": {
            "value": 0
        },
        "bulk": {
            "value": 2
        },
        "category": "martial",
        "containerId": null,
        "damage": {
            "damageType": "piercing",
            "dice": 1,
            "die": "d8"
        },
        "description": {
            "value": "<p>The appearance of this beautifully crafted <em>+2 disrupting greater striking lance</em> changes to match the armor of its wielder. It has a cloth flag attached behind the lance point that displays whatever heraldry the wielder wishes.</p>\n<p>If a cavalier with the @UUID[Compendium.pf2e.feats-srd.Item.Cavalier's Banner] feat takes the <em>knight captain's lance</em>, it instead automatically displays the banner of their pledge.</p>\n<hr />\n<p><strong>Activate</strong> <span class=\"action-glyph\">R</span> Interact</p>\n<p><strong>Trigger</strong> Your attack roll with the knight captain's lance is a critical success</p>\n<hr />\n<p><strong>Effect</strong> You raise the lance, inspiring those around you. Allies within 30 feet that can see you receive a +1 status bonus to their attack rolls and damage rolls for 1 round.</p>"
        },
        "group": "spear",
        "hardness": 0,
        "hp": {
            "max": 0,
            "value": 0
        },
        "level": {
            "value": 13
        },
        "material": {
            "grade": null,
            "type": null
        },
        "price": {
            "value": {
                "gp": 3000
            }
        },
        "publication": {
            "license": "OGL",
            "remaster": false,
            "title": "Pathfinder Lost Omens Knights of Lastwall"
        },
        "quantity": 1,
        "range": null,
        "reload": {
            "value": ""
        },
        "rules": [],
        "runes": {
            "potency": 2,
            "property": [
                "disrupting"
            ],
            "striking": 2
        },
        "size": "med",
        "specific": {
            "material": {
                "base": [
                    {
                        "thickness": "thin",
                        "type": "steel"
                    }
                ],
                "grade": null,
                "type": null
            },
            "runes": {
                "potency": 2,
                "property": [
                    "disrupting"
                ],
                "striking": 2
            }
        },
        "splashDamage": {
            "value": 0
        },
        "traits": {
            "rarity": "uncommon",
            "value": [
                "deadly-d8",
                "divine",
                "jousting-d6",
                "reach"
            ]
        },
        "usage": {
            "value": "held-in-two-hands"
        }
    },
    "type": "weapon"
}
