{
    "_id": "D6E4VaKVG05G26Rm",
    "img": "systems/pf2e/icons/equipment/weapons/kama.webp",
    "name": "Kusarigama",
    "system": {
        "baseItem": "kusarigama",
        "bonus": {
            "value": 0
        },
        "bonusDamage": {
            "value": 0
        },
        "bulk": {
            "value": 1
        },
        "category": "martial",
        "containerId": null,
        "damage": {
            "damageType": "slashing",
            "dice": 1,
            "die": "d8"
        },
        "description": {
            "value": "<p>This impressive weapon consists of a weight attached to a kama via a length of chain, which aids with disarming an opponent or attacking from a distance.</p>"
        },
        "group": "knife",
        "hardness": 0,
        "hp": {
            "max": 0,
            "value": 0
        },
        "level": {
            "value": 0
        },
        "material": {
            "grade": null,
            "type": null
        },
        "price": {
            "value": {
                "gp": 2
            }
        },
        "publication": {
            "license": "OGL",
            "remaster": false,
            "title": "Pathfinder #166: Despair on Danger Island"
        },
        "quantity": 1,
        "range": null,
        "reload": {
            "value": ""
        },
        "rules": [],
        "runes": {
            "potency": 0,
            "property": [],
            "striking": 0
        },
        "size": "med",
        "splashDamage": {
            "value": 0
        },
        "traits": {
            "rarity": "uncommon",
            "value": [
                "disarm",
                "monk",
                "reach",
                "trip",
                "versatile-b"
            ]
        },
        "usage": {
            "value": "held-in-two-hands"
        }
    },
    "type": "weapon"
}
