{
    "_id": "C7ca35oypTp2xJbj",
    "img": "systems/pf2e/icons/equipment/weapons/dagger.webp",
    "name": "Lady's Knife",
    "system": {
        "baseItem": "dagger",
        "bonus": {
            "value": 0
        },
        "bonusDamage": {
            "value": 0
        },
        "bulk": {
            "value": 0.1
        },
        "category": "simple",
        "containerId": null,
        "damage": {
            "damageType": "piercing",
            "dice": 1,
            "die": "d4"
        },
        "description": {
            "value": "<p>This <em>+1 striking returning dagger</em> has an elaborate, gemmed handle and can be worn strapped to the inside of a wrist or tucked within a decorative bodice. Despite the name, which stems from the dagger's historical basis in Oppara as a lady's favor, this dagger is common among wielders of all genders and has become quite fashionable in Absalom of late, with most nobles who carry them matching their evening finery to the gems on the hilt.</p>\n<hr />\n<p><strong>Activate</strong> <span class=\"action-glyph\">2</span> command, Interact</p>\n<p><strong>Frequency</strong> once per day</p>\n<hr />\n<p><strong>Effect</strong> You offer this weapon as a romantic or platonic favor to an ally. You and the ally become linked for 1 day. During this time, you each benefit from the effects of @UUID[Compendium.pf2e.spells-srd.Item.Status], using each other as the targets.</p>\n<hr />\n<p><strong>Activate</strong> <span class=\"action-glyph\">1</span> envision</p>\n<p><strong>Frequency</strong> once per day</p>\n<p><strong>Requirements</strong> You have become linked with an ally by offering them the <em>lady's knife</em></p>\n<hr />\n<p><strong>Effect</strong> You call forth the blade. The <em>lady's knife</em> instantly teleports to your hand. The attempt to recall the knife fails if you are more than 1 mile away from the knife's current location. Your linked ally can use the same Activation to recall the knife once per day as well.</p>"
        },
        "group": "knife",
        "hardness": 0,
        "hp": {
            "max": 0,
            "value": 0
        },
        "level": {
            "value": 6
        },
        "material": {
            "grade": null,
            "type": null
        },
        "price": {
            "value": {
                "gp": 200
            }
        },
        "publication": {
            "license": "OGL",
            "remaster": false,
            "title": "Pathfinder Lost Omens The Grand Bazaar"
        },
        "quantity": 1,
        "range": null,
        "reload": {
            "value": "-"
        },
        "rules": [],
        "runes": {
            "potency": 1,
            "property": [
                "returning"
            ],
            "striking": 1
        },
        "size": "med",
        "specific": {
            "material": {
                "grade": null,
                "type": null
            },
            "runes": {
                "potency": 1,
                "property": [
                    "returning"
                ],
                "striking": 1
            }
        },
        "splashDamage": {
            "value": 0
        },
        "traits": {
            "rarity": "uncommon",
            "value": [
                "agile",
                "finesse",
                "magical",
                "thrown-10",
                "versatile-s"
            ]
        },
        "usage": {
            "value": "held-in-one-hand"
        }
    },
    "type": "weapon"
}
