{
    "_id": "174fUKNwSgbKwroU",
    "img": "systems/pf2e/icons/equipment/weapons/specific-magic-weapons/ladys-spiral.webp",
    "name": "Lady's Spiral",
    "system": {
        "baseItem": "whip",
        "bonus": {
            "value": 0
        },
        "bonusDamage": {
            "value": 0
        },
        "bulk": {
            "value": 1
        },
        "category": "martial",
        "containerId": null,
        "damage": {
            "damageType": "slashing",
            "dice": 1,
            "die": "d4"
        },
        "description": {
            "value": "<p>This <em>+1 @UUID[Compendium.pf2e.equipment-srd.Item.Vitalizing] striking whip</em> has a single strip of anointed leather wrapped around its hilt in a spiral pattern. The handle of the whip ends in an oak spike that has been sanctified with ashes from Pharasma's Boneyard. If the spike is used to stake a vampire that's vulnerable to being staked, the vampire is immediately destroyed, without having to sever its head and anoint it with holy water. If the whip is buried with a creature, that creature can't rise as an undead as long as the whip remains by its side.</p>"
        },
        "group": "flail",
        "hardness": 0,
        "hp": {
            "max": 0,
            "value": 0
        },
        "level": {
            "value": 7
        },
        "material": {
            "grade": null,
            "type": null
        },
        "price": {
            "value": {
                "gp": 360
            }
        },
        "publication": {
            "license": "OGL",
            "remaster": false,
            "title": "Pathfinder Book of the Dead"
        },
        "quantity": 1,
        "range": null,
        "reload": {
            "value": ""
        },
        "rules": [],
        "runes": {
            "potency": 1,
            "property": [
                "disrupting"
            ],
            "striking": 1
        },
        "size": "med",
        "specific": {
            "material": {
                "grade": null,
                "type": null
            },
            "runes": {
                "potency": 1,
                "property": [
                    "disrupting"
                ],
                "striking": 1
            }
        },
        "splashDamage": {
            "value": 0
        },
        "traits": {
            "rarity": "uncommon",
            "value": [
                "disarm",
                "finesse",
                "nonlethal",
                "reach",
                "trip"
            ]
        },
        "usage": {
            "value": "held-in-one-hand"
        }
    },
    "type": "weapon"
}
