{
    "_id": "cSGWhw4Wn6Z98tVK",
    "img": "icons/weapons/staves/staff-spiked.webp",
    "name": "Lancer",
    "system": {
        "baseItem": "lancer",
        "bonus": {
            "value": 0
        },
        "bonusDamage": {
            "value": 0
        },
        "bulk": {
            "value": 2
        },
        "category": "martial",
        "containerId": null,
        "damage": {
            "damageType": "piercing",
            "dice": 1,
            "die": "d8"
        },
        "description": {
            "value": "<p>This lance has a heavy grip with two parallel crossbow fixtures built into it, making it a useful weapon for combats who prefer to keep their distance at all times.</p>"
        },
        "group": "crossbow",
        "hardness": 0,
        "hp": {
            "max": 0,
            "value": 0
        },
        "level": {
            "value": 0
        },
        "material": {
            "grade": null,
            "type": null
        },
        "meleeUsage": {
            "damage": {
                "die": "d6",
                "type": "piercing"
            },
            "group": "spear",
            "traits": [
                "critical-fusion",
                "reach"
            ]
        },
        "price": {
            "value": {
                "gp": 8
            }
        },
        "publication": {
            "license": "OGL",
            "remaster": false,
            "title": "Pathfinder Treasure Vault"
        },
        "quantity": 1,
        "range": 60,
        "reload": {
            "value": "2"
        },
        "rules": [],
        "runes": {
            "potency": 0,
            "property": [],
            "striking": 0
        },
        "size": "med",
        "splashDamage": {
            "value": 0
        },
        "traits": {
            "rarity": "common",
            "value": [
                "combination"
            ]
        },
        "usage": {
            "value": "held-in-two-hands"
        }
    },
    "type": "weapon"
}
