{
    "_id": "QFvB2qgpWdeEa4fT",
    "img": "icons/weapons/staves/staff-simple.webp",
    "name": "Librarian Staff (Greater)",
    "system": {
        "baseItem": "staff",
        "bonus": {
            "value": 0
        },
        "bonusDamage": {
            "value": 0
        },
        "bulk": {
            "value": 1
        },
        "category": "simple",
        "containerId": null,
        "damage": {
            "damageType": "bludgeoning",
            "dice": 1,
            "die": "d4"
        },
        "description": {
            "value": "<p>A <em>librarian staff</em> is a slender pole composed of thousands of coiled and compressed book pages swirling into one another, with a mishmash of letters tumbling across its surface. The sound of rustling pages can be heard when the staff moves.</p>\n<hr />\n<p><strong>Activate</strong> <span class=\"action-glyph\">3</span> command, envision, Interact</p>\n<hr />\n<p><strong>Effect</strong> You store one portable text of 1 Bulk or less—typically a book or scroll—in an extradimensional space in the staff. You can also use this activation to retrieve one text stored in the staff. The staff can store up to 100 texts.</p>\n<hr />\n<p><strong>Activate</strong> Cast a Spell</p>\n<hr />\n<p><strong>Effect</strong> You expend a number of charges from the staff to cast a spell from its list.</p>\n<ul>\n<li><strong>Cantrip</strong> @UUID[Compendium.pf2e.spells-srd.Item.Approximate], @UUID[Compendium.pf2e.spells-srd.Item.Read Aura]</li>\n<li><strong>1st</strong> @UUID[Compendium.pf2e.spells-srd.Item.Pocket Library], @UUID[Compendium.pf2e.spells-srd.Item.Quick Sort], @UUID[Compendium.pf2e.spells-srd.Item.Share Lore]</li>\n<li><strong>2nd</strong> @UUID[Compendium.pf2e.spells-srd.Item.Translate], @UUID[Compendium.pf2e.spells-srd.Item.Timely Tutor]</li>\n<li><strong>3rd</strong> @UUID[Compendium.pf2e.spells-srd.Item.Translate], @UUID[Compendium.pf2e.spells-srd.Item.Pocket Library], @UUID[Compendium.pf2e.spells-srd.Item.Quick Sort], @UUID[Compendium.pf2e.spells-srd.Item.Share Lore]</li>\n<li><strong>4th</strong> @UUID[Compendium.pf2e.spells-srd.Item.Translate]</li>\n<li><strong>5th</strong> @UUID[Compendium.pf2e.spells-srd.Item.Quick Sort], @UUID[Compendium.pf2e.spells-srd.Item.Share Lore]</li>\n</ul>\n<hr />\n<p><strong>Craft Requirements</strong> Supply one casting of all listed levels of all listed spells.</p>"
        },
        "group": "club",
        "hardness": 0,
        "hp": {
            "max": 0,
            "value": 0
        },
        "level": {
            "value": 12
        },
        "material": {
            "grade": null,
            "type": null
        },
        "price": {
            "value": {
                "gp": 1750
            }
        },
        "publication": {
            "license": "OGL",
            "remaster": false,
            "title": "Pathfinder Treasure Vault"
        },
        "quantity": 1,
        "range": null,
        "reload": {
            "value": ""
        },
        "rules": [],
        "runes": {
            "potency": 0,
            "property": [],
            "striking": 0
        },
        "size": "med",
        "splashDamage": {
            "value": 0
        },
        "traits": {
            "rarity": "common",
            "value": [
                "extradimensional",
                "magical",
                "staff",
                "two-hand-d8"
            ]
        },
        "usage": {
            "value": "held-in-one-hand"
        }
    },
    "type": "weapon"
}
