{
    "_id": "APJ0NWJ4DYUXNpNm",
    "img": "icons/commodities/gems/pearl-swirl-teal.webp",
    "name": "Lodestone Bomb (Greater)",
    "system": {
        "baseItem": "alchemical-bomb",
        "bonus": {
            "value": 3
        },
        "bonusDamage": {
            "value": 0
        },
        "bulk": {
            "value": 0.1
        },
        "category": "martial",
        "containerId": null,
        "damage": {
            "damageType": "force",
            "dice": 4,
            "die": "d4"
        },
        "description": {
            "value": "<p><strong>Activate</strong> <span class=\"action-glyph\">1</span> Strike</p>\n<hr />\n<p>Lodestone bombs hold reactive ionized minerals preserved in a dormant state until broken. The bomb grants a +3 item bonus to attack rolls and deals 4d4 force damage and 3 force splash damage. In addition, a target made of metal, wearing metal armor, or using metal weapons takes @Damage[3d4[persistent,force]] and is @UUID[Compendium.pf2e.conditionitems.Item.Clumsy]{Clumsy 1} and @UUID[Compendium.pf2e.conditionitems.Item.Enfeebled]{Enfeebled 1} while taking the persistent damage. The persistent damage can last up to 1 minute.</p>"
        },
        "group": "bomb",
        "hardness": 0,
        "hp": {
            "max": 0,
            "value": 0
        },
        "level": {
            "value": 18
        },
        "material": {
            "grade": null,
            "type": null
        },
        "price": {
            "value": {
                "gp": 4500
            }
        },
        "publication": {
            "license": "OGL",
            "remaster": false,
            "title": "Pathfinder Treasure Vault"
        },
        "quantity": 1,
        "range": 20,
        "reload": {
            "value": "-"
        },
        "rules": [],
        "runes": {
            "potency": 0,
            "property": [],
            "striking": 0
        },
        "size": "med",
        "splashDamage": {
            "value": 3
        },
        "traits": {
            "rarity": "common",
            "value": [
                "alchemical",
                "bomb",
                "consumable",
                "force",
                "splash"
            ]
        },
        "usage": {
            "value": "held-in-one-hand"
        }
    },
    "type": "weapon"
}
